desc_id,issue_desc,issue_category
1,khách hàng phản ánh rơi bồn rửa máy chập chờn,NUOC_VAO
2,khách hàng phản ánh máy bị đổ nước ngọt vào không sạc được xảy ra sau khi rơi,NUOC_VAO
3,tình trạng: camera mở lên bị đen màn đã thử khởi động lại không được,PHAN_MEM
4,khách báo không nhận sim xảy ra sau khi rơi,KHAC
5,khach hang phan anh may tu tat khi con 30% pin da thu khoi dong lai khong duoc,PIN
6,kh nói màn hình xuất hiện vệt mực loang đã thử khởi động lại không được,MAN_HINH
7,TÌNH TRẠNG: CHÂN SẠC LỎNG PHẢI GIỮ MỚI SẠC ĐƯỢC ĐÃ THỬ KHỞI ĐỘNG LẠI KHÔNG ĐƯỢC,SAC
8,cam ung cho duoc cho khong bi tu tuan truoc,MAN_HINH
9,kh nói điện thoại dính nước mưa loa bị rè bị từ tuần trước,NUOC_VAO
10,tình trạng: cảm ứng chỗ được chỗ không đã thử khởi động lại không được,MAN_HINH
11,chan sac long phai giu moi sac duoc bi tu tuan truoc,SAC
12,may bi máy phồng pin cấn màn hình bị từ tuần trước,PIN
13,may bi may tu tat khi con 30% pin bi tu tuan truoc,PIN
14,kh nói màn hình xuất hiện vệt mực loang bị từ tuần trước,MAN_HINH
15,khách báo máy rơi vào nước không lên nguồn đã thử khởi động lại không được,NUOC_VAO
16,tình trạng: màn hình bị sọc dọc khách chưa từng sửa ở đâu,MAN_HINH
17,tình trạng: rơi bồn rửa máy chập chờn máy còn bảo hành,NUOC_VAO
18,ứng dụng tự thoát liên tục mới bị 2 ngày nay,PHAN_MEM
19,may bi cắm sạc báo lỗi phụ kiện mới bị 2 ngày nay,SAC
20,tình trạng: không cài được ứng dụng báo lỗi xảy ra sau khi rơi,PHAN_MEM
21,cổng sạc bị gãy chân máy còn bảo hành,SAC
22,may bi cổng sạc bị gãy chân bị từ tuần trước,SAC
23,TÌNH TRẠNG: LOA NGOÀI RÈ KHÔNG NGHE RÕ MÁY CÒN BẢO HÀNH,KHAC
24,màn hình nứt sau khi rơi,MAN_HINH
25,MAY BI MÀN HÌNH BỊ ÁM VÀNG MỘT GÓC,MAN_HINH
26,tình trạng: sạc rất chậm mất cả đêm bị từ tuần trước,SAC
27,khach hang phan anh may vao nuoc man hinh loang o xay ra sau khi roi,NUOC_VAO
28,tình trạng: báo pin sai phần trăm nhảy loạn khách chưa từng sửa ở đâu,PIN
29,khách hàng phản ánh màn hình xuất hiện vệt mực loang bị từ tuần trước,MAN_HINH
30,khach hang phan anh sac day nhung dung 30 phut la sap nguon,PIN
31,tình trạng: điểm chết trên màn hình xảy ra sau khi rơi,MAN_HINH
32,tình trạng: nút nguồn bị kẹt xảy ra sau khi rơi,KHAC
33,khach hang phan anh loa ngoai re khong nghe ro khach chua tung sua o dau,KHAC
34,KHÁCH BÁO BÁO PIN SAI PHẦN TRĂM NHẢY LOẠN KHÁCH CHƯA TỪNG SỬA Ở ĐÂU,PIN
35,khách hàng phản ánh pin tụt rất nhanh dùng 2 tiếng đã hết đã thử khởi động lại không được,PIN
36,khach hang phan anh roi bon rua may chap chon xay ra sau khi roi,NUOC_VAO
37,kh nói không cài được ứng dụng báo lỗi bị từ tuần trước,PHAN_MEM
38,kh nói máy rơi vào nước không lên nguồn mới bị 2 ngày nay,NUOC_VAO
39,khách báo chân sạc lỏng phải giữ mới sạc được bị từ tuần trước,SAC
40,khách báo pin tụt rất nhanh dùng 2 tiếng đã hết mới bị 2 ngày nay,PIN
41,khách báo báo pin sai phần trăm nhảy loạn xảy ra sau khi rơi,PIN
42,khách hàng phản ánh máy vào nước màn hình loang ố xảy ra sau khi rơi,NUOC_VAO
43,khách báo máy phồng pin cấn màn hình,PIN
44,tình trạng: cắm sạc máy nóng bất thường máy còn bảo hành,SAC
45,nút nguồn bị kẹt máy còn bảo hành,KHAC
46,khách báo máy không giữ được pin qua đêm khách chưa từng sửa ở đâu,PIN
47,kh nói màn hình bị ám vàng một góc bị từ tuần trước,MAN_HINH
48,khách báo màn hình chớp tắt liên tục khách chưa từng sửa ở đâu,MAN_HINH
49,kh nói cảm ứng loạn không bấm được máy còn bảo hành,MAN_HINH
50,khách báo cắm sạc báo lỗi phụ kiện,SAC
51,tinh trang: may tu tat khi con 30% pin may con bao hanh,PIN
52,khách báo sạc rất chậm mất cả đêm máy còn bảo hành,SAC
53,tình trạng: màn hình bị sọc dọc xảy ra sau khi rơi,MAN_HINH
54,không nhận sim xảy ra sau khi rơi,KHAC
55,khách báo điểm chết trên màn hình bị từ tuần trước,MAN_HINH
56,khách hàng phản ánh màn hình bị hở sáng viền dưới,MAN_HINH
57,báo pin sai phần trăm nhảy loạn máy còn bảo hành,PIN
58,may bi may co tieng keu la ben trong,KHAC
59,KHÁCH HÀNG PHẢN ÁNH ĐIỂM CHẾT TRÊN MÀN HÌNH BỊ TỪ TUẦN TRƯỚC,MAN_HINH
60,rơi bồn rửa máy chập chờn,NUOC_VAO
61,khách báo chân sạc lỏng phải giữ mới sạc được máy còn bảo hành,SAC
62,chân sạc lỏng phải giữ mới sạc được xảy ra sau khi rơi,SAC
63,cảm ứng chỗ được chỗ không khách chưa từng sửa ở đâu,MAN_HINH
64,khách báo máy phồng pin cấn màn hình khách chưa từng sửa ở đâu,PIN
65,khách hàng phản ánh máy rơi vào nước không lên nguồn bị từ tuần trước,NUOC_VAO
66,màn hình bị ám vàng một góc đã thử khởi động lại không được,MAN_HINH
67,kh nói máy rung liên tục không dừng khách chưa từng sửa ở đâu,KHAC
68,khách báo sạc vào nhưng không nhận cáp mới bị 2 ngày nay,SAC
69,may bi wifi không kết nối được sau cập nhật bị từ tuần trước,PHAN_MEM
70,điểm chết trên màn hình khách chưa từng sửa ở đâu,MAN_HINH
71,màn hình xuất hiện vệt mực loang xảy ra sau khi rơi,MAN_HINH
72,cảm ứng chỗ được chỗ không đã thử khởi động lại không được,MAN_HINH
73,khách hàng phản ánh điểm chết trên màn hình xảy ra sau khi rơi,MAN_HINH
74,tình trạng: màn hình bị hở sáng viền dưới bị từ tuần trước,MAN_HINH
75,khach hang phan anh man hinh den khong len bi tu tuan truoc,MAN_HINH
76,khách hàng phản ánh cắm sạc máy nóng bất thường máy còn bảo hành,SAC
77,khách báo pin nóng bất thường khi dùng máy còn bảo hành,PIN
78,kh nói cảm ứng loạn không bấm được xảy ra sau khi rơi,MAN_HINH
79,khách hàng phản ánh màn hình bị hở sáng viền dưới mới bị 2 ngày nay,MAN_HINH
80,kh noi cam ung loan khong bam duoc may con bao hanh,MAN_HINH
81,kh nói báo pin sai phần trăm nhảy loạn đã thử khởi động lại không được,PIN
82,khách báo màn hình bị sọc dọc bị từ tuần trước,MAN_HINH
83,kh nói pin nóng bất thường khi dùng mới bị 2 ngày nay,PIN
84,tình trạng: pin nóng bất thường khi dùng máy còn bảo hành,PIN
85,kh nói máy rơi vào nước không lên nguồn xảy ra sau khi rơi,NUOC_VAO
86,MAY BI CAMERA SAU BI MO NHU CO SUONG KHACH CHUA TUNG SUA O DAU,KHAC
87,wifi không kết nối được sau cập nhật đã thử khởi động lại không được,PHAN_MEM
88,pin sut 20% chi sau vai phut xay ra sau khi roi,PIN
89,may bi máy có tiếng kêu lạ bên trong đã thử khởi động lại không được,KHAC
90,tình trạng: cắm sạc máy nóng bất thường xảy ra sau khi rơi,SAC
91,tình trạng: màn hình đen không lên bị từ tuần trước,MAN_HINH
92,tinh trang: may bi do nuoc ngot vao khong sac duoc da thu khoi dong lai khong duoc,NUOC_VAO
93,may bi máy phồng pin cấn màn hình bị từ tuần trước,PIN
94,MAY BI MÁY PHỒNG PIN CẤN MÀN HÌNH BỊ TỪ TUẦN TRƯỚC,PIN
95,khong cai duoc ung dung bao loi da thu khoi dong lai khong duoc,PHAN_MEM
96,máy chạy chậm giật lag sau khi cập nhật xảy ra sau khi rơi,PHAN_MEM
97,KHÁCH BÁO SẠC ĐẦY NHƯNG DÙNG 30 PHÚT LÀ SẬP NGUỒN MÁY CÒN BẢO HÀNH,PIN
98,khách hàng phản ánh dính nước biển máy nóng và tắt,NUOC_VAO
99,may bi camera sau bi mo nhu co suong bi tu tuan truoc,KHAC
100,TINH TRANG: MAN HINH DEN KHONG LEN MAY CON BAO HANH,MAN_HINH
101,kh nói màn hình xuất hiện vệt mực loang mới bị 2 ngày nay,MAN_HINH
102,may bi máy rung liên tục không dừng,KHAC
103,màn hình bị sọc dọc khách chưa từng sửa ở đâu,MAN_HINH
104,may bi báo pin sai phần trăm nhảy loạn bị từ tuần trước,PIN
105,may bi cảm ứng chỗ được chỗ không bị từ tuần trước,MAN_HINH
106,khach bao man hinh bi ho sang vien duoi,MAN_HINH
107,KHÁCH HÀNG PHẢN ÁNH MÀN HÌNH BỊ SỌC DỌC XẢY RA SAU KHI RƠI,MAN_HINH
108,may bi ung dung tu thoat lien tuc da thu khoi dong lai khong duoc,PHAN_MEM
109,kh nói pin nóng bất thường khi dùng bị từ tuần trước,PIN
110,kh noi sac day nhung dung 30 phut la sap nguon xay ra sau khi roi,PIN
111,kh nói màn hình đen không lên,MAN_HINH
112,tình trạng: máy không giữ được pin qua đêm bị từ tuần trước,PIN
113,kh nói wifi không kết nối được sau cập nhật mới bị 2 ngày nay,PHAN_MEM
114,tình trạng: wifi không kết nối được sau cập nhật mới bị 2 ngày nay,PHAN_MEM
115,pin tụt rất nhanh dùng 2 tiếng đã hết bị từ tuần trước,PIN
116,khach hang phan anh cam sac bao loi phu kien da thu khoi dong lai khong duoc,SAC
117,cắm sạc không vào điện xảy ra sau khi rơi,SAC
118,tình trạng: rơi bồn rửa máy chập chờn,NUOC_VAO
119,khach bao pin sut 20% chi sau vai phut da thu khoi dong lai khong duoc,PIN
120,khách hàng phản ánh điểm chết trên màn hình,MAN_HINH
121,tình trạng: máy treo logo không vào được hệ điều hành xảy ra sau khi rơi,PHAN_MEM
122,may bi máy rung liên tục không dừng bị từ tuần trước,KHAC
123,kh nói màn hình nứt sau khi rơi,MAN_HINH
124,MAY KHONG GIU DUOC PIN QUA DEM XAY RA SAU KHI ROI,PIN
125,kh nói chân sạc lỏng phải giữ mới sạc được xảy ra sau khi rơi,SAC
126,may bi màn hình bị sọc dọc bị từ tuần trước,MAN_HINH
127,khách hàng phản ánh máy chạy chậm giật lag sau khi cập nhật mới bị 2 ngày nay,PHAN_MEM
128,kh nói màn hình đen không lên,MAN_HINH
129,kh nói nút nguồn bị kẹt máy còn bảo hành,KHAC
130,tình trạng: cổng sạc bị gãy chân,SAC
131,may bi máy treo logo không vào được hệ điều hành xảy ra sau khi rơi,PHAN_MEM
132,tình trạng: báo pin sai phần trăm nhảy loạn khách chưa từng sửa ở đâu,PIN
133,kh nói máy phồng pin cấn màn hình,PIN
134,màn hình nứt sau khi rơi máy còn bảo hành,MAN_HINH
135,tình trạng: sạc rất chậm mất cả đêm máy còn bảo hành,SAC
136,khách hàng phản ánh báo pin sai phần trăm nhảy loạn mới bị 2 ngày nay,PIN
137,tình trạng: cảm ứng loạn không bấm được bị từ tuần trước,MAN_HINH
138,may bi wifi không kết nối được sau cập nhật đã thử khởi động lại không được,PHAN_MEM
139,KHÁCH HÀNG PHẢN ÁNH ĐIỂM CHẾT TRÊN MÀN HÌNH MÁY CÒN BẢO HÀNH,MAN_HINH
140,máy tự khởi động lại nhiều lần trong ngày xảy ra sau khi rơi,PHAN_MEM
141,KHÁCH HÀNG PHẢN ÁNH MÁY TỰ TẮT KHI CÒN 30% PIN MỚI BỊ 2 NGÀY NAY,PIN
142,khách hàng phản ánh cắm sạc máy nóng bất thường đã thử khởi động lại không được,SAC
143,MAY BI BÁO PIN SAI PHẦN TRĂM NHẢY LOẠN ĐÃ THỬ KHỞI ĐỘNG LẠI KHÔNG ĐƯỢC,PIN
144,KHÁCH BÁO MÀN HÌNH BỊ SỌC DỌC BỊ TỪ TUẦN TRƯỚC,MAN_HINH
145,dính nước biển máy nóng và tắt bị từ tuần trước,NUOC_VAO
146,may bi màn hình chớp tắt liên tục xảy ra sau khi rơi,MAN_HINH
147,khách hàng phản ánh màn hình xuất hiện vệt mực loang khách chưa từng sửa ở đâu,MAN_HINH
148,may bi cắm sạc báo lỗi phụ kiện xảy ra sau khi rơi,SAC
149,may bi máy bị đổ nước ngọt vào không sạc được,NUOC_VAO
150,kh nói sạc vào nhưng không nhận cáp máy còn bảo hành,SAC
151,khách báo máy tự khởi động lại nhiều lần trong ngày mới bị 2 ngày nay,PHAN_MEM
152,khách báo sạc vào nhưng không nhận cáp khách chưa từng sửa ở đâu,SAC
153,màn hình bị ám vàng một góc bị từ tuần trước,MAN_HINH
154,kh nói máy bị đổ nước ngọt vào không sạc được xảy ra sau khi rơi,NUOC_VAO
155,tình trạng: điểm chết trên màn hình máy còn bảo hành,MAN_HINH
156,khách hàng phản ánh màn hình đen không lên máy còn bảo hành,MAN_HINH
157,TÌNH TRẠNG: MÁY VÀO NƯỚC MÀN HÌNH LOANG Ố MÁY CÒN BẢO HÀNH,NUOC_VAO
158,kh nói chân sạc lỏng phải giữ mới sạc được,SAC
159,may bi sạc vào nhưng không nhận cáp,SAC
160,tình trạng: wifi không kết nối được sau cập nhật máy còn bảo hành,PHAN_MEM
161,khách hàng phản ánh máy không giữ được pin qua đêm bị từ tuần trước,PIN
162,kh nói pin chai chỉ còn dùng được nửa ngày xảy ra sau khi rơi,PIN
163,khach bao man hinh bi ho sang vien duoi may con bao hanh,MAN_HINH
164,khách báo dính nước biển máy nóng và tắt máy còn bảo hành,NUOC_VAO
165,kh nói sạc vào nhưng không nhận cáp đã thử khởi động lại không được,SAC
166,khong cai duoc ung dung bao loi khach chua tung sua o dau,PHAN_MEM
167,máy không giữ được pin qua đêm mới bị 2 ngày nay,PIN
168,kh nói màn hình bị ám vàng một góc bị từ tuần trước,MAN_HINH
169,máy tự tắt khi còn 30% pin máy còn bảo hành,PIN
170,khách hàng phản ánh quên mật khẩu không mở được máy,PHAN_MEM
171,may bi máy không giữ được pin qua đêm mới bị 2 ngày nay,PIN
172,may bi màn hình xuất hiện vệt mực loang máy còn bảo hành,MAN_HINH
173,khách báo sạc rất chậm mất cả đêm bị từ tuần trước,SAC
174,may bi pin nóng bất thường khi dùng khách chưa từng sửa ở đâu,PIN
175,khách báo rơi bồn rửa máy chập chờn mới bị 2 ngày nay,NUOC_VAO
176,CẮM SẠC MÁY NÓNG BẤT THƯỜNG MÁY CÒN BẢO HÀNH,SAC
177,kh nói cổng sạc bị gãy chân,SAC
178,khach bao may bi do nuoc ngot vao khong sac duoc,NUOC_VAO
179,nút nguồn bị kẹt bị từ tuần trước,KHAC
180,pin nóng bất thường khi dùng máy còn bảo hành,PIN
181,tình trạng: pin sụt 20% chỉ sau vài phút đã thử khởi động lại không được,PIN
182,may bi roi bon rua may chap chon moi bi 2 ngay nay,NUOC_VAO
183,may bi pin sut 20% chi sau vai phut khach chua tung sua o dau,PIN
184,cắm sạc máy nóng bất thường khách chưa từng sửa ở đâu,SAC
185,khách hàng phản ánh cảm ứng loạn không bấm được,MAN_HINH
186,KHACH BAO MAY TREO LOGO KHONG VAO DUOC HE DIEU HANH KHACH CHUA TUNG SUA O DAU,PHAN_MEM
187,loa ngoài rè không nghe rõ xảy ra sau khi rơi,KHAC
188,khách báo điểm chết trên màn hình bị từ tuần trước,MAN_HINH
189,may bi sạc vào nhưng không nhận cáp xảy ra sau khi rơi,SAC
190,may bi sạc vào nhưng không nhận cáp đã thử khởi động lại không được,SAC
191,may bi sạc đầy nhưng dùng 30 phút là sập nguồn đã thử khởi động lại không được,PIN
192,khách hàng phản ánh màn hình đen không lên,MAN_HINH
193,tình trạng: màn hình bị ám vàng một góc mới bị 2 ngày nay,MAN_HINH
194,khách hàng phản ánh máy không giữ được pin qua đêm bị từ tuần trước,PIN
195,khách báo cảm ứng chỗ được chỗ không,MAN_HINH
196,TÌNH TRẠNG: PIN SỤT 20% CHỈ SAU VÀI PHÚT XẢY RA SAU KHI RƠI,PIN
197,khách hàng phản ánh máy rơi vào nước không lên nguồn khách chưa từng sửa ở đâu,NUOC_VAO
198,khách báo màn hình nứt sau khi rơi máy còn bảo hành,MAN_HINH
199,tinh trang: bao pin sai phan tram nhay loan da thu khoi dong lai khong duoc,PIN
200,tinh trang: loa ngoai re khong nghe ro bi tu tuan truoc,KHAC
201,khách hàng phản ánh cắm sạc máy nóng bất thường đã thử khởi động lại không được,SAC
202,KHÁCH BÁO MÀN HÌNH NỨT SAU KHI RƠI,MAN_HINH
203,CHÂN SẠC LỎNG PHẢI GIỮ MỚI SẠC ĐƯỢC MÁY CÒN BẢO HÀNH,SAC
204,tình trạng: camera sau bị mờ như có sương xảy ra sau khi rơi,KHAC
205,khách hàng phản ánh sạc đầy nhưng dùng 30 phút là sập nguồn bị từ tuần trước,PIN
206,khach hang phan anh man hinh nut sau khi roi may con bao hanh,MAN_HINH
207,khách hàng phản ánh ứng dụng tự thoát liên tục máy còn bảo hành,PHAN_MEM
208,kh noi cam sac khong vao dien khach chua tung sua o dau,SAC
209,cảm ứng chỗ được chỗ không bị từ tuần trước,MAN_HINH
210,may bi may tu khoi dong lai nhieu lan trong ngay may con bao hanh,PHAN_MEM
211,máy tự tắt khi còn 30% pin máy còn bảo hành,PIN
212,kh nói không nhận sim xảy ra sau khi rơi,KHAC
213,tình trạng: cảm ứng chỗ được chỗ không xảy ra sau khi rơi,MAN_HINH
214,may bi may roi vao nuoc khong len nguon khach chua tung sua o dau,NUOC_VAO
215,may bi màn hình nứt sau khi rơi đã thử khởi động lại không được,MAN_HINH
216,khách hàng phản ánh báo pin sai phần trăm nhảy loạn xảy ra sau khi rơi,PIN
217,MAY BI MÁY TỰ TẮT KHI CÒN 30% PIN XẢY RA SAU KHI RƠI,PIN
218,khách hàng phản ánh màn hình nứt sau khi rơi xảy ra sau khi rơi,MAN_HINH
219,pin tụt rất nhanh dùng 2 tiếng đã hết bị từ tuần trước,PIN
220,khách hàng phản ánh cắm sạc báo lỗi phụ kiện xảy ra sau khi rơi,SAC
221,khach bao bao pin sai phan tram nhay loan khach chua tung sua o dau,PIN
222,khách hàng phản ánh pin chai chỉ còn dùng được nửa ngày mới bị 2 ngày nay,PIN
223,kh nói máy phồng pin cấn màn hình xảy ra sau khi rơi,PIN
224,may bi rơi bồn rửa máy chập chờn đã thử khởi động lại không được,NUOC_VAO
225,khách hàng phản ánh màn hình bị hở sáng viền dưới đã thử khởi động lại không được,MAN_HINH
226,khach bao man hinh bi soc doc bi tu tuan truoc,MAN_HINH
227,khach bao pin sut 20% chi sau vai phut bi tu tuan truoc,PIN
228,cắm sạc máy nóng bất thường bị từ tuần trước,SAC
229,kh nói màn hình nứt sau khi rơi mới bị 2 ngày nay,MAN_HINH
230,máy chạy chậm giật lag sau khi cập nhật bị từ tuần trước,PHAN_MEM
231,khách hàng phản ánh cắm sạc không vào điện máy còn bảo hành,SAC
232,KHÁCH BÁO MÀN HÌNH NỨT SAU KHI RƠI BỊ TỪ TUẦN TRƯỚC,MAN_HINH
233,tình trạng: máy bị đổ nước ngọt vào không sạc được mới bị 2 ngày nay,NUOC_VAO
234,may bi điện thoại dính nước mưa loa bị rè xảy ra sau khi rơi,NUOC_VAO
235,tinh trang: pin chai chi con dung duoc nua ngay may con bao hanh,PIN
236,màn hình bị ám vàng một góc mới bị 2 ngày nay,MAN_HINH
237,may bi ứng dụng tự thoát liên tục,PHAN_MEM
238,tình trạng: pin nóng bất thường khi dùng mới bị 2 ngày nay,PIN
239,cổng sạc bị gãy chân bị từ tuần trước,SAC
240,tình trạng: màn hình bị ám vàng một góc xảy ra sau khi rơi,MAN_HINH
241,kh nói pin chai chỉ còn dùng được nửa ngày,PIN
242,may bi máy không giữ được pin qua đêm đã thử khởi động lại không được,PIN
243,kh nói màn hình bị hở sáng viền dưới máy còn bảo hành,MAN_HINH
244,ứng dụng tự thoát liên tục đã thử khởi động lại không được,PHAN_MEM
245,cảm ứng loạn không bấm được máy còn bảo hành,MAN_HINH
246,khách hàng phản ánh điểm chết trên màn hình,MAN_HINH
247,kh nói sạc vào nhưng không nhận cáp mới bị 2 ngày nay,SAC
248,khách báo pin nóng bất thường khi dùng đã thử khởi động lại không được,PIN
249,khach hang phan anh cam sac may nong bat thuong bi tu tuan truoc,SAC
250,may bi máy phồng pin cấn màn hình xảy ra sau khi rơi,PIN
251,khách báo máy bị đổ nước ngọt vào không sạc được đã thử khởi động lại không được,NUOC_VAO
252,MAY BI MÀN HÌNH ĐEN KHÔNG LÊN BỊ TỪ TUẦN TRƯỚC,MAN_HINH
253,máy không giữ được pin qua đêm mới bị 2 ngày nay,PIN
254,MAY BI DIEN THOAI DINH NUOC MUA LOA BI RE MAY CON BAO HANH,NUOC_VAO
255,tình trạng: máy không giữ được pin qua đêm đã thử khởi động lại không được,PIN
256,may bi màn hình bị hở sáng viền dưới đã thử khởi động lại không được,MAN_HINH
257,báo pin sai phần trăm nhảy loạn máy còn bảo hành,PIN
258,KHÁCH HÀNG PHẢN ÁNH MÀN HÌNH NỨT SAU KHI RƠI MÁY CÒN BẢO HÀNH,MAN_HINH
259,kh noi man hinh bi am vang mot goc xay ra sau khi roi,MAN_HINH
260,khách hàng phản ánh màn hình chớp tắt liên tục,MAN_HINH
261,khách hàng phản ánh cắm sạc báo lỗi phụ kiện mới bị 2 ngày nay,SAC
262,kh noi pin sut 20% chi sau vai phut may con bao hanh,PIN
263,MAY BI MAY TU TAT KHI CON 30% PIN MOI BI 2 NGAY NAY,PIN
264,khách báo sạc vào nhưng không nhận cáp mới bị 2 ngày nay,SAC
265,nút nguồn bị kẹt máy còn bảo hành,KHAC
266,khách báo máy vào nước màn hình loang ố bị từ tuần trước,NUOC_VAO
267,khách hàng phản ánh máy tự tắt khi còn 30% pin xảy ra sau khi rơi,PIN
268,kh nói cổng sạc bị gãy chân mới bị 2 ngày nay,SAC
269,khách báo máy không giữ được pin qua đêm bị từ tuần trước,PIN
270,MÀN HÌNH CHỚP TẮT LIÊN TỤC MỚI BỊ 2 NGÀY NAY,MAN_HINH
271,tình trạng: mic gọi điện đối phương không nghe được xảy ra sau khi rơi,KHAC
272,khach bao may treo logo khong vao duoc he dieu hanh bi tu tuan truoc,PHAN_MEM
273,tình trạng: báo pin sai phần trăm nhảy loạn khách chưa từng sửa ở đâu,PIN
274,khách báo sạc rất chậm mất cả đêm đã thử khởi động lại không được,SAC
275,kh noi man hinh den khong len moi bi 2 ngay nay,MAN_HINH
276,khách báo cổng sạc bám bụi không tiếp xúc bị từ tuần trước,SAC
277,khách hàng phản ánh cắm sạc báo lỗi phụ kiện bị từ tuần trước,SAC
278,may bi chan sac long phai giu moi sac duoc da thu khoi dong lai khong duoc,SAC
279,tinh trang: man hinh den khong len xay ra sau khi roi,MAN_HINH
280,khách hàng phản ánh pin sụt 20% chỉ sau vài phút bị từ tuần trước,PIN
281,tình trạng: loa ngoài rè không nghe rõ xảy ra sau khi rơi,KHAC
282,tình trạng: máy không giữ được pin qua đêm khách chưa từng sửa ở đâu,PIN
283,kh nói pin chai chỉ còn dùng được nửa ngày,PIN
284,máy rơi vào nước không lên nguồn,NUOC_VAO
285,loa ngoài rè không nghe rõ máy còn bảo hành,KHAC
286,khách hàng phản ánh ứng dụng tự thoát liên tục khách chưa từng sửa ở đâu,PHAN_MEM
287,may bi màn hình xuất hiện vệt mực loang,MAN_HINH
288,khách báo sạc rất chậm mất cả đêm khách chưa từng sửa ở đâu,SAC
289,khách hàng phản ánh máy tự tắt khi còn 30% pin bị từ tuần trước,PIN
290,kh nói máy chạy chậm giật lag sau khi cập nhật máy còn bảo hành,PHAN_MEM
291,may bi pin sụt 20% chỉ sau vài phút khách chưa từng sửa ở đâu,PIN
292,khách báo pin sụt 20% chỉ sau vài phút đã thử khởi động lại không được,PIN
293,kh nói pin sụt 20% chỉ sau vài phút đã thử khởi động lại không được,PIN
294,khách hàng phản ánh máy treo logo không vào được hệ điều hành đã thử khởi động lại không được,PHAN_MEM
295,tình trạng: cổng sạc bám bụi không tiếp xúc máy còn bảo hành,SAC
296,kh nói điện thoại dính nước mưa loa bị rè đã thử khởi động lại không được,NUOC_VAO
297,tình trạng: cổng sạc bám bụi không tiếp xúc xảy ra sau khi rơi,SAC
298,dính nước biển máy nóng và tắt máy còn bảo hành,NUOC_VAO
299,khách hàng phản ánh máy tự khởi động lại nhiều lần trong ngày xảy ra sau khi rơi,PHAN_MEM
300,tình trạng: cảm ứng chỗ được chỗ không khách chưa từng sửa ở đâu,MAN_HINH
301,tinh trang: man hinh den khong len da thu khoi dong lai khong duoc,MAN_HINH
302,khách hàng phản ánh cắm sạc máy nóng bất thường khách chưa từng sửa ở đâu,SAC
303,may bi màn hình bị hở sáng viền dưới máy còn bảo hành,MAN_HINH
304,khach hang phan anh man hinh bi soc doc,MAN_HINH
305,tình trạng: pin nóng bất thường khi dùng,PIN
306,tình trạng: báo pin sai phần trăm nhảy loạn bị từ tuần trước,PIN
307,may bi màn hình đen không lên mới bị 2 ngày nay,MAN_HINH
308,tình trạng: cổng sạc bám bụi không tiếp xúc đã thử khởi động lại không được,SAC
309,may bi cổng sạc bám bụi không tiếp xúc đã thử khởi động lại không được,SAC
310,tình trạng: pin nóng bất thường khi dùng mới bị 2 ngày nay,PIN
311,rơi bồn rửa máy chập chờn mới bị 2 ngày nay,NUOC_VAO
312,tinh trang: pin nong bat thuong khi dung,PIN
313,tình trạng: máy chạy chậm giật lag sau khi cập nhật máy còn bảo hành,PHAN_MEM
314,tình trạng: màn hình chớp tắt liên tục bị từ tuần trước,MAN_HINH
315,may bi pin nong bat thuong khi dung may con bao hanh,PIN
316,tình trạng: máy vào nước màn hình loang ố bị từ tuần trước,NUOC_VAO
317,kh nói sạc rất chậm mất cả đêm khách chưa từng sửa ở đâu,SAC
318,khách báo máy chạy chậm giật lag sau khi cập nhật bị từ tuần trước,PHAN_MEM
319,khách hàng phản ánh không cài được ứng dụng báo lỗi khách chưa từng sửa ở đâu,PHAN_MEM
320,kh nói chân sạc lỏng phải giữ mới sạc được,SAC
321,tình trạng: màn hình đen không lên xảy ra sau khi rơi,MAN_HINH
322,khách báo không cài được ứng dụng báo lỗi máy còn bảo hành,PHAN_MEM
323,may bi máy tự tắt khi còn 30% pin bị từ tuần trước,PIN
324,DÍNH NƯỚC BIỂN MÁY NÓNG VÀ TẮT ĐÃ THỬ KHỞI ĐỘNG LẠI KHÔNG ĐƯỢC,NUOC_VAO
325,MAY BI ĐIỂM CHẾT TRÊN MÀN HÌNH MỚI BỊ 2 NGÀY NAY,MAN_HINH
326,tình trạng: pin tụt rất nhanh dùng 2 tiếng đã hết đã thử khởi động lại không được,PIN
327,KHÁCH BÁO MÀN HÌNH BỊ HỞ SÁNG VIỀN DƯỚI KHÁCH CHƯA TỪNG SỬA Ở ĐÂU,MAN_HINH
328,kh noi may roi vao nuoc khong len nguon khach chua tung sua o dau,NUOC_VAO
329,khách báo màn hình nứt sau khi rơi mới bị 2 ngày nay,MAN_HINH
330,kh nói wifi không kết nối được sau cập nhật máy còn bảo hành,PHAN_MEM
331,KH NÓI PIN TỤT RẤT NHANH DÙNG 2 TIẾNG ĐÃ HẾT XẢY RA SAU KHI RƠI,PIN
332,tình trạng: màn hình đen không lên mới bị 2 ngày nay,MAN_HINH
333,khách hàng phản ánh pin nóng bất thường khi dùng xảy ra sau khi rơi,PIN
334,kh nói màn hình đen không lên máy còn bảo hành,MAN_HINH
335,khách báo màn hình đen không lên xảy ra sau khi rơi,MAN_HINH
336,khách báo máy không giữ được pin qua đêm đã thử khởi động lại không được,PIN
337,cam ung loan khong bam duoc bi tu tuan truoc,MAN_HINH
338,màn hình bị sọc dọc máy còn bảo hành,MAN_HINH
339,tinh trang: man hinh chop tat lien tuc xay ra sau khi roi,MAN_HINH
340,tình trạng: màn hình đen không lên đã thử khởi động lại không được,MAN_HINH
341,kh nói cảm ứng chỗ được chỗ không bị từ tuần trước,MAN_HINH
342,kh nói màn hình bị hở sáng viền dưới xảy ra sau khi rơi,MAN_HINH
343,khách hàng phản ánh máy tự tắt khi còn 30% pin đã thử khởi động lại không được,PIN
344,may bi cổng sạc bị gãy chân,SAC
345,khách hàng phản ánh cảm ứng chỗ được chỗ không máy còn bảo hành,MAN_HINH
346,màn hình bị sọc dọc xảy ra sau khi rơi,MAN_HINH
347,KHÁCH BÁO CẮM SẠC KHÔNG VÀO ĐIỆN MÁY CÒN BẢO HÀNH,SAC
348,man hinh bi ho sang vien duoi da thu khoi dong lai khong duoc,MAN_HINH
349,khách báo rơi bồn rửa máy chập chờn mới bị 2 ngày nay,NUOC_VAO
350,kh nói điểm chết trên màn hình xảy ra sau khi rơi,MAN_HINH
351,may bi máy bị đổ nước ngọt vào không sạc được máy còn bảo hành,NUOC_VAO
352,may bi màn hình đen không lên đã thử khởi động lại không được,MAN_HINH
353,kh nói máy không giữ được pin qua đêm đã thử khởi động lại không được,PIN
354,kh nói máy rung liên tục không dừng bị từ tuần trước,KHAC
355,may bi máy không giữ được pin qua đêm,PIN
356,may bi man hinh den khong len khach chua tung sua o dau,MAN_HINH
357,KH NÓI CỔNG SẠC BỊ GÃY CHÂN KHÁCH CHƯA TỪNG SỬA Ở ĐÂU,SAC
358,may bi báo pin sai phần trăm nhảy loạn,PIN
359,tinh trang: quen mat khau khong mo duoc may moi bi 2 ngay nay,PHAN_MEM
360,tình trạng: máy rơi vào nước không lên nguồn,NUOC_VAO
361,may bi máy rơi vào nước không lên nguồn khách chưa từng sửa ở đâu,NUOC_VAO
362,tình trạng: cảm ứng loạn không bấm được đã thử khởi động lại không được,MAN_HINH
363,KH NOI MAN HINH DEN KHONG LEN MAY CON BAO HANH,MAN_HINH
364,tình trạng: máy tự tắt khi còn 30% pin máy còn bảo hành,PIN
365,camera mở lên bị đen màn mới bị 2 ngày nay,PHAN_MEM
366,màn hình xuất hiện vệt mực loang bị từ tuần trước,MAN_HINH
367,khach bao pin sut 20% chi sau vai phut moi bi 2 ngay nay,PIN
368,khách hàng phản ánh điểm chết trên màn hình khách chưa từng sửa ở đâu,MAN_HINH
369,tình trạng: màn hình chớp tắt liên tục đã thử khởi động lại không được,MAN_HINH
370,cảm ứng loạn không bấm được,MAN_HINH
371,máy không giữ được pin qua đêm đã thử khởi động lại không được,PIN
372,may bi màn hình nứt sau khi rơi,MAN_HINH
373,khách báo pin sụt 20% chỉ sau vài phút mới bị 2 ngày nay,PIN
374,kh noi pin chai chi con dung duoc nua ngay moi bi 2 ngay nay,PIN
375,TÌNH TRẠNG: PIN TỤT RẤT NHANH DÙNG 2 TIẾNG ĐÃ HẾT,PIN
376,may khong giu duoc pin qua dem moi bi 2 ngay nay,PIN
377,kh nói wifi không kết nối được sau cập nhật xảy ra sau khi rơi,PHAN_MEM
378,TÌNH TRẠNG: QUÊN MẬT KHẨU KHÔNG MỞ ĐƯỢC MÁY KHÁCH CHƯA TỪNG SỬA Ở ĐÂU,PHAN_MEM
379,tình trạng: màn hình nứt sau khi rơi mới bị 2 ngày nay,MAN_HINH
380,màn hình nứt sau khi rơi xảy ra sau khi rơi,MAN_HINH
381,tinh trang: cam sac bao loi phu kien khach chua tung sua o dau,SAC
382,khách hàng phản ánh pin nóng bất thường khi dùng khách chưa từng sửa ở đâu,PIN
383,khách báo máy rơi vào nước không lên nguồn khách chưa từng sửa ở đâu,NUOC_VAO
384,tình trạng: cổng sạc bị gãy chân xảy ra sau khi rơi,SAC
385,khách hàng phản ánh báo pin sai phần trăm nhảy loạn máy còn bảo hành,PIN
386,man hinh den khong len moi bi 2 ngay nay,MAN_HINH
387,tình trạng: màn hình xuất hiện vệt mực loang máy còn bảo hành,MAN_HINH
388,khách hàng phản ánh máy tự khởi động lại nhiều lần trong ngày,PHAN_MEM
389,khách hàng phản ánh điểm chết trên màn hình mới bị 2 ngày nay,MAN_HINH
390,khách hàng phản ánh màn hình bị ám vàng một góc khách chưa từng sửa ở đâu,MAN_HINH
391,máy có tiếng kêu lạ bên trong đã thử khởi động lại không được,KHAC
392,may bi cảm ứng chỗ được chỗ không mới bị 2 ngày nay,MAN_HINH
393,khách hàng phản ánh màn hình xuất hiện vệt mực loang bị từ tuần trước,MAN_HINH
394,màn hình bị hở sáng viền dưới mới bị 2 ngày nay,MAN_HINH
395,khách hàng phản ánh máy tự tắt khi còn 30% pin máy còn bảo hành,PIN
396,may bi cong sac bam bui khong tiep xuc moi bi 2 ngay nay,SAC
397,kh nói màn hình bị hở sáng viền dưới bị từ tuần trước,MAN_HINH
398,khách báo ứng dụng tự thoát liên tục bị từ tuần trước,PHAN_MEM
399,khách báo màn hình bị sọc dọc khách chưa từng sửa ở đâu,MAN_HINH
400,kh nói quên mật khẩu không mở được máy,PHAN_MEM
401,may bi cổng sạc bị gãy chân máy còn bảo hành,SAC
402,máy phồng pin cấn màn hình đã thử khởi động lại không được,PIN
403,may bi điểm chết trên màn hình máy còn bảo hành,MAN_HINH
404,wifi khong ket noi duoc sau cap nhat xay ra sau khi roi,PHAN_MEM
405,KHÁCH HÀNG PHẢN ÁNH CẢM ỨNG LOẠN KHÔNG BẤM ĐƯỢC ĐÃ THỬ KHỞI ĐỘNG LẠI KHÔNG ĐƯỢC,MAN_HINH
406,khách báo máy vào nước màn hình loang ố xảy ra sau khi rơi,NUOC_VAO
407,tình trạng: pin sụt 20% chỉ sau vài phút đã thử khởi động lại không được,PIN
408,báo pin sai phần trăm nhảy loạn đã thử khởi động lại không được,PIN
409,CẮM SẠC MÁY NÓNG BẤT THƯỜNG,SAC
410,MAY BI PIN SỤT 20% CHỈ SAU VÀI PHÚT,PIN
411,cắm sạc máy nóng bất thường mới bị 2 ngày nay,SAC
412,khách báo máy bị đổ nước ngọt vào không sạc được xảy ra sau khi rơi,NUOC_VAO
413,tình trạng: màn hình bị hở sáng viền dưới khách chưa từng sửa ở đâu,MAN_HINH
414,khách báo máy không giữ được pin qua đêm khách chưa từng sửa ở đâu,PIN
415,may bi không cài được ứng dụng báo lỗi khách chưa từng sửa ở đâu,PHAN_MEM
416,khách báo máy phồng pin cấn màn hình khách chưa từng sửa ở đâu,PIN
417,máy phồng pin cấn màn hình khách chưa từng sửa ở đâu,PIN
418,tình trạng: cắm sạc máy nóng bất thường khách chưa từng sửa ở đâu,SAC
419,khách báo cắm sạc không vào điện khách chưa từng sửa ở đâu,SAC
420,may bi cổng sạc bám bụi không tiếp xúc,SAC
421,điểm chết trên màn hình xảy ra sau khi rơi,MAN_HINH
422,khách báo máy vào nước màn hình loang ố xảy ra sau khi rơi,NUOC_VAO
423,chân sạc lỏng phải giữ mới sạc được mới bị 2 ngày nay,SAC
424,khách hàng phản ánh màn hình bị ám vàng một góc,MAN_HINH
425,ứng dụng tự thoát liên tục khách chưa từng sửa ở đâu,PHAN_MEM
426,khách báo điểm chết trên màn hình,MAN_HINH
427,khách hàng phản ánh máy tự khởi động lại nhiều lần trong ngày khách chưa từng sửa ở đâu,PHAN_MEM
428,sạc đầy nhưng dùng 30 phút là sập nguồn xảy ra sau khi rơi,PIN
429,khách hàng phản ánh máy phồng pin cấn màn hình máy còn bảo hành,PIN
430,kh nói sạc vào nhưng không nhận cáp khách chưa từng sửa ở đâu,SAC
431,may bi rơi bồn rửa máy chập chờn đã thử khởi động lại không được,NUOC_VAO
432,khách hàng phản ánh màn hình bị ám vàng một góc máy còn bảo hành,MAN_HINH
433,tình trạng: máy tự tắt khi còn 30% pin,PIN
434,máy phồng pin cấn màn hình,PIN
435,may bi pin tụt rất nhanh dùng 2 tiếng đã hết bị từ tuần trước,PIN
436,may bi chân sạc lỏng phải giữ mới sạc được máy còn bảo hành,SAC
437,khách hàng phản ánh màn hình bị sọc dọc bị từ tuần trước,MAN_HINH
438,may bi màn hình xuất hiện vệt mực loang đã thử khởi động lại không được,MAN_HINH
439,may bi cảm ứng chỗ được chỗ không bị từ tuần trước,MAN_HINH
440,cảm ứng chỗ được chỗ không bị từ tuần trước,MAN_HINH
441,khách hàng phản ánh máy không giữ được pin qua đêm xảy ra sau khi rơi,PIN
442,màn hình xuất hiện vệt mực loang bị từ tuần trước,MAN_HINH
443,tình trạng: màn hình chớp tắt liên tục mới bị 2 ngày nay,MAN_HINH
444,may bi máy tự tắt khi còn 30% pin bị từ tuần trước,PIN
445,khach hang phan anh may roi vao nuoc khong len nguon xay ra sau khi roi,NUOC_VAO
446,khách báo chân sạc lỏng phải giữ mới sạc được máy còn bảo hành,SAC
447,khách báo pin sụt 20% chỉ sau vài phút máy còn bảo hành,PIN
448,khách báo máy vào nước màn hình loang ố,NUOC_VAO
449,may bi bao pin sai phan tram nhay loan khach chua tung sua o dau,PIN
450,kh noi sac vao nhung khong nhan cap moi bi 2 ngay nay,SAC
451,tình trạng: màn hình bị sọc dọc khách chưa từng sửa ở đâu,MAN_HINH
452,khách báo máy tự tắt khi còn 30% pin bị từ tuần trước,PIN
453,kh nói màn hình xuất hiện vệt mực loang khách chưa từng sửa ở đâu,MAN_HINH
454,tình trạng: máy không giữ được pin qua đêm xảy ra sau khi rơi,PIN
455,pin chai chi con dung duoc nua ngay khach chua tung sua o dau,PIN
456,máy treo logo không vào được hệ điều hành mới bị 2 ngày nay,PHAN_MEM
457,kh nói báo pin sai phần trăm nhảy loạn mới bị 2 ngày nay,PIN
458,khách báo điện thoại dính nước mưa loa bị rè đã thử khởi động lại không được,NUOC_VAO
459,khách báo màn hình bị sọc dọc đã thử khởi động lại không được,MAN_HINH
460,sạc vào nhưng không nhận cáp mới bị 2 ngày nay,SAC
461,khách hàng phản ánh cắm sạc báo lỗi phụ kiện đã thử khởi động lại không được,SAC
462,khách hàng phản ánh màn hình bị ám vàng một góc máy còn bảo hành,MAN_HINH
463,khach hang phan anh chan sac long phai giu moi sac duoc bi tu tuan truoc,SAC
464,may bi pin nóng bất thường khi dùng đã thử khởi động lại không được,PIN
465,tinh trang: ung dung tu thoat lien tuc da thu khoi dong lai khong duoc,PHAN_MEM
466,khách báo màn hình bị hở sáng viền dưới,MAN_HINH
467,tình trạng: rơi bồn rửa máy chập chờn mới bị 2 ngày nay,NUOC_VAO
468,khách hàng phản ánh màn hình đen không lên đã thử khởi động lại không được,MAN_HINH
469,tinh trang: bao pin sai phan tram nhay loan,PIN
470,MAY BI WIFI KHÔNG KẾT NỐI ĐƯỢC SAU CẬP NHẬT XẢY RA SAU KHI RƠI,PHAN_MEM
471,tình trạng: ứng dụng tự thoát liên tục đã thử khởi động lại không được,PHAN_MEM
472,MAY BI PIN NÓNG BẤT THƯỜNG KHI DÙNG MỚI BỊ 2 NGÀY NAY,PIN
473,tình trạng: màn hình xuất hiện vệt mực loang khách chưa từng sửa ở đâu,MAN_HINH
474,kh nói chân sạc lỏng phải giữ mới sạc được xảy ra sau khi rơi,SAC
475,khách báo cảm ứng loạn không bấm được khách chưa từng sửa ở đâu,MAN_HINH
476,khách báo màn hình bị ám vàng một góc bị từ tuần trước,MAN_HINH
477,sac vao nhung khong nhan cap,SAC
478,pin tụt rất nhanh dùng 2 tiếng đã hết khách chưa từng sửa ở đâu,PIN
479,may bi may phong pin can man hinh,PIN
480,khách hàng phản ánh cổng sạc bị gãy chân xảy ra sau khi rơi,SAC
481,MAY BI MAY PHONG PIN CAN MAN HINH DA THU KHOI DONG LAI KHONG DUOC,PIN
482,cắm sạc máy nóng bất thường,SAC
483,may bi camera mở lên bị đen màn xảy ra sau khi rơi,PHAN_MEM
484,MÀN HÌNH BỊ ÁM VÀNG MỘT GÓC BỊ TỪ TUẦN TRƯỚC,MAN_HINH
485,khach hang phan anh sac vao nhung khong nhan cap xay ra sau khi roi,SAC
486,may bi cảm ứng loạn không bấm được,MAN_HINH
487,tình trạng: không cài được ứng dụng báo lỗi máy còn bảo hành,PHAN_MEM
488,may bi sạc rất chậm mất cả đêm bị từ tuần trước,SAC
489,khach hang phan anh nut nguon bi ket xay ra sau khi roi,KHAC
490,khách báo máy có tiếng kêu lạ bên trong xảy ra sau khi rơi,KHAC
491,khách báo màn hình bị sọc dọc bị từ tuần trước,MAN_HINH
492,tình trạng: màn hình bị sọc dọc máy còn bảo hành,MAN_HINH
493,màn hình bị ám vàng một góc khách chưa từng sửa ở đâu,MAN_HINH
494,KHÁCH BÁO SẠC RẤT CHẬM MẤT CẢ ĐÊM KHÁCH CHƯA TỪNG SỬA Ở ĐÂU,SAC
495,kh nói cảm ứng chỗ được chỗ không đã thử khởi động lại không được,MAN_HINH
496,may bi máy không giữ được pin qua đêm,PIN
497,tình trạng: camera mở lên bị đen màn máy còn bảo hành,PHAN_MEM
498,khach bao pin sut 20% chi sau vai phut,PIN
499,kh nói cắm sạc không vào điện mới bị 2 ngày nay,SAC
500,MÁY KHÔNG GIỮ ĐƯỢC PIN QUA ĐÊM MỚI BỊ 2 NGÀY NAY,PIN
501,may bi máy phồng pin cấn màn hình khách chưa từng sửa ở đâu,PIN
502,KH NÓI MÁY BỊ ĐỔ NƯỚC NGỌT VÀO KHÔNG SẠC ĐƯỢC KHÁCH CHƯA TỪNG SỬA Ở ĐÂU,NUOC_VAO
503,tinh trang: camera mo len bi den man xay ra sau khi roi,PHAN_MEM
504,khách báo quên mật khẩu không mở được máy khách chưa từng sửa ở đâu,PHAN_MEM
505,KHACH HANG PHAN ANH MAN HINH BI HO SANG VIEN DUOI XAY RA SAU KHI ROI,MAN_HINH
506,nút nguồn bị kẹt xảy ra sau khi rơi,KHAC
507,khách báo cảm ứng chỗ được chỗ không mới bị 2 ngày nay,MAN_HINH
508,KH NÓI CẮM SẠC KHÔNG VÀO ĐIỆN MÁY CÒN BẢO HÀNH,SAC
509,kh nói cắm sạc máy nóng bất thường mới bị 2 ngày nay,SAC
510,PIN CHAI CHI CON DUNG DUOC NUA NGAY MOI BI 2 NGAY NAY,PIN
511,không cài được ứng dụng báo lỗi đã thử khởi động lại không được,PHAN_MEM
512,khách báo màn hình bị ám vàng một góc mới bị 2 ngày nay,MAN_HINH
513,khách hàng phản ánh màn hình đen không lên khách chưa từng sửa ở đâu,MAN_HINH
514,cắm sạc không vào điện mới bị 2 ngày nay,SAC
515,khách hàng phản ánh quên mật khẩu không mở được máy mới bị 2 ngày nay,PHAN_MEM
516,loa ngoài rè không nghe rõ,KHAC
517,máy treo logo không vào được hệ điều hành đã thử khởi động lại không được,PHAN_MEM
518,KHÁCH BÁO MÁY KHÔNG GIỮ ĐƯỢC PIN QUA ĐÊM BỊ TỪ TUẦN TRƯỚC,PIN
519,TÌNH TRẠNG: SẠC ĐẦY NHƯNG DÙNG 30 PHÚT LÀ SẬP NGUỒN ĐÃ THỬ KHỞI ĐỘNG LẠI KHÔNG ĐƯỢC,PIN
520,may bi loa ngoài rè không nghe rõ,KHAC
521,khach hang phan anh diem chet tren man hinh,MAN_HINH
522,khách hàng phản ánh màn hình bị hở sáng viền dưới đã thử khởi động lại không được,MAN_HINH
523,tình trạng: màn hình chớp tắt liên tục bị từ tuần trước,MAN_HINH
524,khách hàng phản ánh pin sụt 20% chỉ sau vài phút,PIN
525,kh nói điểm chết trên màn hình xảy ra sau khi rơi,MAN_HINH
526,khách hàng phản ánh báo pin sai phần trăm nhảy loạn đã thử khởi động lại không được,PIN
527,quên mật khẩu không mở được máy xảy ra sau khi rơi,PHAN_MEM
528,khách báo máy treo logo không vào được hệ điều hành máy còn bảo hành,PHAN_MEM
529,may bi pin nóng bất thường khi dùng mới bị 2 ngày nay,PIN
530,KHÁCH BÁO SẠC RẤT CHẬM MẤT CẢ ĐÊM BỊ TỪ TUẦN TRƯỚC,SAC
531,KH NÓI MÀN HÌNH NỨT SAU KHI RƠI MỚI BỊ 2 NGÀY NAY,MAN_HINH
532,khách hàng phản ánh máy tự tắt khi còn 30% pin đã thử khởi động lại không được,PIN
533,may treo logo khong vao duoc he dieu hanh da thu khoi dong lai khong duoc,PHAN_MEM
534,tình trạng: màn hình nứt sau khi rơi,MAN_HINH
535,khách hàng phản ánh màn hình bị sọc dọc bị từ tuần trước,MAN_HINH
536,TÌNH TRẠNG: SẠC RẤT CHẬM MẤT CẢ ĐÊM BỊ TỪ TUẦN TRƯỚC,SAC
537,kh noi man hinh bi soc doc khach chua tung sua o dau,MAN_HINH
538,khách hàng phản ánh màn hình nứt sau khi rơi mới bị 2 ngày nay,MAN_HINH
539,điểm chết trên màn hình bị từ tuần trước,MAN_HINH
540,khách báo màn hình chớp tắt liên tục máy còn bảo hành,MAN_HINH
541,KHÁCH HÀNG PHẢN ÁNH MÁY CHẠY CHẬM GIẬT LAG SAU KHI CẬP NHẬT XẢY RA SAU KHI RƠI,PHAN_MEM
542,may bi pin tụt rất nhanh dùng 2 tiếng đã hết khách chưa từng sửa ở đâu,PIN
543,may bi pin nóng bất thường khi dùng đã thử khởi động lại không được,PIN
544,may bi màn hình xuất hiện vệt mực loang khách chưa từng sửa ở đâu,MAN_HINH
545,may bi màn hình xuất hiện vệt mực loang,MAN_HINH
546,MAY BI CẮM SẠC MÁY NÓNG BẤT THƯỜNG,SAC
547,khách hàng phản ánh cắm sạc không vào điện mới bị 2 ngày nay,SAC
548,tình trạng: mic gọi điện đối phương không nghe được mới bị 2 ngày nay,KHAC
549,CHÂN SẠC LỎNG PHẢI GIỮ MỚI SẠC ĐƯỢC ĐÃ THỬ KHỞI ĐỘNG LẠI KHÔNG ĐƯỢC,SAC
550,kh nói cảm ứng chỗ được chỗ không máy còn bảo hành,MAN_HINH
551,may bi may tu khoi dong lai nhieu lan trong ngay,PHAN_MEM
552,kh nói máy chạy chậm giật lag sau khi cập nhật,PHAN_MEM
553,khách báo máy không giữ được pin qua đêm mới bị 2 ngày nay,PIN
554,may bi máy bị đổ nước ngọt vào không sạc được bị từ tuần trước,NUOC_VAO
555,kh nói cắm sạc máy nóng bất thường bị từ tuần trước,SAC
556,may bi sạc rất chậm mất cả đêm bị từ tuần trước,SAC
557,khách báo điểm chết trên màn hình xảy ra sau khi rơi,MAN_HINH
558,tình trạng: sạc vào nhưng không nhận cáp,SAC
559,khách hàng phản ánh quên mật khẩu không mở được máy mới bị 2 ngày nay,PHAN_MEM
560,khách hàng phản ánh ứng dụng tự thoát liên tục xảy ra sau khi rơi,PHAN_MEM
561,kh nói cắm sạc báo lỗi phụ kiện,SAC
562,khách hàng phản ánh wifi không kết nối được sau cập nhật,PHAN_MEM
563,may bi điểm chết trên màn hình khách chưa từng sửa ở đâu,MAN_HINH
564,tình trạng: cắm sạc không vào điện khách chưa từng sửa ở đâu,SAC
565,khách hàng phản ánh màn hình bị hở sáng viền dưới xảy ra sau khi rơi,MAN_HINH
566,pin chai chỉ còn dùng được nửa ngày khách chưa từng sửa ở đâu,PIN
567,PIN CHAI CHỈ CÒN DÙNG ĐƯỢC NỬA NGÀY KHÁCH CHƯA TỪNG SỬA Ở ĐÂU,PIN
568,tình trạng: máy vào nước màn hình loang ố đã thử khởi động lại không được,NUOC_VAO
569,màn hình bị hở sáng viền dưới đã thử khởi động lại không được,MAN_HINH
570,kh nói màn hình nứt sau khi rơi,MAN_HINH
571,tình trạng: máy rung liên tục không dừng đã thử khởi động lại không được,KHAC
572,khach bao wifi khong ket noi duoc sau cap nhat moi bi 2 ngay nay,PHAN_MEM
573,kh nói sạc đầy nhưng dùng 30 phút là sập nguồn khách chưa từng sửa ở đâu,PIN
574,khách hàng phản ánh pin chai chỉ còn dùng được nửa ngày,PIN
575,kh nói pin nóng bất thường khi dùng,PIN
576,may bi cổng sạc bám bụi không tiếp xúc máy còn bảo hành,SAC
577,màn hình đen không lên,MAN_HINH
578,khách báo wifi không kết nối được sau cập nhật máy còn bảo hành,PHAN_MEM
579,may bi ung dung tu thoat lien tuc bi tu tuan truoc,PHAN_MEM
580,KHÁCH HÀNG PHẢN ÁNH MÀN HÌNH ĐEN KHÔNG LÊN ĐÃ THỬ KHỞI ĐỘNG LẠI KHÔNG ĐƯỢC,MAN_HINH
581,khách hàng phản ánh cổng sạc bị gãy chân máy còn bảo hành,SAC
582,kh noi sac vao nhung khong nhan cap,SAC
583,khách hàng phản ánh màn hình đen không lên xảy ra sau khi rơi,MAN_HINH
584,máy phồng pin cấn màn hình,PIN
585,camera mở lên bị đen màn máy còn bảo hành,PHAN_MEM
586,may bi máy rơi vào nước không lên nguồn xảy ra sau khi rơi,NUOC_VAO
587,tình trạng: màn hình bị hở sáng viền dưới xảy ra sau khi rơi,MAN_HINH
588,màn hình bị ám vàng một góc bị từ tuần trước,MAN_HINH
589,wifi không kết nối được sau cập nhật khách chưa từng sửa ở đâu,PHAN_MEM
590,ung dung tu thoat lien tuc khach chua tung sua o dau,PHAN_MEM
591,tình trạng: pin tụt rất nhanh dùng 2 tiếng đã hết máy còn bảo hành,PIN
592,khách báo màn hình bị ám vàng một góc mới bị 2 ngày nay,MAN_HINH
593,khách báo màn hình bị sọc dọc,MAN_HINH
594,khách hàng phản ánh không cài được ứng dụng báo lỗi mới bị 2 ngày nay,PHAN_MEM
595,màn hình chớp tắt liên tục khách chưa từng sửa ở đâu,MAN_HINH
596,khách hàng phản ánh không cài được ứng dụng báo lỗi đã thử khởi động lại không được,PHAN_MEM
597,khách báo màn hình bị ám vàng một góc,MAN_HINH
598,may bi máy rung liên tục không dừng máy còn bảo hành,KHAC
599,khách báo cổng sạc bị gãy chân,SAC
600,tình trạng: máy vào nước màn hình loang ố đã thử khởi động lại không được,NUOC_VAO
601,tình trạng: cảm ứng chỗ được chỗ không máy còn bảo hành,MAN_HINH
602,khach hang phan anh bao pin sai phan tram nhay loan moi bi 2 ngay nay,PIN
603,may bi máy rung liên tục không dừng xảy ra sau khi rơi,KHAC
604,kh nói không nhận sim,KHAC
605,màn hình xuất hiện vệt mực loang,MAN_HINH
606,sạc đầy nhưng dùng 30 phút là sập nguồn bị từ tuần trước,PIN
607,pin tụt rất nhanh dùng 2 tiếng đã hết máy còn bảo hành,PIN
608,may bi máy tự khởi động lại nhiều lần trong ngày bị từ tuần trước,PHAN_MEM
609,cong sac bi gay chan da thu khoi dong lai khong duoc,SAC
610,máy phồng pin cấn màn hình,PIN
611,máy không giữ được pin qua đêm bị từ tuần trước,PIN
612,khách báo màn hình chớp tắt liên tục xảy ra sau khi rơi,MAN_HINH
613,khách hàng phản ánh báo pin sai phần trăm nhảy loạn,PIN
614,may bi cắm sạc không vào điện bị từ tuần trước,SAC
615,khach bao cam ung cho duoc cho khong da thu khoi dong lai khong duoc,MAN_HINH
616,cam sac khong vao dien da thu khoi dong lai khong duoc,SAC
617,khách hàng phản ánh cổng sạc bám bụi không tiếp xúc xảy ra sau khi rơi,SAC
618,may bi pin chai chi con dung duoc nua ngay bi tu tuan truoc,PIN
619,kh nói máy không giữ được pin qua đêm máy còn bảo hành,PIN
620,khách hàng phản ánh màn hình chớp tắt liên tục,MAN_HINH
621,may bi không nhận sim máy còn bảo hành,KHAC
622,KHÁCH HÀNG PHẢN ÁNH CẢM ỨNG CHỖ ĐƯỢC CHỖ KHÔNG ĐÃ THỬ KHỞI ĐỘNG LẠI KHÔNG ĐƯỢC,MAN_HINH
623,may bi rơi bồn rửa máy chập chờn,NUOC_VAO
624,khach bao khong cai duoc ung dung bao loi,PHAN_MEM
625,khách báo màn hình đen không lên xảy ra sau khi rơi,MAN_HINH
626,may bi màn hình bị hở sáng viền dưới đã thử khởi động lại không được,MAN_HINH
627,khách báo màn hình đen không lên khách chưa từng sửa ở đâu,MAN_HINH
628,màn hình chớp tắt liên tục xảy ra sau khi rơi,MAN_HINH
629,KH NÓI RƠI BỒN RỬA MÁY CHẬP CHỜN,NUOC_VAO
630,MAY BI PIN SỤT 20% CHỈ SAU VÀI PHÚT,PIN
631,khách hàng phản ánh màn hình nứt sau khi rơi khách chưa từng sửa ở đâu,MAN_HINH
632,may bi màn hình nứt sau khi rơi máy còn bảo hành,MAN_HINH
633,khách hàng phản ánh màn hình đen không lên mới bị 2 ngày nay,MAN_HINH
634,khách báo màn hình xuất hiện vệt mực loang máy còn bảo hành,MAN_HINH
635,KHÁCH BÁO CHÂN SẠC LỎNG PHẢI GIỮ MỚI SẠC ĐƯỢC BỊ TỪ TUẦN TRƯỚC,SAC
636,màn hình nứt sau khi rơi,MAN_HINH
637,may bi cảm ứng loạn không bấm được,MAN_HINH
638,khach bao man hinh chop tat lien tuc bi tu tuan truoc,MAN_HINH
639,khách hàng phản ánh sạc đầy nhưng dùng 30 phút là sập nguồn xảy ra sau khi rơi,PIN
640,khách báo máy phồng pin cấn màn hình bị từ tuần trước,PIN
641,may bi cảm ứng chỗ được chỗ không đã thử khởi động lại không được,MAN_HINH
642,khách báo không nhận sim xảy ra sau khi rơi,KHAC
643,kh nói báo pin sai phần trăm nhảy loạn bị từ tuần trước,PIN
644,kh nói máy treo logo không vào được hệ điều hành khách chưa từng sửa ở đâu,PHAN_MEM
645,KHACH BAO DIEN THOAI DINH NUOC MUA LOA BI RE XAY RA SAU KHI ROI,NUOC_VAO
646,kh nói pin nóng bất thường khi dùng mới bị 2 ngày nay,PIN
647,kh nói cổng sạc bị gãy chân xảy ra sau khi rơi,SAC
648,KH NÓI MÁY PHỒNG PIN CẤN MÀN HÌNH MÁY CÒN BẢO HÀNH,PIN
649,may bi pin tụt rất nhanh dùng 2 tiếng đã hết máy còn bảo hành,PIN
650,kh nói điểm chết trên màn hình bị từ tuần trước,MAN_HINH
651,kh nói máy tự tắt khi còn 30% pin đã thử khởi động lại không được,PIN
652,kh nói máy tự tắt khi còn 30% pin mới bị 2 ngày nay,PIN
653,KHÁCH HÀNG PHẢN ÁNH MÁY TỰ TẮT KHI CÒN 30% PIN KHÁCH CHƯA TỪNG SỬA Ở ĐÂU,PIN
654,khach bao dien thoai dinh nuoc mua loa bi re da thu khoi dong lai khong duoc,NUOC_VAO
655,may bi may tu tat khi con 30% pin bi tu tuan truoc,PIN
656,tình trạng: pin chai chỉ còn dùng được nửa ngày,PIN
657,máy tự khởi động lại nhiều lần trong ngày bị từ tuần trước,PHAN_MEM
658,kh nói cảm ứng chỗ được chỗ không xảy ra sau khi rơi,MAN_HINH
659,kh noi dinh nuoc bien may nong va tat xay ra sau khi roi,NUOC_VAO
660,may bi ứng dụng tự thoát liên tục đã thử khởi động lại không được,PHAN_MEM
661,kh nói màn hình đen không lên,MAN_HINH
662,may bi cổng sạc bị gãy chân,SAC
663,kh nói máy tự tắt khi còn 30% pin máy còn bảo hành,PIN
664,khách báo máy bị đổ nước ngọt vào không sạc được,NUOC_VAO
665,MÀN HÌNH ĐEN KHÔNG LÊN BỊ TỪ TUẦN TRƯỚC,MAN_HINH
666,khách hàng phản ánh máy phồng pin cấn màn hình xảy ra sau khi rơi,PIN
667,may bi máy chạy chậm giật lag sau khi cập nhật máy còn bảo hành,PHAN_MEM
668,khách hàng phản ánh chân sạc lỏng phải giữ mới sạc được mới bị 2 ngày nay,SAC
669,khách hàng phản ánh máy tự tắt khi còn 30% pin bị từ tuần trước,PIN
670,tình trạng: điện thoại dính nước mưa loa bị rè xảy ra sau khi rơi,NUOC_VAO
671,khach bao man hinh den khong len xay ra sau khi roi,MAN_HINH
672,khách hàng phản ánh máy rơi vào nước không lên nguồn mới bị 2 ngày nay,NUOC_VAO
673,KH NÓI CAMERA MỞ LÊN BỊ ĐEN MÀN KHÁCH CHƯA TỪNG SỬA Ở ĐÂU,PHAN_MEM
674,kh noi quen mat khau khong mo duoc may bi tu tuan truoc,PHAN_MEM
675,may bi không cài được ứng dụng báo lỗi khách chưa từng sửa ở đâu,PHAN_MEM
676,MAY BI CẢM ỨNG LOẠN KHÔNG BẤM ĐƯỢC,MAN_HINH
677,KHÁCH BÁO MÁY PHỒNG PIN CẤN MÀN HÌNH MỚI BỊ 2 NGÀY NAY,PIN
678,tình trạng: báo pin sai phần trăm nhảy loạn mới bị 2 ngày nay,PIN
679,khách báo cổng sạc bị gãy chân,SAC
680,khách hàng phản ánh máy vào nước màn hình loang ố đã thử khởi động lại không được,NUOC_VAO
681,kh nói không cài được ứng dụng báo lỗi đã thử khởi động lại không được,PHAN_MEM
682,tình trạng: màn hình xuất hiện vệt mực loang đã thử khởi động lại không được,MAN_HINH
683,kh nói máy treo logo không vào được hệ điều hành máy còn bảo hành,PHAN_MEM
684,khách hàng phản ánh cắm sạc không vào điện đã thử khởi động lại không được,SAC
685,khách báo màn hình nứt sau khi rơi đã thử khởi động lại không được,MAN_HINH
686,dính nước biển máy nóng và tắt đã thử khởi động lại không được,NUOC_VAO
687,khach hang phan anh cam sac may nong bat thuong xay ra sau khi roi,SAC
688,khach bao man hinh nut sau khi roi da thu khoi dong lai khong duoc,MAN_HINH
689,kh nói cảm ứng chỗ được chỗ không mới bị 2 ngày nay,MAN_HINH
690,kh noi man hinh bi am vang mot goc bi tu tuan truoc,MAN_HINH
691,TÌNH TRẠNG: MÀN HÌNH BỊ HỞ SÁNG VIỀN DƯỚI KHÁCH CHƯA TỪNG SỬA Ở ĐÂU,MAN_HINH
692,kh nói màn hình bị hở sáng viền dưới khách chưa từng sửa ở đâu,MAN_HINH
693,may bi cam ung cho duoc cho khong moi bi 2 ngay nay,MAN_HINH
694,khách báo quên mật khẩu không mở được máy,PHAN_MEM
695,sạc đầy nhưng dùng 30 phút là sập nguồn mới bị 2 ngày nay,PIN
696,khach hang phan anh cam sac may nong bat thuong moi bi 2 ngay nay,SAC
697,khách hàng phản ánh báo pin sai phần trăm nhảy loạn đã thử khởi động lại không được,PIN
698,khách hàng phản ánh quên mật khẩu không mở được máy khách chưa từng sửa ở đâu,PHAN_MEM
699,pin sụt 20% chỉ sau vài phút đã thử khởi động lại không được,PIN
700,tình trạng: màn hình xuất hiện vệt mực loang khách chưa từng sửa ở đâu,MAN_HINH
701,khách hàng phản ánh máy tự khởi động lại nhiều lần trong ngày,PHAN_MEM
702,cắm sạc máy nóng bất thường mới bị 2 ngày nay,SAC
703,khách hàng phản ánh sạc vào nhưng không nhận cáp mới bị 2 ngày nay,SAC
704,kh nói chân sạc lỏng phải giữ mới sạc được mới bị 2 ngày nay,SAC
705,tình trạng: máy tự tắt khi còn 30% pin máy còn bảo hành,PIN
706,dính nước biển máy nóng và tắt đã thử khởi động lại không được,NUOC_VAO
707,may bi màn hình đen không lên xảy ra sau khi rơi,MAN_HINH
708,khách báo máy treo logo không vào được hệ điều hành mới bị 2 ngày nay,PHAN_MEM
709,KH NOI CAM UNG CHO DUOC CHO KHONG KHACH CHUA TUNG SUA O DAU,MAN_HINH
710,sạc đầy nhưng dùng 30 phút là sập nguồn bị từ tuần trước,PIN
711,tình trạng: màn hình bị hở sáng viền dưới đã thử khởi động lại không được,MAN_HINH
712,TÌNH TRẠNG: SẠC ĐẦY NHƯNG DÙNG 30 PHÚT LÀ SẬP NGUỒN MÁY CÒN BẢO HÀNH,PIN
713,may co tieng keu la ben trong khach chua tung sua o dau,KHAC
714,tình trạng: máy treo logo không vào được hệ điều hành mới bị 2 ngày nay,PHAN_MEM
715,KHÁCH BÁO MÁY BỊ ĐỔ NƯỚC NGỌT VÀO KHÔNG SẠC ĐƯỢC KHÁCH CHƯA TỪNG SỬA Ở ĐÂU,NUOC_VAO
716,máy phồng pin cấn màn hình xảy ra sau khi rơi,PIN
717,kh nói quên mật khẩu không mở được máy máy còn bảo hành,PHAN_MEM
718,MAN HINH BI AM VANG MOT GOC DA THU KHOI DONG LAI KHONG DUOC,MAN_HINH
719,khách báo cảm ứng loạn không bấm được đã thử khởi động lại không được,MAN_HINH
720,khách báo ứng dụng tự thoát liên tục đã thử khởi động lại không được,PHAN_MEM
721,khách báo wifi không kết nối được sau cập nhật mới bị 2 ngày nay,PHAN_MEM
722,khách hàng phản ánh máy treo logo không vào được hệ điều hành xảy ra sau khi rơi,PHAN_MEM
723,pin sụt 20% chỉ sau vài phút,PIN
724,tình trạng: dính nước biển máy nóng và tắt bị từ tuần trước,NUOC_VAO
725,khach bao bao pin sai phan tram nhay loan bi tu tuan truoc,PIN
726,khách báo pin chai chỉ còn dùng được nửa ngày bị từ tuần trước,PIN
727,may bi màn hình bị hở sáng viền dưới khách chưa từng sửa ở đâu,MAN_HINH
728,kh nói pin tụt rất nhanh dùng 2 tiếng đã hết mới bị 2 ngày nay,PIN
729,khách báo chân sạc lỏng phải giữ mới sạc được mới bị 2 ngày nay,SAC
730,cắm sạc báo lỗi phụ kiện xảy ra sau khi rơi,SAC
731,tình trạng: không cài được ứng dụng báo lỗi xảy ra sau khi rơi,PHAN_MEM
732,kh nói màn hình nứt sau khi rơi đã thử khởi động lại không được,MAN_HINH
733,may bi máy có tiếng kêu lạ bên trong máy còn bảo hành,KHAC
734,khách báo máy rơi vào nước không lên nguồn,NUOC_VAO
735,cắm sạc không vào điện khách chưa từng sửa ở đâu,SAC
736,cắm sạc máy nóng bất thường xảy ra sau khi rơi,SAC
737,may bi cảm ứng loạn không bấm được bị từ tuần trước,MAN_HINH
738,KHÁCH BÁO PIN TỤT RẤT NHANH DÙNG 2 TIẾNG ĐÃ HẾT ĐÃ THỬ KHỞI ĐỘNG LẠI KHÔNG ĐƯỢC,PIN
739,khach hang phan anh pin nong bat thuong khi dung may con bao hanh,PIN
740,màn hình đen không lên đã thử khởi động lại không được,MAN_HINH
741,màn hình chớp tắt liên tục mới bị 2 ngày nay,MAN_HINH
742,khách hàng phản ánh màn hình bị sọc dọc xảy ra sau khi rơi,MAN_HINH
743,kh nói cắm sạc máy nóng bất thường đã thử khởi động lại không được,SAC
744,may bi màn hình chớp tắt liên tục đã thử khởi động lại không được,MAN_HINH
745,sạc đầy nhưng dùng 30 phút là sập nguồn bị từ tuần trước,PIN
746,may bi rơi bồn rửa máy chập chờn bị từ tuần trước,NUOC_VAO
747,may bi màn hình đen không lên đã thử khởi động lại không được,MAN_HINH
748,may bi màn hình nứt sau khi rơi xảy ra sau khi rơi,MAN_HINH
749,quên mật khẩu không mở được máy bị từ tuần trước,PHAN_MEM
750,khách hàng phản ánh màn hình đen không lên máy còn bảo hành,MAN_HINH
751,khách báo cắm sạc không vào điện máy còn bảo hành,SAC
752,tình trạng: máy tự tắt khi còn 30% pin máy còn bảo hành,PIN
753,điểm chết trên màn hình xảy ra sau khi rơi,MAN_HINH
754,MAY BI MÁY RƠI VÀO NƯỚC KHÔNG LÊN NGUỒN XẢY RA SAU KHI RƠI,NUOC_VAO
755,màn hình đen không lên xảy ra sau khi rơi,MAN_HINH
756,tình trạng: điểm chết trên màn hình đã thử khởi động lại không được,MAN_HINH
757,khách hàng phản ánh màn hình bị sọc dọc xảy ra sau khi rơi,MAN_HINH
758,KH NÓI MÀN HÌNH NỨT SAU KHI RƠI,MAN_HINH
759,kh nói pin nóng bất thường khi dùng bị từ tuần trước,PIN
760,màn hình đen không lên máy còn bảo hành,MAN_HINH
761,màn hình xuất hiện vệt mực loang đã thử khởi động lại không được,MAN_HINH
762,điện thoại dính nước mưa loa bị rè đã thử khởi động lại không được,NUOC_VAO
763,kh noi cam sac khong vao dien may con bao hanh,SAC
764,may bi rơi bồn rửa máy chập chờn đã thử khởi động lại không được,NUOC_VAO
765,báo pin sai phần trăm nhảy loạn,PIN
766,may bi máy tự tắt khi còn 30% pin máy còn bảo hành,PIN
767,kh noi man hinh bi am vang mot goc bi tu tuan truoc,MAN_HINH
768,tình trạng: báo pin sai phần trăm nhảy loạn xảy ra sau khi rơi,PIN
769,khách hàng phản ánh máy tự khởi động lại nhiều lần trong ngày,PHAN_MEM
770,may bi màn hình đen không lên bị từ tuần trước,MAN_HINH
771,may bi máy phồng pin cấn màn hình bị từ tuần trước,PIN
772,tình trạng: ứng dụng tự thoát liên tục máy còn bảo hành,PHAN_MEM
773,rơi bồn rửa máy chập chờn mới bị 2 ngày nay,NUOC_VAO
774,KH NOI MAN HINH BI SOC DOC MAY CON BAO HANH,MAN_HINH
775,tình trạng: cắm sạc báo lỗi phụ kiện,SAC
776,may bi ứng dụng tự thoát liên tục bị từ tuần trước,PHAN_MEM
777,máy bị đổ nước ngọt vào không sạc được,NUOC_VAO
778,khach bao wifi khong ket noi duoc sau cap nhat,PHAN_MEM
779,kh nói pin nóng bất thường khi dùng bị từ tuần trước,PIN
780,quên mật khẩu không mở được máy khách chưa từng sửa ở đâu,PHAN_MEM
781,tình trạng: máy không giữ được pin qua đêm khách chưa từng sửa ở đâu,PIN
782,khach bao ung dung tu thoat lien tuc bi tu tuan truoc,PHAN_MEM
783,khách hàng phản ánh cắm sạc máy nóng bất thường mới bị 2 ngày nay,SAC
784,may bi cắm sạc không vào điện khách chưa từng sửa ở đâu,SAC
785,tình trạng: cắm sạc không vào điện,SAC
786,khách báo không cài được ứng dụng báo lỗi,PHAN_MEM
787,may bi ứng dụng tự thoát liên tục mới bị 2 ngày nay,PHAN_MEM
788,may bi cảm ứng chỗ được chỗ không khách chưa từng sửa ở đâu,MAN_HINH
789,kh nói pin chai chỉ còn dùng được nửa ngày xảy ra sau khi rơi,PIN
790,pin tụt rất nhanh dùng 2 tiếng đã hết đã thử khởi động lại không được,PIN
791,cổng sạc bám bụi không tiếp xúc khách chưa từng sửa ở đâu,SAC
792,tình trạng: cảm ứng chỗ được chỗ không mới bị 2 ngày nay,MAN_HINH
793,khách hàng phản ánh camera mở lên bị đen màn khách chưa từng sửa ở đâu,PHAN_MEM
794,kh nói điện thoại dính nước mưa loa bị rè,NUOC_VAO
795,khách báo wifi không kết nối được sau cập nhật mới bị 2 ngày nay,PHAN_MEM
796,kh nói báo pin sai phần trăm nhảy loạn mới bị 2 ngày nay,PIN
797,tinh trang: nut nguon bi ket da thu khoi dong lai khong duoc,KHAC
798,dinh nuoc bien may nong va tat da thu khoi dong lai khong duoc,NUOC_VAO
799,may bi màn hình đen không lên máy còn bảo hành,MAN_HINH
800,tình trạng: rơi bồn rửa máy chập chờn máy còn bảo hành,NUOC_VAO
801,khách báo màn hình nứt sau khi rơi,MAN_HINH
802,khách báo máy tự khởi động lại nhiều lần trong ngày,PHAN_MEM
803,khách báo cảm ứng chỗ được chỗ không,MAN_HINH
804,kh nói sạc đầy nhưng dùng 30 phút là sập nguồn xảy ra sau khi rơi,PIN
805,TINH TRANG: PIN TUT RAT NHANH DUNG 2 TIENG DA HET MOI BI 2 NGAY NAY,PIN
806,KHÁCH BÁO CẢM ỨNG CHỖ ĐƯỢC CHỖ KHÔNG KHÁCH CHƯA TỪNG SỬA Ở ĐÂU,MAN_HINH
807,KHÁCH HÀNG PHẢN ÁNH CẮM SẠC BÁO LỖI PHỤ KIỆN XẢY RA SAU KHI RƠI,SAC
808,KHÁCH BÁO CẢM ỨNG LOẠN KHÔNG BẤM ĐƯỢC XẢY RA SAU KHI RƠI,MAN_HINH
809,may bi wifi không kết nối được sau cập nhật xảy ra sau khi rơi,PHAN_MEM
810,kh noi loa ngoai re khong nghe ro may con bao hanh,KHAC
811,khách báo pin sụt 20% chỉ sau vài phút,PIN
812,khách báo máy có tiếng kêu lạ bên trong mới bị 2 ngày nay,KHAC
813,khách hàng phản ánh cảm ứng loạn không bấm được bị từ tuần trước,MAN_HINH
814,cảm ứng chỗ được chỗ không mới bị 2 ngày nay,MAN_HINH
815,KH NÓI MÀN HÌNH XUẤT HIỆN VỆT MỰC LOANG MỚI BỊ 2 NGÀY NAY,MAN_HINH
816,kh nói điện thoại dính nước mưa loa bị rè khách chưa từng sửa ở đâu,NUOC_VAO
817,MAY BI CỔNG SẠC BÁM BỤI KHÔNG TIẾP XÚC XẢY RA SAU KHI RƠI,SAC
818,màn hình xuất hiện vệt mực loang mới bị 2 ngày nay,MAN_HINH
819,tình trạng: máy rơi vào nước không lên nguồn bị từ tuần trước,NUOC_VAO
820,khách báo quên mật khẩu không mở được máy khách chưa từng sửa ở đâu,PHAN_MEM
821,khách hàng phản ánh sạc rất chậm mất cả đêm,SAC
822,tình trạng: màn hình bị hở sáng viền dưới khách chưa từng sửa ở đâu,MAN_HINH
823,kh nói pin sụt 20% chỉ sau vài phút,PIN
824,TÌNH TRẠNG: CAMERA MỞ LÊN BỊ ĐEN MÀN KHÁCH CHƯA TỪNG SỬA Ở ĐÂU,PHAN_MEM
825,kh nói màn hình bị sọc dọc đã thử khởi động lại không được,MAN_HINH
826,may bi điểm chết trên màn hình khách chưa từng sửa ở đâu,MAN_HINH
827,kh nói máy rơi vào nước không lên nguồn mới bị 2 ngày nay,NUOC_VAO
828,kh noi bao pin sai phan tram nhay loan may con bao hanh,PIN
829,khach hang phan anh pin chai chi con dung duoc nua ngay moi bi 2 ngay nay,PIN
830,kh nói máy tự khởi động lại nhiều lần trong ngày mới bị 2 ngày nay,PHAN_MEM
831,MAY BI CẢM ỨNG LOẠN KHÔNG BẤM ĐƯỢC BỊ TỪ TUẦN TRƯỚC,MAN_HINH
832,tình trạng: sạc đầy nhưng dùng 30 phút là sập nguồn khách chưa từng sửa ở đâu,PIN
833,loa ngoai re khong nghe ro xay ra sau khi roi,KHAC
834,khách hàng phản ánh màn hình nứt sau khi rơi xảy ra sau khi rơi,MAN_HINH
835,cảm ứng chỗ được chỗ không bị từ tuần trước,MAN_HINH
836,máy không giữ được pin qua đêm,PIN
837,tình trạng: cổng sạc bị gãy chân xảy ra sau khi rơi,SAC
838,pin tut rat nhanh dung 2 tieng da het da thu khoi dong lai khong duoc,PIN
839,khach bao may treo logo khong vao duoc he dieu hanh,PHAN_MEM
840,MAY BI CONG SAC BAM BUI KHONG TIEP XUC BI TU TUAN TRUOC,SAC
841,tình trạng: điểm chết trên màn hình khách chưa từng sửa ở đâu,MAN_HINH
842,kh nói máy rung liên tục không dừng đã thử khởi động lại không được,KHAC
843,khách hàng phản ánh màn hình nứt sau khi rơi xảy ra sau khi rơi,MAN_HINH
844,tình trạng: pin nóng bất thường khi dùng,PIN
845,khách báo máy vào nước màn hình loang ố,NUOC_VAO
846,kh nói màn hình bị sọc dọc đã thử khởi động lại không được,MAN_HINH
847,kh noi may khong giu duoc pin qua dem,PIN
848,sạc đầy nhưng dùng 30 phút là sập nguồn,PIN
849,may bi cắm sạc không vào điện,SAC
850,kh nói cảm ứng loạn không bấm được khách chưa từng sửa ở đâu,MAN_HINH
851,khách hàng phản ánh cắm sạc báo lỗi phụ kiện,SAC
852,may bi cam sac khong vao dien,SAC
853,may bi ứng dụng tự thoát liên tục khách chưa từng sửa ở đâu,PHAN_MEM
854,khách báo máy rơi vào nước không lên nguồn đã thử khởi động lại không được,NUOC_VAO
855,may bi cổng sạc bám bụi không tiếp xúc máy còn bảo hành,SAC
856,khách báo máy vào nước màn hình loang ố,NUOC_VAO
857,khach bao may khong giu duoc pin qua dem xay ra sau khi roi,PIN
858,KH NÓI CẮM SẠC BÁO LỖI PHỤ KIỆN XẢY RA SAU KHI RƠI,SAC
859,khach hang phan anh man hinh bi ho sang vien duoi moi bi 2 ngay nay,MAN_HINH
860,kh nói cảm ứng chỗ được chỗ không bị từ tuần trước,MAN_HINH
861,may bi cổng sạc bị gãy chân,SAC
862,khach hang phan anh cam sac bao loi phu kien moi bi 2 ngay nay,SAC
863,khách báo cảm ứng chỗ được chỗ không bị từ tuần trước,MAN_HINH
864,cổng sạc bám bụi không tiếp xúc xảy ra sau khi rơi,SAC
865,kh nói điện thoại dính nước mưa loa bị rè đã thử khởi động lại không được,NUOC_VAO
866,khách báo máy bị đổ nước ngọt vào không sạc được khách chưa từng sửa ở đâu,NUOC_VAO
867,kh nói điểm chết trên màn hình đã thử khởi động lại không được,MAN_HINH
868,may bi màn hình nứt sau khi rơi bị từ tuần trước,MAN_HINH
869,khach bao dien thoai dinh nuoc mua loa bi re bi tu tuan truoc,NUOC_VAO
870,máy rơi vào nước không lên nguồn khách chưa từng sửa ở đâu,NUOC_VAO
871,kh noi sac day nhung dung 30 phut la sap nguon da thu khoi dong lai khong duoc,PIN
872,KHÁCH BÁO PIN TỤT RẤT NHANH DÙNG 2 TIẾNG ĐÃ HẾT ĐÃ THỬ KHỞI ĐỘNG LẠI KHÔNG ĐƯỢC,PIN
873,kh nói nút nguồn bị kẹt xảy ra sau khi rơi,KHAC
874,may bi cảm ứng chỗ được chỗ không bị từ tuần trước,MAN_HINH
875,kh nói máy rung liên tục không dừng xảy ra sau khi rơi,KHAC
876,pin nóng bất thường khi dùng mới bị 2 ngày nay,PIN
877,may bi loa ngoài rè không nghe rõ bị từ tuần trước,KHAC
878,KHÁCH BÁO CẮM SẠC KHÔNG VÀO ĐIỆN ĐÃ THỬ KHỞI ĐỘNG LẠI KHÔNG ĐƯỢC,SAC
879,tình trạng: dính nước biển máy nóng và tắt khách chưa từng sửa ở đâu,NUOC_VAO
880,khách báo máy rung liên tục không dừng xảy ra sau khi rơi,KHAC
881,MAY BI QUEN MAT KHAU KHONG MO DUOC MAY,PHAN_MEM
882,khách báo máy tự tắt khi còn 30% pin bị từ tuần trước,PIN
883,khách hàng phản ánh màn hình bị hở sáng viền dưới,MAN_HINH
884,tinh trang: cam ung cho duoc cho khong da thu khoi dong lai khong duoc,MAN_HINH
885,may bi sạc vào nhưng không nhận cáp khách chưa từng sửa ở đâu,SAC
886,khách hàng phản ánh màn hình xuất hiện vệt mực loang,MAN_HINH
887,may bi máy treo logo không vào được hệ điều hành khách chưa từng sửa ở đâu,PHAN_MEM
888,màn hình nứt sau khi rơi đã thử khởi động lại không được,MAN_HINH
889,tình trạng: màn hình đen không lên khách chưa từng sửa ở đâu,MAN_HINH
890,TÌNH TRẠNG: MÀN HÌNH BỊ ÁM VÀNG MỘT GÓC KHÁCH CHƯA TỪNG SỬA Ở ĐÂU,MAN_HINH
891,khách hàng phản ánh điểm chết trên màn hình máy còn bảo hành,MAN_HINH
892,may bi pin sụt 20% chỉ sau vài phút bị từ tuần trước,PIN
893,tình trạng: loa ngoài rè không nghe rõ xảy ra sau khi rơi,KHAC
894,khách báo cổng sạc bị gãy chân mới bị 2 ngày nay,SAC
895,khách báo pin chai chỉ còn dùng được nửa ngày mới bị 2 ngày nay,PIN
896,KH NÓI CAMERA MỞ LÊN BỊ ĐEN MÀN ĐÃ THỬ KHỞI ĐỘNG LẠI KHÔNG ĐƯỢC,PHAN_MEM
897,kh nói pin tụt rất nhanh dùng 2 tiếng đã hết máy còn bảo hành,PIN
898,may bi chân sạc lỏng phải giữ mới sạc được,SAC
899,kh nói chân sạc lỏng phải giữ mới sạc được bị từ tuần trước,SAC
900,khách báo máy tự tắt khi còn 30% pin khách chưa từng sửa ở đâu,PIN
901,tình trạng: pin nóng bất thường khi dùng máy còn bảo hành,PIN
902,khách hàng phản ánh màn hình bị hở sáng viền dưới bị từ tuần trước,MAN_HINH
903,TÌNH TRẠNG: BÁO PIN SAI PHẦN TRĂM NHẢY LOẠN KHÁCH CHƯA TỪNG SỬA Ở ĐÂU,PIN
904,may bi pin sụt 20% chỉ sau vài phút đã thử khởi động lại không được,PIN
905,loa ngoài rè không nghe rõ mới bị 2 ngày nay,KHAC
906,tình trạng: cắm sạc không vào điện bị từ tuần trước,SAC
907,MAY BI MAN HINH BI HO SANG VIEN DUOI DA THU KHOI DONG LAI KHONG DUOC,MAN_HINH
908,khách hàng phản ánh cảm ứng chỗ được chỗ không đã thử khởi động lại không được,MAN_HINH
909,TÌNH TRẠNG: MÁY RƠI VÀO NƯỚC KHÔNG LÊN NGUỒN XẢY RA SAU KHI RƠI,NUOC_VAO
910,may bi sạc đầy nhưng dùng 30 phút là sập nguồn,PIN
911,kh nói mic gọi điện đối phương không nghe được khách chưa từng sửa ở đâu,KHAC
912,cổng sạc bám bụi không tiếp xúc mới bị 2 ngày nay,SAC
913,màn hình đen không lên mới bị 2 ngày nay,MAN_HINH
914,khách hàng phản ánh ứng dụng tự thoát liên tục khách chưa từng sửa ở đâu,PHAN_MEM
915,man hinh bi am vang mot goc moi bi 2 ngay nay,MAN_HINH
916,tinh trang: sac vao nhung khong nhan cap da thu khoi dong lai khong duoc,SAC
917,KH NÓI MÀN HÌNH XUẤT HIỆN VỆT MỰC LOANG MỚI BỊ 2 NGÀY NAY,MAN_HINH
918,kh nói không nhận sim xảy ra sau khi rơi,KHAC
919,khách hàng phản ánh pin sụt 20% chỉ sau vài phút,PIN
920,dính nước biển máy nóng và tắt khách chưa từng sửa ở đâu,NUOC_VAO
921,khách báo pin sụt 20% chỉ sau vài phút máy còn bảo hành,PIN
922,may treo logo khong vao duoc he dieu hanh khach chua tung sua o dau,PHAN_MEM
923,tình trạng: pin chai chỉ còn dùng được nửa ngày mới bị 2 ngày nay,PIN
924,khách hàng phản ánh báo pin sai phần trăm nhảy loạn bị từ tuần trước,PIN
925,tình trạng: màn hình đen không lên bị từ tuần trước,MAN_HINH
926,kh nói mic gọi điện đối phương không nghe được máy còn bảo hành,KHAC
927,khách báo cảm ứng loạn không bấm được khách chưa từng sửa ở đâu,MAN_HINH
928,cắm sạc báo lỗi phụ kiện xảy ra sau khi rơi,SAC
929,khách báo máy chạy chậm giật lag sau khi cập nhật khách chưa từng sửa ở đâu,PHAN_MEM
930,khach bao cam ung loan khong bam duoc may con bao hanh,MAN_HINH
931,khách hàng phản ánh máy không giữ được pin qua đêm khách chưa từng sửa ở đâu,PIN
932,may bi cảm ứng loạn không bấm được khách chưa từng sửa ở đâu,MAN_HINH
933,KHÁCH HÀNG PHẢN ÁNH SẠC ĐẦY NHƯNG DÙNG 30 PHÚT LÀ SẬP NGUỒN,PIN
934,KHÁCH HÀNG PHẢN ÁNH PIN NÓNG BẤT THƯỜNG KHI DÙNG KHÁCH CHƯA TỪNG SỬA Ở ĐÂU,PIN
935,pin nóng bất thường khi dùng,PIN
936,tinh trang: dinh nuoc bien may nong va tat bi tu tuan truoc,NUOC_VAO
937,tinh trang: man hinh bi am vang mot goc,MAN_HINH
938,kh nói màn hình bị hở sáng viền dưới xảy ra sau khi rơi,MAN_HINH
939,may bi màn hình nứt sau khi rơi mới bị 2 ngày nay,MAN_HINH
940,may bi màn hình đen không lên máy còn bảo hành,MAN_HINH
941,tình trạng: báo pin sai phần trăm nhảy loạn,PIN
942,khách báo màn hình nứt sau khi rơi bị từ tuần trước,MAN_HINH
943,TÌNH TRẠNG: CẮM SẠC BÁO LỖI PHỤ KIỆN MÁY CÒN BẢO HÀNH,SAC
944,khách hàng phản ánh sạc đầy nhưng dùng 30 phút là sập nguồn,PIN
945,tình trạng: sạc đầy nhưng dùng 30 phút là sập nguồn bị từ tuần trước,PIN
946,tình trạng: máy không giữ được pin qua đêm bị từ tuần trước,PIN
947,tinh trang: pin sut 20% chi sau vai phut xay ra sau khi roi,PIN
948,sạc rất chậm mất cả đêm mới bị 2 ngày nay,SAC
949,may bi màn hình bị sọc dọc xảy ra sau khi rơi,MAN_HINH
950,khach bao diem chet tren man hinh da thu khoi dong lai khong duoc,MAN_HINH
951,may bi pin nóng bất thường khi dùng máy còn bảo hành,PIN
952,khách báo sạc rất chậm mất cả đêm khách chưa từng sửa ở đâu,SAC
953,KHÁCH BÁO MÁY PHỒNG PIN CẤN MÀN HÌNH ĐÃ THỬ KHỞI ĐỘNG LẠI KHÔNG ĐƯỢC,PIN
954,tình trạng: rơi bồn rửa máy chập chờn bị từ tuần trước,NUOC_VAO
955,kh nói cảm ứng chỗ được chỗ không xảy ra sau khi rơi,MAN_HINH
956,khách báo pin chai chỉ còn dùng được nửa ngày,PIN
957,kh nói chân sạc lỏng phải giữ mới sạc được đã thử khởi động lại không được,SAC
958,tình trạng: pin sụt 20% chỉ sau vài phút bị từ tuần trước,PIN
959,may bi sạc đầy nhưng dùng 30 phút là sập nguồn máy còn bảo hành,PIN
960,tình trạng: wifi không kết nối được sau cập nhật mới bị 2 ngày nay,PHAN_MEM
961,may bi sac day nhung dung 30 phut la sap nguon da thu khoi dong lai khong duoc,PIN
962,khách báo wifi không kết nối được sau cập nhật xảy ra sau khi rơi,PHAN_MEM
963,khách báo máy chạy chậm giật lag sau khi cập nhật đã thử khởi động lại không được,PHAN_MEM
964,KHÁCH HÀNG PHẢN ÁNH CẮM SẠC BÁO LỖI PHỤ KIỆN ĐÃ THỬ KHỞI ĐỘNG LẠI KHÔNG ĐƯỢC,SAC
965,KHÁCH BÁO MÀN HÌNH NỨT SAU KHI RƠI XẢY RA SAU KHI RƠI,MAN_HINH
966,khách hàng phản ánh máy vào nước màn hình loang ố máy còn bảo hành,NUOC_VAO
967,tình trạng: máy bị đổ nước ngọt vào không sạc được máy còn bảo hành,NUOC_VAO
968,khách báo pin nóng bất thường khi dùng đã thử khởi động lại không được,PIN
969,kh nói cảm ứng loạn không bấm được đã thử khởi động lại không được,MAN_HINH
970,kh nói máy tự tắt khi còn 30% pin mới bị 2 ngày nay,PIN
971,may bi loa ngoài rè không nghe rõ mới bị 2 ngày nay,KHAC
972,tình trạng: cảm ứng loạn không bấm được xảy ra sau khi rơi,MAN_HINH
973,may bi cắm sạc không vào điện khách chưa từng sửa ở đâu,SAC
974,kh nói pin sụt 20% chỉ sau vài phút mới bị 2 ngày nay,PIN
975,khách báo chân sạc lỏng phải giữ mới sạc được,SAC
976,may bi pin nóng bất thường khi dùng,PIN
977,man hinh xuat hien vet muc loang may con bao hanh,MAN_HINH
978,tình trạng: máy tự tắt khi còn 30% pin máy còn bảo hành,PIN
979,khách báo màn hình bị sọc dọc đã thử khởi động lại không được,MAN_HINH
980,khach bao may chay cham giat lag sau khi cap nhat moi bi 2 ngay nay,PHAN_MEM
981,may bi cổng sạc bám bụi không tiếp xúc bị từ tuần trước,SAC
982,màn hình bị hở sáng viền dưới đã thử khởi động lại không được,MAN_HINH
983,khach bao man hinh bi soc doc khach chua tung sua o dau,MAN_HINH
984,bao pin sai phan tram nhay loan khach chua tung sua o dau,PIN
985,may bi màn hình nứt sau khi rơi mới bị 2 ngày nay,MAN_HINH
986,khách hàng phản ánh máy tự tắt khi còn 30% pin đã thử khởi động lại không được,PIN
987,tình trạng: pin nóng bất thường khi dùng mới bị 2 ngày nay,PIN
988,pin nóng bất thường khi dùng bị từ tuần trước,PIN
989,kh noi may vao nuoc man hinh loang o moi bi 2 ngay nay,NUOC_VAO
990,kh nói màn hình bị hở sáng viền dưới xảy ra sau khi rơi,MAN_HINH
991,cảm ứng loạn không bấm được,MAN_HINH
992,khách hàng phản ánh màn hình bị hở sáng viền dưới mới bị 2 ngày nay,MAN_HINH
993,máy phồng pin cấn màn hình bị từ tuần trước,PIN
994,KHÁCH HÀNG PHẢN ÁNH ỨNG DỤNG TỰ THOÁT LIÊN TỤC XẢY RA SAU KHI RƠI,PHAN_MEM
995,TÌNH TRẠNG: MÁY TỰ TẮT KHI CÒN 30% PIN ĐÃ THỬ KHỞI ĐỘNG LẠI KHÔNG ĐƯỢC,PIN
996,tình trạng: máy rung liên tục không dừng,KHAC
997,khách hàng phản ánh cổng sạc bám bụi không tiếp xúc mới bị 2 ngày nay,SAC
998,may bi màn hình đen không lên đã thử khởi động lại không được,MAN_HINH
999,khách báo máy bị đổ nước ngọt vào không sạc được đã thử khởi động lại không được,NUOC_VAO
1000,kh nói màn hình xuất hiện vệt mực loang,MAN_HINH
1001,TINH TRANG: CHAN SAC LONG PHAI GIU MOI SAC DUOC,SAC
1002,may bi chân sạc lỏng phải giữ mới sạc được khách chưa từng sửa ở đâu,SAC
1003,may bi cắm sạc không vào điện khách chưa từng sửa ở đâu,SAC
1004,may bi wifi khong ket noi duoc sau cap nhat bi tu tuan truoc,PHAN_MEM
1005,tinh trang: diem chet tren man hinh xay ra sau khi roi,MAN_HINH
1006,khach bao man hinh chop tat lien tuc bi tu tuan truoc,MAN_HINH
1007,nut nguon bi ket xay ra sau khi roi,KHAC
1008,khách hàng phản ánh ứng dụng tự thoát liên tục bị từ tuần trước,PHAN_MEM
1009,may bi bao pin sai phan tram nhay loan khach chua tung sua o dau,PIN
1010,khách báo dính nước biển máy nóng và tắt máy còn bảo hành,NUOC_VAO
1011,KH NÓI NÚT NGUỒN BỊ KẸT KHÁCH CHƯA TỪNG SỬA Ở ĐÂU,KHAC
1012,KH NÓI MÀN HÌNH ĐEN KHÔNG LÊN MÁY CÒN BẢO HÀNH,MAN_HINH
1013,KHÁCH HÀNG PHẢN ÁNH MÀN HÌNH BỊ ÁM VÀNG MỘT GÓC MÁY CÒN BẢO HÀNH,MAN_HINH
1014,tinh trang: man hinh nut sau khi roi bi tu tuan truoc,MAN_HINH
1015,màn hình bị hở sáng viền dưới khách chưa từng sửa ở đâu,MAN_HINH
1016,tình trạng: pin chai chỉ còn dùng được nửa ngày đã thử khởi động lại không được,PIN
1017,kh nói cảm ứng chỗ được chỗ không đã thử khởi động lại không được,MAN_HINH
1018,máy không giữ được pin qua đêm,PIN
1019,MAY BI BAO PIN SAI PHAN TRAM NHAY LOAN XAY RA SAU KHI ROI,PIN
1020,tình trạng: cắm sạc báo lỗi phụ kiện máy còn bảo hành,SAC
1021,khách hàng phản ánh cổng sạc bị gãy chân mới bị 2 ngày nay,SAC
1022,khách hàng phản ánh pin tụt rất nhanh dùng 2 tiếng đã hết đã thử khởi động lại không được,PIN
1023,tình trạng: camera sau bị mờ như có sương máy còn bảo hành,KHAC
1024,may bi màn hình đen không lên bị từ tuần trước,MAN_HINH
1025,may bi sạc đầy nhưng dùng 30 phút là sập nguồn,PIN
1026,kh nói cổng sạc bị gãy chân máy còn bảo hành,SAC
1027,may bi máy có tiếng kêu lạ bên trong bị từ tuần trước,KHAC
1028,may bi may co tieng keu la ben trong bi tu tuan truoc,KHAC
1029,tình trạng: sạc rất chậm mất cả đêm bị từ tuần trước,SAC
1030,MAY BI MAN HINH NUT SAU KHI ROI KHACH CHUA TUNG SUA O DAU,MAN_HINH
1031,KHÁCH BÁO MÀN HÌNH CHỚP TẮT LIÊN TỤC MÁY CÒN BẢO HÀNH,MAN_HINH
1032,khách báo màn hình bị sọc dọc bị từ tuần trước,MAN_HINH
1033,khách báo điện thoại dính nước mưa loa bị rè khách chưa từng sửa ở đâu,NUOC_VAO
1034,khách báo màn hình đen không lên đã thử khởi động lại không được,MAN_HINH
1035,kh nói máy tự khởi động lại nhiều lần trong ngày mới bị 2 ngày nay,PHAN_MEM
1036,ỨNG DỤNG TỰ THOÁT LIÊN TỤC MÁY CÒN BẢO HÀNH,PHAN_MEM
1037,cổng sạc bám bụi không tiếp xúc đã thử khởi động lại không được,SAC
1038,khách báo màn hình bị hở sáng viền dưới đã thử khởi động lại không được,MAN_HINH
1039,tinh trang: wifi khong ket noi duoc sau cap nhat moi bi 2 ngay nay,PHAN_MEM
1040,kh nói cổng sạc bị gãy chân xảy ra sau khi rơi,SAC
1041,may bi wifi khong ket noi duoc sau cap nhat,PHAN_MEM
1042,khách báo màn hình xuất hiện vệt mực loang bị từ tuần trước,MAN_HINH
1043,KHÁCH HÀNG PHẢN ÁNH CỔNG SẠC BÁM BỤI KHÔNG TIẾP XÚC,SAC
1044,may bi màn hình chớp tắt liên tục,MAN_HINH
1045,tình trạng: máy tự khởi động lại nhiều lần trong ngày xảy ra sau khi rơi,PHAN_MEM
1046,khach hang phan anh pin tut rat nhanh dung 2 tieng da het may con bao hanh,PIN
1047,may bi máy chạy chậm giật lag sau khi cập nhật bị từ tuần trước,PHAN_MEM
1048,kh nói sạc đầy nhưng dùng 30 phút là sập nguồn đã thử khởi động lại không được,PIN
1049,kh nói máy chạy chậm giật lag sau khi cập nhật đã thử khởi động lại không được,PHAN_MEM
1050,tình trạng: pin chai chỉ còn dùng được nửa ngày xảy ra sau khi rơi,PIN
1051,khách hàng phản ánh sạc vào nhưng không nhận cáp,SAC
1052,may bi màn hình bị hở sáng viền dưới bị từ tuần trước,MAN_HINH
1053,kh nói sạc đầy nhưng dùng 30 phút là sập nguồn đã thử khởi động lại không được,PIN
1054,tình trạng: màn hình nứt sau khi rơi,MAN_HINH
1055,khách báo màn hình nứt sau khi rơi,MAN_HINH
1056,khách hàng phản ánh máy bị đổ nước ngọt vào không sạc được xảy ra sau khi rơi,NUOC_VAO
1057,kh noi pin nong bat thuong khi dung xay ra sau khi roi,PIN
1058,may bi khong cai duoc ung dung bao loi,PHAN_MEM
1059,khách báo máy không giữ được pin qua đêm máy còn bảo hành,PIN
1060,kh nói máy chạy chậm giật lag sau khi cập nhật máy còn bảo hành,PHAN_MEM
1061,may bi sạc rất chậm mất cả đêm xảy ra sau khi rơi,SAC
1062,báo pin sai phần trăm nhảy loạn mới bị 2 ngày nay,PIN
1063,tình trạng: máy vào nước màn hình loang ố xảy ra sau khi rơi,NUOC_VAO
1064,khách báo pin nóng bất thường khi dùng máy còn bảo hành,PIN
1065,khách hàng phản ánh không cài được ứng dụng báo lỗi máy còn bảo hành,PHAN_MEM
1066,may bi pin sụt 20% chỉ sau vài phút máy còn bảo hành,PIN
1067,khách hàng phản ánh cổng sạc bám bụi không tiếp xúc khách chưa từng sửa ở đâu,SAC
1068,điểm chết trên màn hình máy còn bảo hành,MAN_HINH
1069,kh nói pin tụt rất nhanh dùng 2 tiếng đã hết mới bị 2 ngày nay,PIN
1070,tình trạng: sạc đầy nhưng dùng 30 phút là sập nguồn mới bị 2 ngày nay,PIN
1071,tình trạng: máy tự tắt khi còn 30% pin khách chưa từng sửa ở đâu,PIN
1072,CONG SAC BI GAY CHAN MOI BI 2 NGAY NAY,SAC
1073,màn hình bị hở sáng viền dưới mới bị 2 ngày nay,MAN_HINH
1074,khach bao loa ngoai re khong nghe ro bi tu tuan truoc,KHAC
1075,khách hàng phản ánh máy bị đổ nước ngọt vào không sạc được bị từ tuần trước,NUOC_VAO
1076,may bi màn hình xuất hiện vệt mực loang,MAN_HINH
1077,kh nói cảm ứng loạn không bấm được đã thử khởi động lại không được,MAN_HINH
1078,khách báo pin chai chỉ còn dùng được nửa ngày xảy ra sau khi rơi,PIN
1079,khách hàng phản ánh cổng sạc bị gãy chân máy còn bảo hành,SAC
1080,khách hàng phản ánh máy rơi vào nước không lên nguồn mới bị 2 ngày nay,NUOC_VAO
1081,khách hàng phản ánh sạc đầy nhưng dùng 30 phút là sập nguồn bị từ tuần trước,PIN
1082,kh nói cắm sạc máy nóng bất thường xảy ra sau khi rơi,SAC
1083,may bi quen mat khau khong mo duoc may,PHAN_MEM
1084,kh nói màn hình đen không lên bị từ tuần trước,MAN_HINH
1085,kh nói cảm ứng chỗ được chỗ không xảy ra sau khi rơi,MAN_HINH
1086,màn hình xuất hiện vệt mực loang máy còn bảo hành,MAN_HINH
1087,may bi may bi do nuoc ngot vao khong sac duoc,NUOC_VAO
1088,kh nói màn hình bị hở sáng viền dưới mới bị 2 ngày nay,MAN_HINH
1089,tình trạng: pin nóng bất thường khi dùng xảy ra sau khi rơi,PIN
1090,máy rơi vào nước không lên nguồn xảy ra sau khi rơi,NUOC_VAO
1091,may bi khong cai duoc ung dung bao loi bi tu tuan truoc,PHAN_MEM
1092,khách báo máy tự khởi động lại nhiều lần trong ngày khách chưa từng sửa ở đâu,PHAN_MEM
1093,khách hàng phản ánh sạc rất chậm mất cả đêm mới bị 2 ngày nay,SAC
1094,khách báo máy rơi vào nước không lên nguồn,NUOC_VAO
1095,cổng sạc bám bụi không tiếp xúc đã thử khởi động lại không được,SAC
1096,cảm ứng chỗ được chỗ không bị từ tuần trước,MAN_HINH
1097,kh nói màn hình nứt sau khi rơi khách chưa từng sửa ở đâu,MAN_HINH
1098,may bi máy có tiếng kêu lạ bên trong bị từ tuần trước,KHAC
1099,khách hàng phản ánh màn hình chớp tắt liên tục bị từ tuần trước,MAN_HINH
1100,tình trạng: máy chạy chậm giật lag sau khi cập nhật khách chưa từng sửa ở đâu,PHAN_MEM
1101,khách hàng phản ánh camera sau bị mờ như có sương bị từ tuần trước,KHAC
1102,pin chai chỉ còn dùng được nửa ngày,PIN
1103,camera mở lên bị đen màn xảy ra sau khi rơi,PHAN_MEM
1104,may bi máy phồng pin cấn màn hình mới bị 2 ngày nay,PIN
1105,MÀN HÌNH BỊ HỞ SÁNG VIỀN DƯỚI XẢY RA SAU KHI RƠI,MAN_HINH
1106,khách hàng phản ánh pin tụt rất nhanh dùng 2 tiếng đã hết khách chưa từng sửa ở đâu,PIN
1107,tình trạng: màn hình chớp tắt liên tục xảy ra sau khi rơi,MAN_HINH
1108,tình trạng: điểm chết trên màn hình đã thử khởi động lại không được,MAN_HINH
1109,kh noi may chay cham giat lag sau khi cap nhat bi tu tuan truoc,PHAN_MEM
1110,may bi man hinh den khong len khach chua tung sua o dau,MAN_HINH
1111,kh nói điện thoại dính nước mưa loa bị rè khách chưa từng sửa ở đâu,NUOC_VAO
1112,tinh trang: may tu khoi dong lai nhieu lan trong ngay xay ra sau khi roi,PHAN_MEM
1113,khách hàng phản ánh pin sụt 20% chỉ sau vài phút đã thử khởi động lại không được,PIN
1114,khách hàng phản ánh không cài được ứng dụng báo lỗi,PHAN_MEM
1115,khách báo cắm sạc báo lỗi phụ kiện mới bị 2 ngày nay,SAC
1116,tình trạng: màn hình nứt sau khi rơi bị từ tuần trước,MAN_HINH
1117,may bi cam ung cho duoc cho khong,MAN_HINH
1118,khách báo cảm ứng loạn không bấm được đã thử khởi động lại không được,MAN_HINH
1119,cảm ứng loạn không bấm được,MAN_HINH
1120,khách hàng phản ánh cảm ứng loạn không bấm được xảy ra sau khi rơi,MAN_HINH
1121,kh nói máy tự khởi động lại nhiều lần trong ngày,PHAN_MEM
1122,khách báo màn hình bị sọc dọc máy còn bảo hành,MAN_HINH
1123,kh nói rơi bồn rửa máy chập chờn mới bị 2 ngày nay,NUOC_VAO
1124,máy bị đổ nước ngọt vào không sạc được xảy ra sau khi rơi,NUOC_VAO
1125,pin tut rat nhanh dung 2 tieng da het bi tu tuan truoc,PIN
1126,may bi máy vào nước màn hình loang ố mới bị 2 ngày nay,NUOC_VAO
1127,khách hàng phản ánh wifi không kết nối được sau cập nhật mới bị 2 ngày nay,PHAN_MEM
1128,khach hang phan anh man hinh den khong len,MAN_HINH
1129,may bi sạc đầy nhưng dùng 30 phút là sập nguồn máy còn bảo hành,PIN
1130,khách hàng phản ánh màn hình bị hở sáng viền dưới,MAN_HINH
1131,khách hàng phản ánh cảm ứng chỗ được chỗ không xảy ra sau khi rơi,MAN_HINH
1132,may bi máy rung liên tục không dừng khách chưa từng sửa ở đâu,KHAC
1133,kh nói pin sụt 20% chỉ sau vài phút khách chưa từng sửa ở đâu,PIN
1134,may bi màn hình nứt sau khi rơi,MAN_HINH
1135,kh nói máy tự khởi động lại nhiều lần trong ngày khách chưa từng sửa ở đâu,PHAN_MEM
1136,kh nói không cài được ứng dụng báo lỗi,PHAN_MEM
1137,khach bao may tu khoi dong lai nhieu lan trong ngay may con bao hanh,PHAN_MEM
1138,kh nói camera mở lên bị đen màn máy còn bảo hành,PHAN_MEM
1139,bao pin sai phan tram nhay loan bi tu tuan truoc,PIN
1140,khách hàng phản ánh màn hình bị hở sáng viền dưới bị từ tuần trước,MAN_HINH
1141,kh noi man hinh bi ho sang vien duoi da thu khoi dong lai khong duoc,MAN_HINH
1142,khách báo điểm chết trên màn hình bị từ tuần trước,MAN_HINH
1143,khách hàng phản ánh nút nguồn bị kẹt khách chưa từng sửa ở đâu,KHAC
1144,bao pin sai phan tram nhay loan xay ra sau khi roi,PIN
1145,khách báo cổng sạc bị gãy chân,SAC
1146,MAY BI SẠC RẤT CHẬM MẤT CẢ ĐÊM KHÁCH CHƯA TỪNG SỬA Ở ĐÂU,SAC
1147,tình trạng: pin chai chỉ còn dùng được nửa ngày khách chưa từng sửa ở đâu,PIN
1148,khách báo máy phồng pin cấn màn hình máy còn bảo hành,PIN
1149,khách hàng phản ánh pin nóng bất thường khi dùng đã thử khởi động lại không được,PIN
1150,tình trạng: màn hình bị sọc dọc,MAN_HINH
1151,màn hình xuất hiện vệt mực loang máy còn bảo hành,MAN_HINH
1152,TÌNH TRẠNG: PIN NÓNG BẤT THƯỜNG KHI DÙNG XẢY RA SAU KHI RƠI,PIN
1153,camera sau bị mờ như có sương mới bị 2 ngày nay,KHAC
1154,pin tut rat nhanh dung 2 tieng da het bi tu tuan truoc,PIN
1155,tình trạng: cắm sạc máy nóng bất thường,SAC
1156,SAC RAT CHAM MAT CA DEM,SAC
1157,kh noi cam sac khong vao dien bi tu tuan truoc,SAC
1158,khách hàng phản ánh sạc đầy nhưng dùng 30 phút là sập nguồn máy còn bảo hành,PIN
1159,khach bao may treo logo khong vao duoc he dieu hanh khach chua tung sua o dau,PHAN_MEM
1160,khách báo cắm sạc báo lỗi phụ kiện đã thử khởi động lại không được,SAC
1161,khách hàng phản ánh sạc rất chậm mất cả đêm xảy ra sau khi rơi,SAC
1162,tình trạng: máy phồng pin cấn màn hình,PIN
1163,khách báo máy chạy chậm giật lag sau khi cập nhật máy còn bảo hành,PHAN_MEM
1164,may bi sạc rất chậm mất cả đêm xảy ra sau khi rơi,SAC
1165,tình trạng: pin chai chỉ còn dùng được nửa ngày xảy ra sau khi rơi,PIN
1166,khách hàng phản ánh chân sạc lỏng phải giữ mới sạc được máy còn bảo hành,SAC
1167,khach bao sac day nhung dung 30 phut la sap nguon may con bao hanh,PIN
1168,khách hàng phản ánh cảm ứng chỗ được chỗ không khách chưa từng sửa ở đâu,MAN_HINH
1169,khách hàng phản ánh sạc rất chậm mất cả đêm đã thử khởi động lại không được,SAC
1170,kh nói màn hình bị hở sáng viền dưới đã thử khởi động lại không được,MAN_HINH
1171,KHACH BAO KHONG CAI DUOC UNG DUNG BAO LOI XAY RA SAU KHI ROI,PHAN_MEM
1172,khách hàng phản ánh máy tự tắt khi còn 30% pin mới bị 2 ngày nay,PIN
1173,kh nói màn hình xuất hiện vệt mực loang,MAN_HINH
1174,may bi cảm ứng loạn không bấm được đã thử khởi động lại không được,MAN_HINH
1175,may bi máy tự tắt khi còn 30% pin bị từ tuần trước,PIN
1176,kh nói màn hình nứt sau khi rơi bị từ tuần trước,MAN_HINH
1177,khách hàng phản ánh sạc rất chậm mất cả đêm,SAC
1178,khach bao camera sau bi mo nhu co suong,KHAC
1179,KH NOI BAO PIN SAI PHAN TRAM NHAY LOAN XAY RA SAU KHI ROI,PIN
1180,may bi pin tụt rất nhanh dùng 2 tiếng đã hết xảy ra sau khi rơi,PIN
1181,khách hàng phản ánh pin chai chỉ còn dùng được nửa ngày bị từ tuần trước,PIN
1182,cắm sạc máy nóng bất thường mới bị 2 ngày nay,SAC
1183,KHÁCH BÁO CẢM ỨNG CHỖ ĐƯỢC CHỖ KHÔNG,MAN_HINH
1184,kh nói máy không giữ được pin qua đêm mới bị 2 ngày nay,PIN
1185,MÀN HÌNH BỊ ÁM VÀNG MỘT GÓC MỚI BỊ 2 NGÀY NAY,MAN_HINH
1186,cảm ứng loạn không bấm được,MAN_HINH
1187,khách hàng phản ánh màn hình bị ám vàng một góc xảy ra sau khi rơi,MAN_HINH
1188,tình trạng: màn hình bị sọc dọc đã thử khởi động lại không được,MAN_HINH
1189,tinh trang: man hinh chop tat lien tuc xay ra sau khi roi,MAN_HINH
1190,tình trạng: máy không giữ được pin qua đêm đã thử khởi động lại không được,PIN
1191,tình trạng: cảm ứng chỗ được chỗ không xảy ra sau khi rơi,MAN_HINH
1192,kh nói màn hình nứt sau khi rơi bị từ tuần trước,MAN_HINH
1193,không cài được ứng dụng báo lỗi mới bị 2 ngày nay,PHAN_MEM
1194,may bi do nuoc ngot vao khong sac duoc xay ra sau khi roi,NUOC_VAO
1195,cắm sạc không vào điện xảy ra sau khi rơi,SAC
1196,tinh trang: dinh nuoc bien may nong va tat da thu khoi dong lai khong duoc,NUOC_VAO
1197,kh nói sạc đầy nhưng dùng 30 phút là sập nguồn mới bị 2 ngày nay,PIN
1198,kh nói pin sụt 20% chỉ sau vài phút bị từ tuần trước,PIN
1199,kh nói pin sụt 20% chỉ sau vài phút xảy ra sau khi rơi,PIN
1200,kh nói máy treo logo không vào được hệ điều hành máy còn bảo hành,PHAN_MEM
1201,khách hàng phản ánh màn hình bị sọc dọc xảy ra sau khi rơi,MAN_HINH
1202,may bi camera mở lên bị đen màn mới bị 2 ngày nay,PHAN_MEM
1203,may bi man hinh bi am vang mot goc khach chua tung sua o dau,MAN_HINH
1204,báo pin sai phần trăm nhảy loạn mới bị 2 ngày nay,PIN
1205,khách báo điểm chết trên màn hình,MAN_HINH
1206,kh nói máy không giữ được pin qua đêm bị từ tuần trước,PIN
1207,khach hang phan anh man hinh xuat hien vet muc loang khach chua tung sua o dau,MAN_HINH
1208,may bi màn hình chớp tắt liên tục máy còn bảo hành,MAN_HINH
1209,khach hang phan anh man hinh nut sau khi roi may con bao hanh,MAN_HINH
1210,kh nói cắm sạc máy nóng bất thường máy còn bảo hành,SAC
1211,chân sạc lỏng phải giữ mới sạc được bị từ tuần trước,SAC
1212,kh nói không cài được ứng dụng báo lỗi máy còn bảo hành,PHAN_MEM
1213,khách hàng phản ánh pin nóng bất thường khi dùng mới bị 2 ngày nay,PIN
1214,khách báo màn hình đen không lên máy còn bảo hành,MAN_HINH
1215,chân sạc lỏng phải giữ mới sạc được máy còn bảo hành,SAC
1216,khách báo màn hình xuất hiện vệt mực loang khách chưa từng sửa ở đâu,MAN_HINH
1217,kh noi dinh nuoc bien may nong va tat bi tu tuan truoc,NUOC_VAO
1218,máy rơi vào nước không lên nguồn máy còn bảo hành,NUOC_VAO
1219,kh nói cảm ứng chỗ được chỗ không mới bị 2 ngày nay,MAN_HINH
1220,tinh trang: pin nong bat thuong khi dung may con bao hanh,PIN
1221,MAY BI MÀN HÌNH CHỚP TẮT LIÊN TỤC XẢY RA SAU KHI RƠI,MAN_HINH
1222,khách hàng phản ánh pin sụt 20% chỉ sau vài phút máy còn bảo hành,PIN
1223,pin nóng bất thường khi dùng,PIN
1224,tình trạng: cảm ứng chỗ được chỗ không đã thử khởi động lại không được,MAN_HINH
1225,kh nói cắm sạc máy nóng bất thường,SAC
1226,CẢM ỨNG CHỖ ĐƯỢC CHỖ KHÔNG XẢY RA SAU KHI RƠI,MAN_HINH
1227,may tu tat khi con 30% pin may con bao hanh,PIN
1228,MAY BI MÀN HÌNH BỊ ÁM VÀNG MỘT GÓC BỊ TỪ TUẦN TRƯỚC,MAN_HINH
1229,kh nói chân sạc lỏng phải giữ mới sạc được bị từ tuần trước,SAC
1230,tình trạng: màn hình đen không lên đã thử khởi động lại không được,MAN_HINH
1231,khách hàng phản ánh máy rơi vào nước không lên nguồn máy còn bảo hành,NUOC_VAO
1232,may bi wifi khong ket noi duoc sau cap nhat may con bao hanh,PHAN_MEM
1233,khách hàng phản ánh pin nóng bất thường khi dùng,PIN
1234,điểm chết trên màn hình,MAN_HINH
1235,MAY BI MÀN HÌNH BỊ ÁM VÀNG MỘT GÓC MỚI BỊ 2 NGÀY NAY,MAN_HINH
1236,khách hàng phản ánh sạc rất chậm mất cả đêm xảy ra sau khi rơi,SAC
1237,chân sạc lỏng phải giữ mới sạc được đã thử khởi động lại không được,SAC
1238,khách báo cảm ứng chỗ được chỗ không,MAN_HINH
1239,TÌNH TRẠNG: MÀN HÌNH BỊ ÁM VÀNG MỘT GÓC XẢY RA SAU KHI RƠI,MAN_HINH
1240,khách hàng phản ánh cổng sạc bám bụi không tiếp xúc,SAC
1241,kh nói màn hình bị sọc dọc xảy ra sau khi rơi,MAN_HINH
1242,kh nói máy rơi vào nước không lên nguồn bị từ tuần trước,NUOC_VAO
1243,khách báo màn hình bị sọc dọc bị từ tuần trước,MAN_HINH
1244,khach bao man hinh nut sau khi roi xay ra sau khi roi,MAN_HINH
1245,tình trạng: màn hình nứt sau khi rơi máy còn bảo hành,MAN_HINH
1246,KHÁCH BÁO MÀN HÌNH ĐEN KHÔNG LÊN XẢY RA SAU KHI RƠI,MAN_HINH
1247,kh nói máy rung liên tục không dừng bị từ tuần trước,KHAC
1248,khách hàng phản ánh pin tụt rất nhanh dùng 2 tiếng đã hết đã thử khởi động lại không được,PIN
1249,khách hàng phản ánh máy treo logo không vào được hệ điều hành bị từ tuần trước,PHAN_MEM
1250,kh nói cắm sạc báo lỗi phụ kiện máy còn bảo hành,SAC
1251,tình trạng: điểm chết trên màn hình xảy ra sau khi rơi,MAN_HINH
1252,KHÁCH HÀNG PHẢN ÁNH MÁY VÀO NƯỚC MÀN HÌNH LOANG Ố KHÁCH CHƯA TỪNG SỬA Ở ĐÂU,NUOC_VAO
1253,kh noi cam ung loan khong bam duoc da thu khoi dong lai khong duoc,MAN_HINH
1254,may bi cong sac bam bui khong tiep xuc xay ra sau khi roi,SAC
1255,KHÁCH BÁO CẮM SẠC MÁY NÓNG BẤT THƯỜNG MỚI BỊ 2 NGÀY NAY,SAC
1256,khách hàng phản ánh điểm chết trên màn hình đã thử khởi động lại không được,MAN_HINH
1257,khách báo pin chai chỉ còn dùng được nửa ngày mới bị 2 ngày nay,PIN
1258,may bi cam sac khong vao dien xay ra sau khi roi,SAC
1259,KHACH BAO QUEN MAT KHAU KHONG MO DUOC MAY,PHAN_MEM
1260,khách hàng phản ánh máy bị đổ nước ngọt vào không sạc được,NUOC_VAO
1261,khách hàng phản ánh báo pin sai phần trăm nhảy loạn mới bị 2 ngày nay,PIN
1262,KHACH BAO ROI BON RUA MAY CHAP CHON MOI BI 2 NGAY NAY,NUOC_VAO
1263,kh noi pin tut rat nhanh dung 2 tieng da het may con bao hanh,PIN
1264,khách hàng phản ánh pin chai chỉ còn dùng được nửa ngày mới bị 2 ngày nay,PIN
1265,wifi không kết nối được sau cập nhật xảy ra sau khi rơi,PHAN_MEM
1266,kh nói màn hình nứt sau khi rơi khách chưa từng sửa ở đâu,MAN_HINH
1267,khach bao pin sut 20% chi sau vai phut may con bao hanh,PIN
1268,kh noi man hinh bi soc doc moi bi 2 ngay nay,MAN_HINH
1269,tinh trang: man hinh nut sau khi roi bi tu tuan truoc,MAN_HINH
1270,KHACH BAO CAMERA SAU BI MO NHU CO SUONG MAY CON BAO HANH,KHAC
1271,kh nói sạc đầy nhưng dùng 30 phút là sập nguồn bị từ tuần trước,PIN
1272,tình trạng: cắm sạc không vào điện bị từ tuần trước,SAC
1273,may bi ứng dụng tự thoát liên tục mới bị 2 ngày nay,PHAN_MEM
1274,tình trạng: máy tự khởi động lại nhiều lần trong ngày,PHAN_MEM
1275,khach bao may phong pin can man hinh khach chua tung sua o dau,PIN
1276,tình trạng: màn hình xuất hiện vệt mực loang khách chưa từng sửa ở đâu,MAN_HINH
1277,khách hàng phản ánh cảm ứng loạn không bấm được xảy ra sau khi rơi,MAN_HINH
1278,khach hang phan anh quen mat khau khong mo duoc may moi bi 2 ngay nay,PHAN_MEM
1279,may bi ứng dụng tự thoát liên tục máy còn bảo hành,PHAN_MEM
1280,may bi cong sac bi gay chan may con bao hanh,SAC
1281,khách báo máy chạy chậm giật lag sau khi cập nhật khách chưa từng sửa ở đâu,PHAN_MEM
1282,khách hàng phản ánh máy chạy chậm giật lag sau khi cập nhật,PHAN_MEM
1283,may bi báo pin sai phần trăm nhảy loạn bị từ tuần trước,PIN
1284,khách báo chân sạc lỏng phải giữ mới sạc được,SAC
1285,khách hàng phản ánh máy chạy chậm giật lag sau khi cập nhật khách chưa từng sửa ở đâu,PHAN_MEM
1286,kh nói mic gọi điện đối phương không nghe được mới bị 2 ngày nay,KHAC
1287,khách hàng phản ánh máy rơi vào nước không lên nguồn khách chưa từng sửa ở đâu,NUOC_VAO
1288,man hinh bi ho sang vien duoi da thu khoi dong lai khong duoc,MAN_HINH
1289,tình trạng: sạc vào nhưng không nhận cáp mới bị 2 ngày nay,SAC
1290,kh nói cắm sạc không vào điện bị từ tuần trước,SAC
1291,khách báo máy rung liên tục không dừng,KHAC
1292,KHÁCH BÁO MÀN HÌNH ĐEN KHÔNG LÊN,MAN_HINH
1293,tình trạng: pin sụt 20% chỉ sau vài phút xảy ra sau khi rơi,PIN
1294,may bi điểm chết trên màn hình khách chưa từng sửa ở đâu,MAN_HINH
1295,may bi máy rung liên tục không dừng xảy ra sau khi rơi,KHAC
1296,dính nước biển máy nóng và tắt xảy ra sau khi rơi,NUOC_VAO
1297,pin tụt rất nhanh dùng 2 tiếng đã hết đã thử khởi động lại không được,PIN
1298,may bi màn hình nứt sau khi rơi xảy ra sau khi rơi,MAN_HINH
1299,cảm ứng chỗ được chỗ không,MAN_HINH
1300,pin chai chỉ còn dùng được nửa ngày bị từ tuần trước,PIN
1301,khách báo sạc vào nhưng không nhận cáp máy còn bảo hành,SAC
1302,wifi không kết nối được sau cập nhật bị từ tuần trước,PHAN_MEM
1303,điểm chết trên màn hình,MAN_HINH
1304,khách báo màn hình bị ám vàng một góc khách chưa từng sửa ở đâu,MAN_HINH
1305,khách báo pin tụt rất nhanh dùng 2 tiếng đã hết đã thử khởi động lại không được,PIN
1306,may bi điểm chết trên màn hình đã thử khởi động lại không được,MAN_HINH
1307,KH NÓI MÁY CHẠY CHẬM GIẬT LAG SAU KHI CẬP NHẬT ĐÃ THỬ KHỞI ĐỘNG LẠI KHÔNG ĐƯỢC,PHAN_MEM
1308,kh nói sạc đầy nhưng dùng 30 phút là sập nguồn đã thử khởi động lại không được,PIN
1309,kh nói máy rơi vào nước không lên nguồn khách chưa từng sửa ở đâu,NUOC_VAO
1310,tình trạng: máy tự tắt khi còn 30% pin khách chưa từng sửa ở đâu,PIN
1311,may bi may bi do nuoc ngot vao khong sac duoc bi tu tuan truoc,NUOC_VAO
1312,màn hình chớp tắt liên tục mới bị 2 ngày nay,MAN_HINH
1313,may bi pin tụt rất nhanh dùng 2 tiếng đã hết đã thử khởi động lại không được,PIN
1314,khách hàng phản ánh quên mật khẩu không mở được máy xảy ra sau khi rơi,PHAN_MEM
1315,máy có tiếng kêu lạ bên trong mới bị 2 ngày nay,KHAC
1316,máy phồng pin cấn màn hình,PIN
1317,may bi màn hình bị sọc dọc mới bị 2 ngày nay,MAN_HINH
1318,kh noi may phong pin can man hinh xay ra sau khi roi,PIN
1319,màn hình đen không lên,MAN_HINH
1320,khách hàng phản ánh mic gọi điện đối phương không nghe được xảy ra sau khi rơi,KHAC
1321,may bi màn hình chớp tắt liên tục máy còn bảo hành,MAN_HINH
1322,may bi cảm ứng loạn không bấm được đã thử khởi động lại không được,MAN_HINH
1323,cảm ứng chỗ được chỗ không xảy ra sau khi rơi,MAN_HINH
1324,kh nói rơi bồn rửa máy chập chờn đã thử khởi động lại không được,NUOC_VAO
1325,tinh trang: ung dung tu thoat lien tuc xay ra sau khi roi,PHAN_MEM
1326,tình trạng: màn hình chớp tắt liên tục xảy ra sau khi rơi,MAN_HINH
1327,may bi pin tụt rất nhanh dùng 2 tiếng đã hết khách chưa từng sửa ở đâu,PIN
1328,máy treo logo không vào được hệ điều hành khách chưa từng sửa ở đâu,PHAN_MEM
1329,khách báo máy vào nước màn hình loang ố khách chưa từng sửa ở đâu,NUOC_VAO
1330,tinh trang: man hinh xuat hien vet muc loang bi tu tuan truoc,MAN_HINH
1331,kh nói dính nước biển máy nóng và tắt máy còn bảo hành,NUOC_VAO
1332,pin tụt rất nhanh dùng 2 tiếng đã hết mới bị 2 ngày nay,PIN
1333,may bi điểm chết trên màn hình đã thử khởi động lại không được,MAN_HINH
1334,may bi màn hình bị sọc dọc xảy ra sau khi rơi,MAN_HINH
1335,khách hàng phản ánh cảm ứng chỗ được chỗ không mới bị 2 ngày nay,MAN_HINH
1336,kh nói cắm sạc không vào điện xảy ra sau khi rơi,SAC
1337,MÀN HÌNH BỊ SỌC DỌC KHÁCH CHƯA TỪNG SỬA Ở ĐÂU,MAN_HINH
1338,kh noi may phong pin can man hinh may con bao hanh,PIN
1339,kh noi man hinh bi am vang mot goc xay ra sau khi roi,MAN_HINH
1340,tình trạng: máy bị đổ nước ngọt vào không sạc được khách chưa từng sửa ở đâu,NUOC_VAO
1341,may bi pin chai chỉ còn dùng được nửa ngày mới bị 2 ngày nay,PIN
1342,PIN TỤT RẤT NHANH DÙNG 2 TIẾNG ĐÃ HẾT BỊ TỪ TUẦN TRƯỚC,PIN
1343,khách báo báo pin sai phần trăm nhảy loạn,PIN
1344,khách hàng phản ánh màn hình bị hở sáng viền dưới bị từ tuần trước,MAN_HINH
1345,khách báo máy vào nước màn hình loang ố đã thử khởi động lại không được,NUOC_VAO
1346,khách báo màn hình chớp tắt liên tục xảy ra sau khi rơi,MAN_HINH
1347,may bi pin chai chỉ còn dùng được nửa ngày đã thử khởi động lại không được,PIN
1348,khách hàng phản ánh máy phồng pin cấn màn hình khách chưa từng sửa ở đâu,PIN
1349,cảm ứng chỗ được chỗ không đã thử khởi động lại không được,MAN_HINH
1350,khách hàng phản ánh cổng sạc bám bụi không tiếp xúc,SAC
1351,TÌNH TRẠNG: MÁY RƠI VÀO NƯỚC KHÔNG LÊN NGUỒN XẢY RA SAU KHI RƠI,NUOC_VAO
1352,tinh trang: pin nong bat thuong khi dung khach chua tung sua o dau,PIN
1353,kh noi cam ung loan khong bam duoc da thu khoi dong lai khong duoc,MAN_HINH
1354,khách báo sạc vào nhưng không nhận cáp đã thử khởi động lại không được,SAC
1355,dính nước biển máy nóng và tắt khách chưa từng sửa ở đâu,NUOC_VAO
1356,khách hàng phản ánh màn hình bị sọc dọc mới bị 2 ngày nay,MAN_HINH
1357,tình trạng: báo pin sai phần trăm nhảy loạn khách chưa từng sửa ở đâu,PIN
1358,may bi màn hình bị sọc dọc xảy ra sau khi rơi,MAN_HINH
1359,chân sạc lỏng phải giữ mới sạc được,SAC
1360,KH NOI CAM UNG LOAN KHONG BAM DUOC KHACH CHUA TUNG SUA O DAU,MAN_HINH
1361,may bi màn hình xuất hiện vệt mực loang,MAN_HINH
1362,kh nói màn hình nứt sau khi rơi đã thử khởi động lại không được,MAN_HINH
1363,máy phồng pin cấn màn hình,PIN
1364,may bi màn hình bị hở sáng viền dưới bị từ tuần trước,MAN_HINH
1365,khách hàng phản ánh màn hình đen không lên khách chưa từng sửa ở đâu,MAN_HINH
1366,màn hình bị hở sáng viền dưới mới bị 2 ngày nay,MAN_HINH
1367,khach bao dinh nuoc bien may nong va tat khach chua tung sua o dau,NUOC_VAO
1368,KH NOI CAM UNG CHO DUOC CHO KHONG DA THU KHOI DONG LAI KHONG DUOC,MAN_HINH
1369,may bi màn hình bị sọc dọc đã thử khởi động lại không được,MAN_HINH
1370,cắm sạc báo lỗi phụ kiện máy còn bảo hành,SAC
1371,man hinh nut sau khi roi moi bi 2 ngay nay,MAN_HINH
1372,máy bị đổ nước ngọt vào không sạc được đã thử khởi động lại không được,NUOC_VAO
1373,khach hang phan anh pin chai chi con dung duoc nua ngay da thu khoi dong lai khong duoc,PIN
1374,khách hàng phản ánh màn hình xuất hiện vệt mực loang bị từ tuần trước,MAN_HINH
1375,khách hàng phản ánh wifi không kết nối được sau cập nhật bị từ tuần trước,PHAN_MEM
1376,may bi màn hình bị ám vàng một góc mới bị 2 ngày nay,MAN_HINH
1377,may bi pin tụt rất nhanh dùng 2 tiếng đã hết mới bị 2 ngày nay,PIN
1378,tình trạng: màn hình nứt sau khi rơi xảy ra sau khi rơi,MAN_HINH
1379,may bi dinh nuoc bien may nong va tat bi tu tuan truoc,NUOC_VAO
1380,KHÁCH HÀNG PHẢN ÁNH ĐIỂM CHẾT TRÊN MÀN HÌNH ĐÃ THỬ KHỞI ĐỘNG LẠI KHÔNG ĐƯỢC,MAN_HINH
1381,pin chai chỉ còn dùng được nửa ngày mới bị 2 ngày nay,PIN
1382,khách báo pin sụt 20% chỉ sau vài phút bị từ tuần trước,PIN
1383,khách hàng phản ánh điểm chết trên màn hình,MAN_HINH
1384,sạc đầy nhưng dùng 30 phút là sập nguồn đã thử khởi động lại không được,PIN
1385,may bi pin tụt rất nhanh dùng 2 tiếng đã hết xảy ra sau khi rơi,PIN
1386,may bi cong sac bam bui khong tiep xuc khach chua tung sua o dau,SAC
1387,may bi pin tụt rất nhanh dùng 2 tiếng đã hết mới bị 2 ngày nay,PIN
1388,màn hình xuất hiện vệt mực loang đã thử khởi động lại không được,MAN_HINH
1389,tình trạng: điểm chết trên màn hình máy còn bảo hành,MAN_HINH
1390,máy tự tắt khi còn 30% pin khách chưa từng sửa ở đâu,PIN
1391,may bi màn hình nứt sau khi rơi máy còn bảo hành,MAN_HINH
1392,máy rơi vào nước không lên nguồn mới bị 2 ngày nay,NUOC_VAO
1393,tinh trang: chan sac long phai giu moi sac duoc may con bao hanh,SAC
1394,may bi cảm ứng loạn không bấm được xảy ra sau khi rơi,MAN_HINH
1395,TÌNH TRẠNG: MÀN HÌNH ĐEN KHÔNG LÊN ĐÃ THỬ KHỞI ĐỘNG LẠI KHÔNG ĐƯỢC,MAN_HINH
1396,khách báo máy tự khởi động lại nhiều lần trong ngày,PHAN_MEM
1397,khách hàng phản ánh cảm ứng chỗ được chỗ không khách chưa từng sửa ở đâu,MAN_HINH
1398,may bi máy tự khởi động lại nhiều lần trong ngày xảy ra sau khi rơi,PHAN_MEM
1399,kh nói pin tụt rất nhanh dùng 2 tiếng đã hết bị từ tuần trước,PIN
1400,khách báo màn hình bị hở sáng viền dưới,MAN_HINH
1401,khách hàng phản ánh màn hình bị ám vàng một góc máy còn bảo hành,MAN_HINH
1402,tinh trang: dinh nuoc bien may nong va tat bi tu tuan truoc,NUOC_VAO
1403,kh nói màn hình bị ám vàng một góc bị từ tuần trước,MAN_HINH
1404,kh nói màn hình bị ám vàng một góc khách chưa từng sửa ở đâu,MAN_HINH
1405,khách báo cảm ứng chỗ được chỗ không máy còn bảo hành,MAN_HINH
1406,kh noi cam sac may nong bat thuong may con bao hanh,SAC
1407,khách báo cắm sạc báo lỗi phụ kiện,SAC
1408,kh nói ứng dụng tự thoát liên tục đã thử khởi động lại không được,PHAN_MEM
1409,CHÂN SẠC LỎNG PHẢI GIỮ MỚI SẠC ĐƯỢC MỚI BỊ 2 NGÀY NAY,SAC
1410,tình trạng: pin tụt rất nhanh dùng 2 tiếng đã hết máy còn bảo hành,PIN
1411,khách báo màn hình xuất hiện vệt mực loang bị từ tuần trước,MAN_HINH
1412,khách hàng phản ánh màn hình bị sọc dọc khách chưa từng sửa ở đâu,MAN_HINH
1413,tinh trang: cam sac may nong bat thuong khach chua tung sua o dau,SAC
1414,may bi sạc đầy nhưng dùng 30 phút là sập nguồn mới bị 2 ngày nay,PIN
1415,khách báo màn hình bị sọc dọc bị từ tuần trước,MAN_HINH
1416,may bi cảm ứng chỗ được chỗ không đã thử khởi động lại không được,MAN_HINH
1417,may bi wifi không kết nối được sau cập nhật mới bị 2 ngày nay,PHAN_MEM
1418,tình trạng: sạc vào nhưng không nhận cáp đã thử khởi động lại không được,SAC
1419,khách hàng phản ánh rơi bồn rửa máy chập chờn khách chưa từng sửa ở đâu,NUOC_VAO
1420,khách hàng phản ánh máy phồng pin cấn màn hình khách chưa từng sửa ở đâu,PIN
1421,kh nói sạc rất chậm mất cả đêm mới bị 2 ngày nay,SAC
1422,khách báo pin chai chỉ còn dùng được nửa ngày máy còn bảo hành,PIN
1423,may bi máy treo logo không vào được hệ điều hành đã thử khởi động lại không được,PHAN_MEM
1424,kh nói máy vào nước màn hình loang ố đã thử khởi động lại không được,NUOC_VAO
1425,may bi man hinh xuat hien vet muc loang bi tu tuan truoc,MAN_HINH
1426,kh nói màn hình bị ám vàng một góc máy còn bảo hành,MAN_HINH
1427,khách hàng phản ánh sạc đầy nhưng dùng 30 phút là sập nguồn xảy ra sau khi rơi,PIN
1428,khách báo máy treo logo không vào được hệ điều hành đã thử khởi động lại không được,PHAN_MEM
1429,kh nói máy không giữ được pin qua đêm,PIN
1430,may bi cảm ứng loạn không bấm được,MAN_HINH
1431,MAN HINH CHOP TAT LIEN TUC XAY RA SAU KHI ROI,MAN_HINH
1432,khách báo máy vào nước màn hình loang ố khách chưa từng sửa ở đâu,NUOC_VAO
1433,may bi sac day nhung dung 30 phut la sap nguon moi bi 2 ngay nay,PIN
1434,kh nói điểm chết trên màn hình máy còn bảo hành,MAN_HINH
1435,kh nói màn hình bị hở sáng viền dưới bị từ tuần trước,MAN_HINH
1436,tình trạng: ứng dụng tự thoát liên tục khách chưa từng sửa ở đâu,PHAN_MEM
1437,kh nói điện thoại dính nước mưa loa bị rè,NUOC_VAO
1438,kh noi may vao nuoc man hinh loang o bi tu tuan truoc,NUOC_VAO
1439,rơi bồn rửa máy chập chờn khách chưa từng sửa ở đâu,NUOC_VAO
1440,cảm ứng loạn không bấm được đã thử khởi động lại không được,MAN_HINH
1441,tình trạng: cắm sạc không vào điện mới bị 2 ngày nay,SAC
1442,tình trạng: cảm ứng loạn không bấm được khách chưa từng sửa ở đâu,MAN_HINH
1443,kh nói máy tự khởi động lại nhiều lần trong ngày máy còn bảo hành,PHAN_MEM
1444,khách báo sạc vào nhưng không nhận cáp khách chưa từng sửa ở đâu,SAC
1445,tình trạng: cảm ứng chỗ được chỗ không bị từ tuần trước,MAN_HINH
1446,tình trạng: máy tự khởi động lại nhiều lần trong ngày bị từ tuần trước,PHAN_MEM
1447,khách hàng phản ánh sạc vào nhưng không nhận cáp khách chưa từng sửa ở đâu,SAC
1448,KH NÓI PIN TỤT RẤT NHANH DÙNG 2 TIẾNG ĐÃ HẾT KHÁCH CHƯA TỪNG SỬA Ở ĐÂU,PIN
1449,tình trạng: màn hình chớp tắt liên tục,MAN_HINH
1450,tình trạng: máy không giữ được pin qua đêm đã thử khởi động lại không được,PIN
1451,may bi chân sạc lỏng phải giữ mới sạc được máy còn bảo hành,SAC
1452,khách hàng phản ánh sạc đầy nhưng dùng 30 phút là sập nguồn mới bị 2 ngày nay,PIN
1453,pin sụt 20% chỉ sau vài phút khách chưa từng sửa ở đâu,PIN
1454,cổng sạc bị gãy chân máy còn bảo hành,SAC
1455,may bi cổng sạc bám bụi không tiếp xúc xảy ra sau khi rơi,SAC
1456,may bi màn hình xuất hiện vệt mực loang bị từ tuần trước,MAN_HINH
1457,may bi màn hình bị hở sáng viền dưới,MAN_HINH
1458,kh nói máy tự khởi động lại nhiều lần trong ngày máy còn bảo hành,PHAN_MEM
1459,khách hàng phản ánh màn hình đen không lên bị từ tuần trước,MAN_HINH
1460,may bi pin sụt 20% chỉ sau vài phút bị từ tuần trước,PIN
1461,khách hàng phản ánh không nhận sim máy còn bảo hành,KHAC
1462,khách hàng phản ánh điện thoại dính nước mưa loa bị rè khách chưa từng sửa ở đâu,NUOC_VAO
1463,khách hàng phản ánh sạc đầy nhưng dùng 30 phút là sập nguồn mới bị 2 ngày nay,PIN
1464,PIN TỤT RẤT NHANH DÙNG 2 TIẾNG ĐÃ HẾT MỚI BỊ 2 NGÀY NAY,PIN
1465,may bi cắm sạc không vào điện,SAC
1466,máy tự tắt khi còn 30% pin bị từ tuần trước,PIN
1467,tình trạng: sạc rất chậm mất cả đêm xảy ra sau khi rơi,SAC
1468,khách báo máy phồng pin cấn màn hình bị từ tuần trước,PIN
1469,tinh trang: camera mo len bi den man,PHAN_MEM
1470,kh nói báo pin sai phần trăm nhảy loạn,PIN
1471,khách báo màn hình xuất hiện vệt mực loang máy còn bảo hành,MAN_HINH
1472,tình trạng: cổng sạc bám bụi không tiếp xúc,SAC
1473,khách hàng phản ánh wifi không kết nối được sau cập nhật,PHAN_MEM
1474,kh nói màn hình chớp tắt liên tục mới bị 2 ngày nay,MAN_HINH
1475,TINH TRANG: PIN SUT 20% CHI SAU VAI PHUT MOI BI 2 NGAY NAY,PIN
1476,màn hình bị ám vàng một góc xảy ra sau khi rơi,MAN_HINH
1477,máy phồng pin cấn màn hình bị từ tuần trước,PIN
1478,may bi cảm ứng loạn không bấm được xảy ra sau khi rơi,MAN_HINH
1479,KHONG CAI DUOC UNG DUNG BAO LOI MOI BI 2 NGAY NAY,PHAN_MEM
1480,MÁY CÓ TIẾNG KÊU LẠ BÊN TRONG,KHAC
1481,dính nước biển máy nóng và tắt xảy ra sau khi rơi,NUOC_VAO
1482,khách hàng phản ánh sạc vào nhưng không nhận cáp bị từ tuần trước,SAC
1483,tình trạng: wifi không kết nối được sau cập nhật đã thử khởi động lại không được,PHAN_MEM
1484,khách hàng phản ánh máy tự khởi động lại nhiều lần trong ngày,PHAN_MEM
1485,khách báo màn hình nứt sau khi rơi xảy ra sau khi rơi,MAN_HINH
1486,man hinh bi soc doc khach chua tung sua o dau,MAN_HINH
1487,man hinh bi soc doc da thu khoi dong lai khong duoc,MAN_HINH
1488,khách hàng phản ánh wifi không kết nối được sau cập nhật xảy ra sau khi rơi,PHAN_MEM
1489,may bi dính nước biển máy nóng và tắt,NUOC_VAO
1490,tình trạng: màn hình bị sọc dọc,MAN_HINH
1491,may bi cắm sạc không vào điện máy còn bảo hành,SAC
1492,khách báo pin sụt 20% chỉ sau vài phút khách chưa từng sửa ở đâu,PIN
1493,khach hang phan anh cong sac bi gay chan xay ra sau khi roi,SAC
1494,sạc rất chậm mất cả đêm đã thử khởi động lại không được,SAC
1495,KHÁCH BÁO RƠI BỒN RỬA MÁY CHẬP CHỜN ĐÃ THỬ KHỞI ĐỘNG LẠI KHÔNG ĐƯỢC,NUOC_VAO
1496,tinh trang: mic goi dien doi phuong khong nghe duoc xay ra sau khi roi,KHAC
1497,kh nói màn hình bị sọc dọc đã thử khởi động lại không được,MAN_HINH
1498,camera sau bị mờ như có sương đã thử khởi động lại không được,KHAC
1499,tình trạng: báo pin sai phần trăm nhảy loạn,PIN
1500,khách báo máy có tiếng kêu lạ bên trong đã thử khởi động lại không được,KHAC
1501,khach hang phan anh pin tut rat nhanh dung 2 tieng da het bi tu tuan truoc,PIN
1502,khách báo ứng dụng tự thoát liên tục đã thử khởi động lại không được,PHAN_MEM
1503,tình trạng: cảm ứng loạn không bấm được khách chưa từng sửa ở đâu,MAN_HINH
1504,kh noi man hinh xuat hien vet muc loang moi bi 2 ngay nay,MAN_HINH
1505,màn hình chớp tắt liên tục máy còn bảo hành,MAN_HINH
1506,màn hình bị hở sáng viền dưới khách chưa từng sửa ở đâu,MAN_HINH
1507,tình trạng: điểm chết trên màn hình đã thử khởi động lại không được,MAN_HINH
1508,tình trạng: điểm chết trên màn hình bị từ tuần trước,MAN_HINH
1509,kh nói màn hình bị hở sáng viền dưới xảy ra sau khi rơi,MAN_HINH
1510,tình trạng: máy có tiếng kêu lạ bên trong bị từ tuần trước,KHAC
1511,khách hàng phản ánh máy không giữ được pin qua đêm đã thử khởi động lại không được,PIN
1512,khách hàng phản ánh màn hình xuất hiện vệt mực loang bị từ tuần trước,MAN_HINH
1513,khách báo máy không giữ được pin qua đêm mới bị 2 ngày nay,PIN
1514,khach bao man hinh xuat hien vet muc loang moi bi 2 ngay nay,MAN_HINH
1515,kh nói cổng sạc bị gãy chân xảy ra sau khi rơi,SAC
1516,khách hàng phản ánh cắm sạc máy nóng bất thường bị từ tuần trước,SAC
1517,cổng sạc bị gãy chân máy còn bảo hành,SAC
1518,khách báo sạc vào nhưng không nhận cáp mới bị 2 ngày nay,SAC
1519,khách báo pin tụt rất nhanh dùng 2 tiếng đã hết bị từ tuần trước,PIN
1520,khách hàng phản ánh camera sau bị mờ như có sương xảy ra sau khi rơi,KHAC
1521,tình trạng: loa ngoài rè không nghe rõ máy còn bảo hành,KHAC
1522,khach bao may phong pin can man hinh da thu khoi dong lai khong duoc,PIN
1523,khách hàng phản ánh màn hình bị ám vàng một góc,MAN_HINH
1524,may bi màn hình bị sọc dọc bị từ tuần trước,MAN_HINH
1525,khách báo màn hình bị sọc dọc bị từ tuần trước,MAN_HINH
1526,kh nói loa ngoài rè không nghe rõ khách chưa từng sửa ở đâu,KHAC
1527,KH NÓI MÀN HÌNH BỊ ÁM VÀNG MỘT GÓC KHÁCH CHƯA TỪNG SỬA Ở ĐÂU,MAN_HINH
1528,tình trạng: camera mở lên bị đen màn xảy ra sau khi rơi,PHAN_MEM
1529,màn hình nứt sau khi rơi bị từ tuần trước,MAN_HINH
1530,may bi màn hình bị hở sáng viền dưới đã thử khởi động lại không được,MAN_HINH
1531,kh nói máy phồng pin cấn màn hình đã thử khởi động lại không được,PIN
1532,khách hàng phản ánh máy không giữ được pin qua đêm mới bị 2 ngày nay,PIN
1533,kh nói chân sạc lỏng phải giữ mới sạc được đã thử khởi động lại không được,SAC
1534,cong sac bam bui khong tiep xuc khach chua tung sua o dau,SAC
1535,may bi máy chạy chậm giật lag sau khi cập nhật bị từ tuần trước,PHAN_MEM
1536,tình trạng: màn hình đen không lên mới bị 2 ngày nay,MAN_HINH
1537,tình trạng: màn hình chớp tắt liên tục bị từ tuần trước,MAN_HINH
1538,pin nóng bất thường khi dùng bị từ tuần trước,PIN
1539,kh nói điểm chết trên màn hình máy còn bảo hành,MAN_HINH
1540,tình trạng: cắm sạc không vào điện khách chưa từng sửa ở đâu,SAC
1541,KHÁCH BÁO ĐIỂM CHẾT TRÊN MÀN HÌNH,MAN_HINH
1542,camera sau bị mờ như có sương mới bị 2 ngày nay,KHAC
1543,khách báo màn hình bị ám vàng một góc xảy ra sau khi rơi,MAN_HINH
1544,khách hàng phản ánh cắm sạc không vào điện,SAC
1545,kh noi man hinh xuat hien vet muc loang,MAN_HINH
1546,may bi máy tự tắt khi còn 30% pin bị từ tuần trước,PIN
1547,kh nói pin sụt 20% chỉ sau vài phút xảy ra sau khi rơi,PIN
1548,kh nói dính nước biển máy nóng và tắt khách chưa từng sửa ở đâu,NUOC_VAO
1549,khách hàng phản ánh màn hình xuất hiện vệt mực loang đã thử khởi động lại không được,MAN_HINH
1550,man hinh den khong len khach chua tung sua o dau,MAN_HINH
1551,khách báo màn hình xuất hiện vệt mực loang đã thử khởi động lại không được,MAN_HINH
1552,kh nói máy tự khởi động lại nhiều lần trong ngày đã thử khởi động lại không được,PHAN_MEM
1553,tinh trang: quen mat khau khong mo duoc may bi tu tuan truoc,PHAN_MEM
1554,tinh trang: may tu tat khi con 30% pin xay ra sau khi roi,PIN
1555,tình trạng: màn hình chớp tắt liên tục,MAN_HINH
1556,khach bao nut nguon bi ket khach chua tung sua o dau,KHAC
1557,khách báo cổng sạc bám bụi không tiếp xúc khách chưa từng sửa ở đâu,SAC
1558,khách hàng phản ánh máy rơi vào nước không lên nguồn khách chưa từng sửa ở đâu,NUOC_VAO
1559,kh nói màn hình xuất hiện vệt mực loang khách chưa từng sửa ở đâu,MAN_HINH
1560,màn hình chớp tắt liên tục đã thử khởi động lại không được,MAN_HINH
1561,tình trạng: màn hình bị ám vàng một góc máy còn bảo hành,MAN_HINH
1562,may bi pin nong bat thuong khi dung khach chua tung sua o dau,PIN
1563,cắm sạc không vào điện,SAC
1564,man hinh xuat hien vet muc loang bi tu tuan truoc,MAN_HINH
1565,máy không giữ được pin qua đêm đã thử khởi động lại không được,PIN
1566,màn hình đen không lên mới bị 2 ngày nay,MAN_HINH
1567,may bi pin nóng bất thường khi dùng đã thử khởi động lại không được,PIN
1568,kh nói pin nóng bất thường khi dùng khách chưa từng sửa ở đâu,PIN
1569,báo pin sai phần trăm nhảy loạn bị từ tuần trước,PIN
1570,khách hàng phản ánh chân sạc lỏng phải giữ mới sạc được đã thử khởi động lại không được,SAC
1571,SẠC RẤT CHẬM MẤT CẢ ĐÊM ĐÃ THỬ KHỞI ĐỘNG LẠI KHÔNG ĐƯỢC,SAC
1572,kh nói màn hình bị hở sáng viền dưới bị từ tuần trước,MAN_HINH
1573,tình trạng: màn hình bị ám vàng một góc bị từ tuần trước,MAN_HINH
1574,KHACH BAO MAN HINH CHOP TAT LIEN TUC MAY CON BAO HANH,MAN_HINH
1575,kh nói màn hình đen không lên xảy ra sau khi rơi,MAN_HINH
1576,khách báo máy tự tắt khi còn 30% pin đã thử khởi động lại không được,PIN
1577,sạc đầy nhưng dùng 30 phút là sập nguồn máy còn bảo hành,PIN
1578,kh nói pin tụt rất nhanh dùng 2 tiếng đã hết đã thử khởi động lại không được,PIN
1579,khach hang phan anh may roi vao nuoc khong len nguon,NUOC_VAO
1580,may bi sạc vào nhưng không nhận cáp máy còn bảo hành,SAC
1581,khách báo màn hình bị sọc dọc mới bị 2 ngày nay,MAN_HINH
1582,khách báo pin sụt 20% chỉ sau vài phút,PIN
1583,KH NOI CAM UNG CHO DUOC CHO KHONG KHACH CHUA TUNG SUA O DAU,MAN_HINH
1584,kh nói quên mật khẩu không mở được máy khách chưa từng sửa ở đâu,PHAN_MEM
1585,khách báo máy phồng pin cấn màn hình,PIN
1586,cảm ứng chỗ được chỗ không,MAN_HINH
1587,tình trạng: cắm sạc báo lỗi phụ kiện đã thử khởi động lại không được,SAC
1588,khách hàng phản ánh quên mật khẩu không mở được máy xảy ra sau khi rơi,PHAN_MEM
1589,khách hàng phản ánh điện thoại dính nước mưa loa bị rè,NUOC_VAO
1590,tình trạng: máy tự khởi động lại nhiều lần trong ngày bị từ tuần trước,PHAN_MEM
1591,pin nong bat thuong khi dung bi tu tuan truoc,PIN
1592,MAY BI KHÔNG CÀI ĐƯỢC ỨNG DỤNG BÁO LỖI BỊ TỪ TUẦN TRƯỚC,PHAN_MEM
1593,tình trạng: máy treo logo không vào được hệ điều hành xảy ra sau khi rơi,PHAN_MEM
1594,KHÁCH HÀNG PHẢN ÁNH MÀN HÌNH BỊ SỌC DỌC ĐÃ THỬ KHỞI ĐỘNG LẠI KHÔNG ĐƯỢC,MAN_HINH
1595,kh nói máy tự khởi động lại nhiều lần trong ngày bị từ tuần trước,PHAN_MEM
1596,màn hình xuất hiện vệt mực loang bị từ tuần trước,MAN_HINH
1597,wifi không kết nối được sau cập nhật khách chưa từng sửa ở đâu,PHAN_MEM
1598,tình trạng: cổng sạc bám bụi không tiếp xúc,SAC
1599,pin chai chỉ còn dùng được nửa ngày khách chưa từng sửa ở đâu,PIN
1600,kh nói cổng sạc bị gãy chân khách chưa từng sửa ở đâu,SAC
1601,may bi máy phồng pin cấn màn hình mới bị 2 ngày nay,PIN
1602,may bi màn hình nứt sau khi rơi máy còn bảo hành,MAN_HINH
1603,CẢM ỨNG LOẠN KHÔNG BẤM ĐƯỢC KHÁCH CHƯA TỪNG SỬA Ở ĐÂU,MAN_HINH
1604,tình trạng: màn hình bị ám vàng một góc bị từ tuần trước,MAN_HINH
1605,pin sụt 20% chỉ sau vài phút mới bị 2 ngày nay,PIN
1606,khách hàng phản ánh cắm sạc không vào điện đã thử khởi động lại không được,SAC
1607,kh nói pin sụt 20% chỉ sau vài phút khách chưa từng sửa ở đâu,PIN
1608,khách hàng phản ánh ứng dụng tự thoát liên tục xảy ra sau khi rơi,PHAN_MEM
1609,kh nói máy tự tắt khi còn 30% pin,PIN
1610,tinh trang: pin sut 20% chi sau vai phut bi tu tuan truoc,PIN
1611,tình trạng: máy không giữ được pin qua đêm xảy ra sau khi rơi,PIN
1612,kh nói cảm ứng loạn không bấm được,MAN_HINH
1613,máy chạy chậm giật lag sau khi cập nhật máy còn bảo hành,PHAN_MEM
1614,man hinh bi am vang mot goc moi bi 2 ngay nay,MAN_HINH
1615,tinh trang: may khong giu duoc pin qua dem xay ra sau khi roi,PIN
1616,KHÁCH HÀNG PHẢN ÁNH MÁY PHỒNG PIN CẤN MÀN HÌNH MÁY CÒN BẢO HÀNH,PIN
1617,kh noi dinh nuoc bien may nong va tat khach chua tung sua o dau,NUOC_VAO
1618,tình trạng: cắm sạc báo lỗi phụ kiện khách chưa từng sửa ở đâu,SAC
1619,màn hình xuất hiện vệt mực loang mới bị 2 ngày nay,MAN_HINH
1620,tình trạng: pin tụt rất nhanh dùng 2 tiếng đã hết máy còn bảo hành,PIN
1621,kh nói màn hình xuất hiện vệt mực loang khách chưa từng sửa ở đâu,MAN_HINH
1622,kh nói pin tụt rất nhanh dùng 2 tiếng đã hết,PIN
1623,TÌNH TRẠNG: MÀN HÌNH CHỚP TẮT LIÊN TỤC MỚI BỊ 2 NGÀY NAY,MAN_HINH
1624,khách hàng phản ánh pin chai chỉ còn dùng được nửa ngày bị từ tuần trước,PIN
1625,kh nói máy tự tắt khi còn 30% pin mới bị 2 ngày nay,PIN
1626,khách hàng phản ánh điểm chết trên màn hình,MAN_HINH
1627,kh nói camera mở lên bị đen màn máy còn bảo hành,PHAN_MEM
1628,khách báo màn hình bị ám vàng một góc đã thử khởi động lại không được,MAN_HINH
1629,khách hàng phản ánh màn hình bị hở sáng viền dưới mới bị 2 ngày nay,MAN_HINH
1630,kh nói cảm ứng chỗ được chỗ không xảy ra sau khi rơi,MAN_HINH
1631,máy rung liên tục không dừng,KHAC
1632,khách hàng phản ánh màn hình xuất hiện vệt mực loang xảy ra sau khi rơi,MAN_HINH
1633,may bi máy phồng pin cấn màn hình xảy ra sau khi rơi,PIN
1634,khách hàng phản ánh cổng sạc bám bụi không tiếp xúc,SAC
1635,may bi chân sạc lỏng phải giữ mới sạc được đã thử khởi động lại không được,SAC
1636,kh nói cắm sạc báo lỗi phụ kiện xảy ra sau khi rơi,SAC
1637,KH NÓI MÀN HÌNH XUẤT HIỆN VỆT MỰC LOANG MÁY CÒN BẢO HÀNH,MAN_HINH
1638,khách báo chân sạc lỏng phải giữ mới sạc được mới bị 2 ngày nay,SAC
1639,may bi máy bị đổ nước ngọt vào không sạc được bị từ tuần trước,NUOC_VAO
1640,may bi loa ngoài rè không nghe rõ đã thử khởi động lại không được,KHAC
1641,may bi ứng dụng tự thoát liên tục đã thử khởi động lại không được,PHAN_MEM
1642,may bi màn hình bị ám vàng một góc máy còn bảo hành,MAN_HINH
1643,may bi màn hình xuất hiện vệt mực loang mới bị 2 ngày nay,MAN_HINH
1644,khách hàng phản ánh máy rơi vào nước không lên nguồn mới bị 2 ngày nay,NUOC_VAO
1645,kh nói pin tụt rất nhanh dùng 2 tiếng đã hết bị từ tuần trước,PIN
1646,khách hàng phản ánh cắm sạc máy nóng bất thường đã thử khởi động lại không được,SAC
1647,KHÁCH HÀNG PHẢN ÁNH PIN CHAI CHỈ CÒN DÙNG ĐƯỢC NỬA NGÀY BỊ TỪ TUẦN TRƯỚC,PIN
1648,kh noi bao pin sai phan tram nhay loan bi tu tuan truoc,PIN
1649,kh nói máy phồng pin cấn màn hình bị từ tuần trước,PIN
1650,kh nói máy chạy chậm giật lag sau khi cập nhật mới bị 2 ngày nay,PHAN_MEM
1651,tình trạng: pin sụt 20% chỉ sau vài phút,PIN
1652,kh nói máy tự tắt khi còn 30% pin đã thử khởi động lại không được,PIN
1653,tình trạng: máy không giữ được pin qua đêm xảy ra sau khi rơi,PIN
1654,khách hàng phản ánh màn hình đen không lên bị từ tuần trước,MAN_HINH
1655,KHÁCH BÁO MÀN HÌNH XUẤT HIỆN VỆT MỰC LOANG ĐÃ THỬ KHỞI ĐỘNG LẠI KHÔNG ĐƯỢC,MAN_HINH
1656,tình trạng: cảm ứng chỗ được chỗ không xảy ra sau khi rơi,MAN_HINH
1657,khách hàng phản ánh pin chai chỉ còn dùng được nửa ngày mới bị 2 ngày nay,PIN
1658,khách báo mic gọi điện đối phương không nghe được bị từ tuần trước,KHAC
1659,may bi máy rơi vào nước không lên nguồn khách chưa từng sửa ở đâu,NUOC_VAO
1660,may bi máy tự khởi động lại nhiều lần trong ngày,PHAN_MEM
1661,tình trạng: cảm ứng chỗ được chỗ không đã thử khởi động lại không được,MAN_HINH
1662,tình trạng: cổng sạc bám bụi không tiếp xúc mới bị 2 ngày nay,SAC
1663,tình trạng: máy vào nước màn hình loang ố mới bị 2 ngày nay,NUOC_VAO
1664,may bi màn hình xuất hiện vệt mực loang xảy ra sau khi rơi,MAN_HINH
1665,MAY BI ĐIỆN THOẠI DÍNH NƯỚC MƯA LOA BỊ RÈ,NUOC_VAO
1666,khách hàng phản ánh máy bị đổ nước ngọt vào không sạc được,NUOC_VAO
1667,khách hàng phản ánh máy chạy chậm giật lag sau khi cập nhật bị từ tuần trước,PHAN_MEM
1668,khách hàng phản ánh máy chạy chậm giật lag sau khi cập nhật máy còn bảo hành,PHAN_MEM
1669,khách báo màn hình bị ám vàng một góc,MAN_HINH
1670,may bi màn hình bị sọc dọc xảy ra sau khi rơi,MAN_HINH
1671,khach bao may tu khoi dong lai nhieu lan trong ngay da thu khoi dong lai khong duoc,PHAN_MEM
1672,may bi báo pin sai phần trăm nhảy loạn máy còn bảo hành,PIN
1673,pin chai chỉ còn dùng được nửa ngày đã thử khởi động lại không được,PIN
1674,màn hình chớp tắt liên tục bị từ tuần trước,MAN_HINH
1675,khách báo màn hình bị hở sáng viền dưới máy còn bảo hành,MAN_HINH
1676,kh nói máy chạy chậm giật lag sau khi cập nhật đã thử khởi động lại không được,PHAN_MEM
1677,may bi máy phồng pin cấn màn hình khách chưa từng sửa ở đâu,PIN
1678,tình trạng: báo pin sai phần trăm nhảy loạn máy còn bảo hành,PIN
1679,may khong giu duoc pin qua dem da thu khoi dong lai khong duoc,PIN
1680,khách hàng phản ánh pin tụt rất nhanh dùng 2 tiếng đã hết đã thử khởi động lại không được,PIN
1681,may bi cảm ứng chỗ được chỗ không mới bị 2 ngày nay,MAN_HINH
1682,tình trạng: máy chạy chậm giật lag sau khi cập nhật,PHAN_MEM
1683,tình trạng: máy rơi vào nước không lên nguồn bị từ tuần trước,NUOC_VAO
1684,may bi máy không giữ được pin qua đêm,PIN
1685,kh nói ứng dụng tự thoát liên tục xảy ra sau khi rơi,PHAN_MEM
1686,may bi cổng sạc bị gãy chân mới bị 2 ngày nay,SAC
1687,nút nguồn bị kẹt bị từ tuần trước,KHAC
1688,may bi máy tự khởi động lại nhiều lần trong ngày máy còn bảo hành,PHAN_MEM
1689,khach bao cam sac khong vao dien may con bao hanh,SAC
1690,tinh trang: may tu khoi dong lai nhieu lan trong ngay may con bao hanh,PHAN_MEM
1691,khách hàng phản ánh máy vào nước màn hình loang ố xảy ra sau khi rơi,NUOC_VAO
1692,pin chai chỉ còn dùng được nửa ngày khách chưa từng sửa ở đâu,PIN
1693,cảm ứng chỗ được chỗ không mới bị 2 ngày nay,MAN_HINH
1694,may bi pin chai chi con dung duoc nua ngay may con bao hanh,PIN
1695,cổng sạc bám bụi không tiếp xúc khách chưa từng sửa ở đâu,SAC
1696,khach bao man hinh bi ho sang vien duoi khach chua tung sua o dau,MAN_HINH
1697,may bi máy tự tắt khi còn 30% pin xảy ra sau khi rơi,PIN
1698,kh nói máy bị đổ nước ngọt vào không sạc được đã thử khởi động lại không được,NUOC_VAO
1699,tinh trang: pin nong bat thuong khi dung,PIN
1700,khách hàng phản ánh màn hình nứt sau khi rơi máy còn bảo hành,MAN_HINH
1701,kh nói máy có tiếng kêu lạ bên trong khách chưa từng sửa ở đâu,KHAC
1702,khách hàng phản ánh màn hình đen không lên mới bị 2 ngày nay,MAN_HINH
1703,màn hình đen không lên,MAN_HINH
1704,may bi máy phồng pin cấn màn hình đã thử khởi động lại không được,PIN
1705,khách báo cảm ứng loạn không bấm được đã thử khởi động lại không được,MAN_HINH
1706,may bi báo pin sai phần trăm nhảy loạn đã thử khởi động lại không được,PIN
1707,kh nói pin nóng bất thường khi dùng,PIN
1708,may bi cảm ứng loạn không bấm được mới bị 2 ngày nay,MAN_HINH
1709,máy không giữ được pin qua đêm máy còn bảo hành,PIN
1710,khách hàng phản ánh máy tự khởi động lại nhiều lần trong ngày xảy ra sau khi rơi,PHAN_MEM
1711,cổng sạc bám bụi không tiếp xúc máy còn bảo hành,SAC
1712,kh nói quên mật khẩu không mở được máy mới bị 2 ngày nay,PHAN_MEM
1713,chân sạc lỏng phải giữ mới sạc được mới bị 2 ngày nay,SAC
1714,kh noi man hinh bi am vang mot goc moi bi 2 ngay nay,MAN_HINH
1715,kh nói màn hình xuất hiện vệt mực loang xảy ra sau khi rơi,MAN_HINH
1716,may bi màn hình bị sọc dọc đã thử khởi động lại không được,MAN_HINH
1717,khach bao man hinh nut sau khi roi moi bi 2 ngay nay,MAN_HINH
1718,may bi may tu tat khi con 30% pin xay ra sau khi roi,PIN
1719,khách báo pin sụt 20% chỉ sau vài phút khách chưa từng sửa ở đâu,PIN
1720,sạc rất chậm mất cả đêm,SAC
1721,khách báo báo pin sai phần trăm nhảy loạn máy còn bảo hành,PIN
1722,khách báo màn hình xuất hiện vệt mực loang bị từ tuần trước,MAN_HINH
1723,kh nói chân sạc lỏng phải giữ mới sạc được xảy ra sau khi rơi,SAC
1724,kh nói máy bị đổ nước ngọt vào không sạc được đã thử khởi động lại không được,NUOC_VAO
1725,tình trạng: pin tụt rất nhanh dùng 2 tiếng đã hết đã thử khởi động lại không được,PIN
1726,tình trạng: máy tự tắt khi còn 30% pin,PIN
1727,màn hình bị ám vàng một góc khách chưa từng sửa ở đâu,MAN_HINH
1728,kh nói máy có tiếng kêu lạ bên trong đã thử khởi động lại không được,KHAC
1729,tinh trang: diem chet tren man hinh moi bi 2 ngay nay,MAN_HINH
1730,cam sac bao loi phu kien khach chua tung sua o dau,SAC
1731,màn hình nứt sau khi rơi đã thử khởi động lại không được,MAN_HINH
1732,MAY BI CAMERA SAU BỊ MỜ NHƯ CÓ SƯƠNG KHÁCH CHƯA TỪNG SỬA Ở ĐÂU,KHAC
1733,KH NÓI SẠC ĐẦY NHƯNG DÙNG 30 PHÚT LÀ SẬP NGUỒN XẢY RA SAU KHI RƠI,PIN
1734,kh nói sạc đầy nhưng dùng 30 phút là sập nguồn,PIN
1735,pin tụt rất nhanh dùng 2 tiếng đã hết khách chưa từng sửa ở đâu,PIN
1736,cảm ứng loạn không bấm được khách chưa từng sửa ở đâu,MAN_HINH
1737,cam sac may nong bat thuong bi tu tuan truoc,SAC
1738,khách báo sạc đầy nhưng dùng 30 phút là sập nguồn xảy ra sau khi rơi,PIN
1739,kh nói máy chạy chậm giật lag sau khi cập nhật đã thử khởi động lại không được,PHAN_MEM
1740,khách hàng phản ánh nút nguồn bị kẹt,KHAC
1741,tình trạng: pin sụt 20% chỉ sau vài phút xảy ra sau khi rơi,PIN
1742,may bi sạc rất chậm mất cả đêm máy còn bảo hành,SAC
1743,may bi màn hình bị hở sáng viền dưới bị từ tuần trước,MAN_HINH
1744,máy tự khởi động lại nhiều lần trong ngày,PHAN_MEM
1745,khach hang phan anh pin nong bat thuong khi dung xay ra sau khi roi,PIN
1746,khách báo loa ngoài rè không nghe rõ,KHAC
1747,may bi sạc vào nhưng không nhận cáp đã thử khởi động lại không được,SAC
1748,may bi cổng sạc bám bụi không tiếp xúc đã thử khởi động lại không được,SAC
1749,tình trạng: màn hình xuất hiện vệt mực loang xảy ra sau khi rơi,MAN_HINH
1750,KH NÓI CẮM SẠC BÁO LỖI PHỤ KIỆN XẢY RA SAU KHI RƠI,SAC
1751,khach hang phan anh camera mo len bi den man bi tu tuan truoc,PHAN_MEM
1752,khách báo wifi không kết nối được sau cập nhật đã thử khởi động lại không được,PHAN_MEM
1753,may bi điểm chết trên màn hình bị từ tuần trước,MAN_HINH
1754,tình trạng: điện thoại dính nước mưa loa bị rè đã thử khởi động lại không được,NUOC_VAO
1755,tình trạng: sạc rất chậm mất cả đêm khách chưa từng sửa ở đâu,SAC
1756,khách hàng phản ánh màn hình xuất hiện vệt mực loang bị từ tuần trước,MAN_HINH
1757,tình trạng: máy phồng pin cấn màn hình mới bị 2 ngày nay,PIN
1758,tình trạng: điểm chết trên màn hình máy còn bảo hành,MAN_HINH
1759,khách báo màn hình đen không lên bị từ tuần trước,MAN_HINH
1760,khách hàng phản ánh máy bị đổ nước ngọt vào không sạc được mới bị 2 ngày nay,NUOC_VAO
1761,khách báo điểm chết trên màn hình xảy ra sau khi rơi,MAN_HINH
1762,may bi màn hình chớp tắt liên tục xảy ra sau khi rơi,MAN_HINH
1763,tình trạng: pin chai chỉ còn dùng được nửa ngày xảy ra sau khi rơi,PIN
1764,điểm chết trên màn hình mới bị 2 ngày nay,MAN_HINH
1765,may bi chan sac long phai giu moi sac duoc may con bao hanh,SAC
1766,TÌNH TRẠNG: MÀN HÌNH XUẤT HIỆN VỆT MỰC LOANG,MAN_HINH
1767,kh nói máy bị đổ nước ngọt vào không sạc được máy còn bảo hành,NUOC_VAO
1768,KH NÓI DÍNH NƯỚC BIỂN MÁY NÓNG VÀ TẮT KHÁCH CHƯA TỪNG SỬA Ở ĐÂU,NUOC_VAO
1769,kh nói máy không giữ được pin qua đêm,PIN
1770,kh noi cong sac bi gay chan may con bao hanh,SAC
1771,KH NÓI CHÂN SẠC LỎNG PHẢI GIỮ MỚI SẠC ĐƯỢC KHÁCH CHƯA TỪNG SỬA Ở ĐÂU,SAC
1772,kh nói pin sụt 20% chỉ sau vài phút máy còn bảo hành,PIN
1773,tình trạng: pin tụt rất nhanh dùng 2 tiếng đã hết,PIN
1774,khách báo điện thoại dính nước mưa loa bị rè,NUOC_VAO
1775,kh nói điểm chết trên màn hình máy còn bảo hành,MAN_HINH
1776,màn hình bị sọc dọc khách chưa từng sửa ở đâu,MAN_HINH
1777,khách hàng phản ánh màn hình bị ám vàng một góc,MAN_HINH
1778,may bi bao pin sai phan tram nhay loan,PIN
1779,man hinh chop tat lien tuc khach chua tung sua o dau,MAN_HINH
1780,khách hàng phản ánh điểm chết trên màn hình bị từ tuần trước,MAN_HINH
1781,may bi màn hình nứt sau khi rơi,MAN_HINH
1782,kh nói pin nóng bất thường khi dùng mới bị 2 ngày nay,PIN
1783,may bi màn hình đen không lên đã thử khởi động lại không được,MAN_HINH
1784,khách báo màn hình xuất hiện vệt mực loang xảy ra sau khi rơi,MAN_HINH
1785,khách báo màn hình chớp tắt liên tục khách chưa từng sửa ở đâu,MAN_HINH
1786,KHÁCH HÀNG PHẢN ÁNH QUÊN MẬT KHẨU KHÔNG MỞ ĐƯỢC MÁY MÁY CÒN BẢO HÀNH,PHAN_MEM
1787,kh nói cắm sạc không vào điện bị từ tuần trước,SAC
1788,tình trạng: màn hình bị ám vàng một góc,MAN_HINH
1789,tình trạng: màn hình bị ám vàng một góc đã thử khởi động lại không được,MAN_HINH
1790,tình trạng: cắm sạc máy nóng bất thường bị từ tuần trước,SAC
1791,kh noi may phong pin can man hinh,PIN
1792,may bi cắm sạc không vào điện xảy ra sau khi rơi,SAC
1793,tình trạng: cổng sạc bám bụi không tiếp xúc mới bị 2 ngày nay,SAC
1794,tinh trang: pin sut 20% chi sau vai phut may con bao hanh,PIN
1795,tình trạng: sạc vào nhưng không nhận cáp khách chưa từng sửa ở đâu,SAC
1796,MAY BI MÀN HÌNH XUẤT HIỆN VỆT MỰC LOANG,MAN_HINH
1797,may bi máy treo logo không vào được hệ điều hành mới bị 2 ngày nay,PHAN_MEM
1798,tình trạng: cổng sạc bám bụi không tiếp xúc bị từ tuần trước,SAC
1799,kh nói pin chai chỉ còn dùng được nửa ngày máy còn bảo hành,PIN
1800,khách báo camera sau bị mờ như có sương xảy ra sau khi rơi,KHAC
1801,KHÁCH BÁO PIN TỤT RẤT NHANH DÙNG 2 TIẾNG ĐÃ HẾT MÁY CÒN BẢO HÀNH,PIN
1802,tình trạng: pin sụt 20% chỉ sau vài phút máy còn bảo hành,PIN
1803,MAY BI MÀN HÌNH ĐEN KHÔNG LÊN KHÁCH CHƯA TỪNG SỬA Ở ĐÂU,MAN_HINH
1804,khách hàng phản ánh màn hình chớp tắt liên tục xảy ra sau khi rơi,MAN_HINH
1805,điện thoại dính nước mưa loa bị rè,NUOC_VAO
1806,tình trạng: màn hình bị ám vàng một góc,MAN_HINH
1807,khach hang phan anh diem chet tren man hinh,MAN_HINH
1808,may bi máy chạy chậm giật lag sau khi cập nhật máy còn bảo hành,PHAN_MEM
1809,tinh trang: man hinh den khong len moi bi 2 ngay nay,MAN_HINH
1810,tình trạng: pin chai chỉ còn dùng được nửa ngày bị từ tuần trước,PIN
1811,KH NOI MAN HINH BI AM VANG MOT GOC KHACH CHUA TUNG SUA O DAU,MAN_HINH
1812,tình trạng: màn hình nứt sau khi rơi mới bị 2 ngày nay,MAN_HINH
1813,kh nói máy vào nước màn hình loang ố bị từ tuần trước,NUOC_VAO
1814,tình trạng: máy bị đổ nước ngọt vào không sạc được bị từ tuần trước,NUOC_VAO
1815,may bi man hinh bi soc doc bi tu tuan truoc,MAN_HINH
1816,kh nói cắm sạc báo lỗi phụ kiện,SAC
1817,may bi cảm ứng chỗ được chỗ không khách chưa từng sửa ở đâu,MAN_HINH
1818,khách báo điểm chết trên màn hình khách chưa từng sửa ở đâu,MAN_HINH
1819,tình trạng: máy chạy chậm giật lag sau khi cập nhật mới bị 2 ngày nay,PHAN_MEM
1820,khách báo cảm ứng loạn không bấm được mới bị 2 ngày nay,MAN_HINH
1821,khách báo màn hình đen không lên đã thử khởi động lại không được,MAN_HINH
1822,cam sac may nong bat thuong xay ra sau khi roi,SAC
1823,tình trạng: màn hình bị sọc dọc xảy ra sau khi rơi,MAN_HINH
1824,kh nói báo pin sai phần trăm nhảy loạn mới bị 2 ngày nay,PIN
1825,may bi màn hình đen không lên máy còn bảo hành,MAN_HINH
1826,tinh trang: wifi khong ket noi duoc sau cap nhat moi bi 2 ngay nay,PHAN_MEM
1827,khách hàng phản ánh máy tự tắt khi còn 30% pin khách chưa từng sửa ở đâu,PIN
1828,màn hình nứt sau khi rơi đã thử khởi động lại không được,MAN_HINH
1829,may bi pin chai chi con dung duoc nua ngay xay ra sau khi roi,PIN
1830,may bi cắm sạc máy nóng bất thường bị từ tuần trước,SAC
1831,TÌNH TRẠNG: MÀN HÌNH BỊ HỞ SÁNG VIỀN DƯỚI MỚI BỊ 2 NGÀY NAY,MAN_HINH
1832,máy phồng pin cấn màn hình mới bị 2 ngày nay,PIN
1833,khach hang phan anh may phong pin can man hinh moi bi 2 ngay nay,PIN
1834,màn hình bị hở sáng viền dưới khách chưa từng sửa ở đâu,MAN_HINH
1835,khách báo màn hình chớp tắt liên tục máy còn bảo hành,MAN_HINH
1836,màn hình xuất hiện vệt mực loang đã thử khởi động lại không được,MAN_HINH
1837,cam sac may nong bat thuong,SAC
1838,khách báo pin chai chỉ còn dùng được nửa ngày máy còn bảo hành,PIN
1839,khách báo cắm sạc máy nóng bất thường mới bị 2 ngày nay,SAC
1840,khách báo máy phồng pin cấn màn hình bị từ tuần trước,PIN
1841,may bi máy không giữ được pin qua đêm khách chưa từng sửa ở đâu,PIN
1842,pin nóng bất thường khi dùng khách chưa từng sửa ở đâu,PIN
1843,may bi chân sạc lỏng phải giữ mới sạc được,SAC
1844,màn hình bị hở sáng viền dưới bị từ tuần trước,MAN_HINH
1845,may bi may rung lien tuc khong dung da thu khoi dong lai khong duoc,KHAC
1846,tình trạng: màn hình bị hở sáng viền dưới đã thử khởi động lại không được,MAN_HINH
1847,khach bao sac day nhung dung 30 phut la sap nguon khach chua tung sua o dau,PIN
1848,máy không giữ được pin qua đêm mới bị 2 ngày nay,PIN
1849,khách hàng phản ánh nút nguồn bị kẹt đã thử khởi động lại không được,KHAC
1850,may bi man hinh chop tat lien tuc,MAN_HINH
1851,TÌNH TRẠNG: CẢM ỨNG CHỖ ĐƯỢC CHỖ KHÔNG,MAN_HINH
1852,tình trạng: wifi không kết nối được sau cập nhật bị từ tuần trước,PHAN_MEM
1853,KH NÓI MÁY TỰ TẮT KHI CÒN 30% PIN MỚI BỊ 2 NGÀY NAY,PIN
1854,tình trạng: sạc đầy nhưng dùng 30 phút là sập nguồn xảy ra sau khi rơi,PIN
1855,kh nói cổng sạc bám bụi không tiếp xúc bị từ tuần trước,SAC
1856,khách báo sạc vào nhưng không nhận cáp,SAC
1857,tình trạng: pin tụt rất nhanh dùng 2 tiếng đã hết đã thử khởi động lại không được,PIN
1858,khách báo báo pin sai phần trăm nhảy loạn mới bị 2 ngày nay,PIN
1859,khách báo sạc rất chậm mất cả đêm,SAC
1860,kh nói máy vào nước màn hình loang ố mới bị 2 ngày nay,NUOC_VAO
1861,camera mở lên bị đen màn khách chưa từng sửa ở đâu,PHAN_MEM
1862,kh noi man hinh bi am vang mot goc,MAN_HINH
1863,cam sac may nong bat thuong moi bi 2 ngay nay,SAC
1864,kh nói cắm sạc máy nóng bất thường xảy ra sau khi rơi,SAC
1865,không nhận sim đã thử khởi động lại không được,KHAC
1866,may bi cổng sạc bị gãy chân khách chưa từng sửa ở đâu,SAC
1867,khach bao man hinh chop tat lien tuc moi bi 2 ngay nay,MAN_HINH
1868,may bi man hinh bi am vang mot goc moi bi 2 ngay nay,MAN_HINH
1869,tinh trang: sac rat cham mat ca dem may con bao hanh,SAC
1870,khách báo màn hình bị ám vàng một góc khách chưa từng sửa ở đâu,MAN_HINH
1871,khách hàng phản ánh pin sụt 20% chỉ sau vài phút,PIN
1872,may bi máy treo logo không vào được hệ điều hành khách chưa từng sửa ở đâu,PHAN_MEM
1873,kh nói mic gọi điện đối phương không nghe được đã thử khởi động lại không được,KHAC
1874,khách hàng phản ánh dính nước biển máy nóng và tắt mới bị 2 ngày nay,NUOC_VAO
1875,khach hang phan anh diem chet tren man hinh may con bao hanh,MAN_HINH
1876,KHÁCH HÀNG PHẢN ÁNH SẠC VÀO NHƯNG KHÔNG NHẬN CÁP KHÁCH CHƯA TỪNG SỬA Ở ĐÂU,SAC
1877,khách hàng phản ánh mic gọi điện đối phương không nghe được xảy ra sau khi rơi,KHAC
1878,MÁY TỰ TẮT KHI CÒN 30% PIN ĐÃ THỬ KHỞI ĐỘNG LẠI KHÔNG ĐƯỢC,PIN
1879,KH NÓI PIN SỤT 20% CHỈ SAU VÀI PHÚT MÁY CÒN BẢO HÀNH,PIN
1880,man hinh bi soc doc may con bao hanh,MAN_HINH
1881,may bi màn hình nứt sau khi rơi,MAN_HINH
1882,khách hàng phản ánh báo pin sai phần trăm nhảy loạn xảy ra sau khi rơi,PIN
1883,kh nói cảm ứng loạn không bấm được bị từ tuần trước,MAN_HINH
1884,tình trạng: pin chai chỉ còn dùng được nửa ngày bị từ tuần trước,PIN
1885,kh nói màn hình đen không lên,MAN_HINH
1886,MAY BI PIN NÓNG BẤT THƯỜNG KHI DÙNG BỊ TỪ TUẦN TRƯỚC,PIN
1887,kh nói máy rung liên tục không dừng bị từ tuần trước,KHAC
1888,tinh trang: diem chet tren man hinh may con bao hanh,MAN_HINH
1889,pin chai chỉ còn dùng được nửa ngày khách chưa từng sửa ở đâu,PIN
1890,khách hàng phản ánh pin sụt 20% chỉ sau vài phút bị từ tuần trước,PIN
1891,kh nói sạc đầy nhưng dùng 30 phút là sập nguồn,PIN
1892,TÌNH TRẠNG: MÁY BỊ ĐỔ NƯỚC NGỌT VÀO KHÔNG SẠC ĐƯỢC KHÁCH CHƯA TỪNG SỬA Ở ĐÂU,NUOC_VAO
1893,kh nói pin nóng bất thường khi dùng khách chưa từng sửa ở đâu,PIN
1894,khách báo máy vào nước màn hình loang ố,NUOC_VAO
1895,tình trạng: sạc rất chậm mất cả đêm bị từ tuần trước,SAC
1896,khách hàng phản ánh màn hình chớp tắt liên tục đã thử khởi động lại không được,MAN_HINH
1897,kh nói máy vào nước màn hình loang ố bị từ tuần trước,NUOC_VAO
1898,pin tụt rất nhanh dùng 2 tiếng đã hết máy còn bảo hành,PIN
1899,khách báo pin sụt 20% chỉ sau vài phút mới bị 2 ngày nay,PIN
1900,tình trạng: quên mật khẩu không mở được máy mới bị 2 ngày nay,PHAN_MEM
1901,kh nói điểm chết trên màn hình,MAN_HINH
1902,màn hình chớp tắt liên tục,MAN_HINH
1903,may bi may khong giu duoc pin qua dem,PIN
1904,may bi cổng sạc bám bụi không tiếp xúc khách chưa từng sửa ở đâu,SAC
1905,KH NÓI MIC GỌI ĐIỆN ĐỐI PHƯƠNG KHÔNG NGHE ĐƯỢC BỊ TỪ TUẦN TRƯỚC,KHAC
1906,khach bao may phong pin can man hinh,PIN
1907,khách báo điểm chết trên màn hình máy còn bảo hành,MAN_HINH
1908,khách báo màn hình bị hở sáng viền dưới khách chưa từng sửa ở đâu,MAN_HINH
1909,khach hang phan anh pin nong bat thuong khi dung khach chua tung sua o dau,PIN
1910,chân sạc lỏng phải giữ mới sạc được mới bị 2 ngày nay,SAC
1911,màn hình nứt sau khi rơi mới bị 2 ngày nay,MAN_HINH
1912,khách hàng phản ánh màn hình bị sọc dọc khách chưa từng sửa ở đâu,MAN_HINH
1913,may bi màn hình bị hở sáng viền dưới đã thử khởi động lại không được,MAN_HINH
1914,tình trạng: máy có tiếng kêu lạ bên trong khách chưa từng sửa ở đâu,KHAC
1915,tình trạng: pin sụt 20% chỉ sau vài phút đã thử khởi động lại không được,PIN
1916,tình trạng: cắm sạc máy nóng bất thường mới bị 2 ngày nay,SAC
1917,khách hàng phản ánh màn hình xuất hiện vệt mực loang khách chưa từng sửa ở đâu,MAN_HINH
1918,dính nước biển máy nóng và tắt bị từ tuần trước,NUOC_VAO
1919,may bi máy chạy chậm giật lag sau khi cập nhật đã thử khởi động lại không được,PHAN_MEM
1920,kh nói pin tụt rất nhanh dùng 2 tiếng đã hết xảy ra sau khi rơi,PIN
1921,khách hàng phản ánh màn hình bị sọc dọc khách chưa từng sửa ở đâu,MAN_HINH
1922,kh nói màn hình nứt sau khi rơi đã thử khởi động lại không được,MAN_HINH
1923,pin chai chỉ còn dùng được nửa ngày bị từ tuần trước,PIN
1924,may bi máy chạy chậm giật lag sau khi cập nhật bị từ tuần trước,PHAN_MEM
1925,tình trạng: máy tự khởi động lại nhiều lần trong ngày,PHAN_MEM
1926,khách hàng phản ánh màn hình đen không lên máy còn bảo hành,MAN_HINH
1927,kh nói cảm ứng loạn không bấm được xảy ra sau khi rơi,MAN_HINH
1928,may bi máy phồng pin cấn màn hình mới bị 2 ngày nay,PIN
1929,màn hình nứt sau khi rơi đã thử khởi động lại không được,MAN_HINH
1930,khách báo pin sụt 20% chỉ sau vài phút bị từ tuần trước,PIN
1931,MAY BI CẢM ỨNG CHỖ ĐƯỢC CHỖ KHÔNG BỊ TỪ TUẦN TRƯỚC,MAN_HINH
1932,may bi màn hình chớp tắt liên tục máy còn bảo hành,MAN_HINH
1933,kh nói cảm ứng chỗ được chỗ không máy còn bảo hành,MAN_HINH
1934,khách hàng phản ánh máy tự khởi động lại nhiều lần trong ngày bị từ tuần trước,PHAN_MEM
1935,tình trạng: cảm ứng chỗ được chỗ không máy còn bảo hành,MAN_HINH
1936,khách báo cắm sạc báo lỗi phụ kiện đã thử khởi động lại không được,SAC
1937,khách báo màn hình nứt sau khi rơi,MAN_HINH
1938,MÁY KHÔNG GIỮ ĐƯỢC PIN QUA ĐÊM BỊ TỪ TUẦN TRƯỚC,PIN
1939,tình trạng: màn hình xuất hiện vệt mực loang xảy ra sau khi rơi,MAN_HINH
1940,KH NÓI PIN SỤT 20% CHỈ SAU VÀI PHÚT MỚI BỊ 2 NGÀY NAY,PIN
1941,kh nói ứng dụng tự thoát liên tục xảy ra sau khi rơi,PHAN_MEM
1942,kh noi may khong giu duoc pin qua dem bi tu tuan truoc,PIN
1943,khách hàng phản ánh pin tụt rất nhanh dùng 2 tiếng đã hết máy còn bảo hành,PIN
1944,kh nói cảm ứng loạn không bấm được,MAN_HINH
1945,kh nói pin chai chỉ còn dùng được nửa ngày máy còn bảo hành,PIN
1946,tình trạng: camera mở lên bị đen màn mới bị 2 ngày nay,PHAN_MEM
1947,khách báo pin nóng bất thường khi dùng,PIN
1948,ung dung tu thoat lien tuc xay ra sau khi roi,PHAN_MEM
1949,sạc đầy nhưng dùng 30 phút là sập nguồn,PIN
1950,khách hàng phản ánh màn hình bị hở sáng viền dưới đã thử khởi động lại không được,MAN_HINH
1951,may bi cam ung cho duoc cho khong,MAN_HINH
1952,khách hàng phản ánh màn hình đen không lên khách chưa từng sửa ở đâu,MAN_HINH
1953,KH NOI MAN HINH BI HO SANG VIEN DUOI BI TU TUAN TRUOC,MAN_HINH
1954,tinh trang: ung dung tu thoat lien tuc xay ra sau khi roi,PHAN_MEM
1955,may bi không cài được ứng dụng báo lỗi máy còn bảo hành,PHAN_MEM
1956,tình trạng: không cài được ứng dụng báo lỗi máy còn bảo hành,PHAN_MEM
1957,khách hàng phản ánh cổng sạc bị gãy chân bị từ tuần trước,SAC
1958,tình trạng: pin tụt rất nhanh dùng 2 tiếng đã hết máy còn bảo hành,PIN
1959,TÌNH TRẠNG: CHÂN SẠC LỎNG PHẢI GIỮ MỚI SẠC ĐƯỢC ĐÃ THỬ KHỞI ĐỘNG LẠI KHÔNG ĐƯỢC,SAC
1960,may bi cảm ứng chỗ được chỗ không bị từ tuần trước,MAN_HINH
1961,khách báo pin nóng bất thường khi dùng bị từ tuần trước,PIN
1962,màn hình đen không lên xảy ra sau khi rơi,MAN_HINH
1963,máy tự tắt khi còn 30% pin máy còn bảo hành,PIN
1964,khach bao cam sac bao loi phu kien bi tu tuan truoc,SAC
1965,tinh trang: cam ung cho duoc cho khong moi bi 2 ngay nay,MAN_HINH
1966,kh nói báo pin sai phần trăm nhảy loạn mới bị 2 ngày nay,PIN
1967,KH NÓI CẢM ỨNG CHỖ ĐƯỢC CHỖ KHÔNG ĐÃ THỬ KHỞI ĐỘNG LẠI KHÔNG ĐƯỢC,MAN_HINH
1968,kh nói điện thoại dính nước mưa loa bị rè máy còn bảo hành,NUOC_VAO
1969,tinh trang: man hinh den khong len may con bao hanh,MAN_HINH
1970,khách hàng phản ánh báo pin sai phần trăm nhảy loạn,PIN
1971,khách hàng phản ánh sạc đầy nhưng dùng 30 phút là sập nguồn khách chưa từng sửa ở đâu,PIN
1972,điểm chết trên màn hình bị từ tuần trước,MAN_HINH
1973,may bi điểm chết trên màn hình đã thử khởi động lại không được,MAN_HINH
1974,kh noi pin nong bat thuong khi dung da thu khoi dong lai khong duoc,PIN
1975,kh nói điện thoại dính nước mưa loa bị rè mới bị 2 ngày nay,NUOC_VAO
1976,máy vào nước màn hình loang ố khách chưa từng sửa ở đâu,NUOC_VAO
1977,kh nói camera sau bị mờ như có sương,KHAC
1978,tình trạng: máy tự tắt khi còn 30% pin xảy ra sau khi rơi,PIN
1979,tình trạng: pin tụt rất nhanh dùng 2 tiếng đã hết khách chưa từng sửa ở đâu,PIN
1980,pin nóng bất thường khi dùng mới bị 2 ngày nay,PIN
1981,kh nói màn hình bị ám vàng một góc bị từ tuần trước,MAN_HINH
1982,khach hang phan anh sac vao nhung khong nhan cap bi tu tuan truoc,SAC
1983,khách báo màn hình bị hở sáng viền dưới đã thử khởi động lại không được,MAN_HINH
1984,pin tụt rất nhanh dùng 2 tiếng đã hết máy còn bảo hành,PIN
1985,khách báo màn hình chớp tắt liên tục đã thử khởi động lại không được,MAN_HINH
1986,khách hàng phản ánh màn hình xuất hiện vệt mực loang mới bị 2 ngày nay,MAN_HINH
1987,khách báo điểm chết trên màn hình khách chưa từng sửa ở đâu,MAN_HINH
1988,khách hàng phản ánh máy chạy chậm giật lag sau khi cập nhật đã thử khởi động lại không được,PHAN_MEM
1989,may bi ứng dụng tự thoát liên tục máy còn bảo hành,PHAN_MEM
1990,cắm sạc báo lỗi phụ kiện bị từ tuần trước,SAC
1991,tình trạng: cảm ứng loạn không bấm được đã thử khởi động lại không được,MAN_HINH
1992,tình trạng: màn hình chớp tắt liên tục đã thử khởi động lại không được,MAN_HINH
1993,khách hàng phản ánh màn hình đen không lên,MAN_HINH
1994,tình trạng: điểm chết trên màn hình đã thử khởi động lại không được,MAN_HINH
1995,khách báo màn hình đen không lên đã thử khởi động lại không được,MAN_HINH
1996,may bi máy không giữ được pin qua đêm xảy ra sau khi rơi,PIN
1997,tình trạng: máy rung liên tục không dừng,KHAC
1998,kh nói máy phồng pin cấn màn hình,PIN
1999,khách hàng phản ánh màn hình nứt sau khi rơi khách chưa từng sửa ở đâu,MAN_HINH
2000,may bi màn hình chớp tắt liên tục đã thử khởi động lại không được,MAN_HINH
2001,kh nói máy chạy chậm giật lag sau khi cập nhật xảy ra sau khi rơi,PHAN_MEM
2002,may bi quên mật khẩu không mở được máy đã thử khởi động lại không được,PHAN_MEM
2003,khách báo pin chai chỉ còn dùng được nửa ngày khách chưa từng sửa ở đâu,PIN
2004,may bi cảm ứng loạn không bấm được khách chưa từng sửa ở đâu,MAN_HINH
2005,may bi màn hình bị ám vàng một góc,MAN_HINH
2006,khách báo pin sụt 20% chỉ sau vài phút khách chưa từng sửa ở đâu,PIN
2007,KH NÓI ĐIỂM CHẾT TRÊN MÀN HÌNH ĐÃ THỬ KHỞI ĐỘNG LẠI KHÔNG ĐƯỢC,MAN_HINH
2008,khach hang phan anh diem chet tren man hinh moi bi 2 ngay nay,MAN_HINH
2009,khách hàng phản ánh cổng sạc bám bụi không tiếp xúc bị từ tuần trước,SAC
2010,khách hàng phản ánh màn hình bị ám vàng một góc mới bị 2 ngày nay,MAN_HINH
2011,tình trạng: máy tự tắt khi còn 30% pin mới bị 2 ngày nay,PIN
2012,tình trạng: cắm sạc máy nóng bất thường mới bị 2 ngày nay,SAC
2013,may bi pin chai chỉ còn dùng được nửa ngày máy còn bảo hành,PIN
2014,may bi cảm ứng loạn không bấm được xảy ra sau khi rơi,MAN_HINH
2015,khách báo cảm ứng loạn không bấm được,MAN_HINH
2016,khách báo màn hình bị ám vàng một góc mới bị 2 ngày nay,MAN_HINH
2017,kh nói cắm sạc báo lỗi phụ kiện mới bị 2 ngày nay,SAC
2018,tình trạng: chân sạc lỏng phải giữ mới sạc được xảy ra sau khi rơi,SAC
2019,khach hang phan anh pin sut 20% chi sau vai phut bi tu tuan truoc,PIN
2020,khách hàng phản ánh sạc đầy nhưng dùng 30 phút là sập nguồn mới bị 2 ngày nay,PIN
2021,may bi may khong giu duoc pin qua dem moi bi 2 ngay nay,PIN
2022,tình trạng: pin tụt rất nhanh dùng 2 tiếng đã hết khách chưa từng sửa ở đâu,PIN
2023,pin tụt rất nhanh dùng 2 tiếng đã hết đã thử khởi động lại không được,PIN
2024,tình trạng: điểm chết trên màn hình máy còn bảo hành,MAN_HINH
2025,may bi báo pin sai phần trăm nhảy loạn,PIN
2026,khách báo điểm chết trên màn hình mới bị 2 ngày nay,MAN_HINH
2027,khách báo cắm sạc không vào điện mới bị 2 ngày nay,SAC
2028,KH NÓI MÀN HÌNH ĐEN KHÔNG LÊN BỊ TỪ TUẦN TRƯỚC,MAN_HINH
2029,khách hàng phản ánh màn hình xuất hiện vệt mực loang khách chưa từng sửa ở đâu,MAN_HINH
2030,kh nói cắm sạc không vào điện khách chưa từng sửa ở đâu,SAC
2031,kh nói màn hình chớp tắt liên tục đã thử khởi động lại không được,MAN_HINH
2032,cổng sạc bị gãy chân máy còn bảo hành,SAC
2033,khach bao man hinh chop tat lien tuc xay ra sau khi roi,MAN_HINH
2034,khach hang phan anh pin sut 20% chi sau vai phut khach chua tung sua o dau,PIN
2035,MAY BI PIN SỤT 20% CHỈ SAU VÀI PHÚT MÁY CÒN BẢO HÀNH,PIN
2036,sạc đầy nhưng dùng 30 phút là sập nguồn máy còn bảo hành,PIN
2037,tinh trang: loa ngoai re khong nghe ro khach chua tung sua o dau,KHAC
2038,KH NÓI SẠC ĐẦY NHƯNG DÙNG 30 PHÚT LÀ SẬP NGUỒN,PIN
2039,kh noi khong cai duoc ung dung bao loi da thu khoi dong lai khong duoc,PHAN_MEM
2040,kh nói màn hình bị ám vàng một góc đã thử khởi động lại không được,MAN_HINH
2041,kh nói màn hình chớp tắt liên tục,MAN_HINH
2042,tình trạng: màn hình bị ám vàng một góc,MAN_HINH
2043,kh nói điểm chết trên màn hình đã thử khởi động lại không được,MAN_HINH
2044,tình trạng: pin nóng bất thường khi dùng xảy ra sau khi rơi,PIN
2045,báo pin sai phần trăm nhảy loạn mới bị 2 ngày nay,PIN
2046,may bi may chay cham giat lag sau khi cap nhat moi bi 2 ngay nay,PHAN_MEM
2047,may bi do nuoc ngot vao khong sac duoc may con bao hanh,NUOC_VAO
2048,KH NÓI MÀN HÌNH XUẤT HIỆN VỆT MỰC LOANG MỚI BỊ 2 NGÀY NAY,MAN_HINH
2049,tình trạng: máy rung liên tục không dừng mới bị 2 ngày nay,KHAC
2050,MAY BI CAM UNG LOAN KHONG BAM DUOC MAY CON BAO HANH,MAN_HINH
2051,khách báo màn hình xuất hiện vệt mực loang khách chưa từng sửa ở đâu,MAN_HINH
2052,khách hàng phản ánh camera mở lên bị đen màn xảy ra sau khi rơi,PHAN_MEM
2053,kh nói không cài được ứng dụng báo lỗi máy còn bảo hành,PHAN_MEM
2054,màn hình chớp tắt liên tục xảy ra sau khi rơi,MAN_HINH
2055,kh nói mic gọi điện đối phương không nghe được bị từ tuần trước,KHAC
2056,may bi điểm chết trên màn hình mới bị 2 ngày nay,MAN_HINH
2057,KHACH BAO CAM SAC KHONG VAO DIEN MOI BI 2 NGAY NAY,SAC
2058,tình trạng: cổng sạc bị gãy chân đã thử khởi động lại không được,SAC
2059,may bi màn hình chớp tắt liên tục bị từ tuần trước,MAN_HINH
2060,tinh trang: sac vao nhung khong nhan cap xay ra sau khi roi,SAC
2061,may bi sac rat cham mat ca dem,SAC
2062,MÁY CHẠY CHẬM GIẬT LAG SAU KHI CẬP NHẬT KHÁCH CHƯA TỪNG SỬA Ở ĐÂU,PHAN_MEM
2063,kh nói cắm sạc báo lỗi phụ kiện bị từ tuần trước,SAC
2064,may bi cảm ứng loạn không bấm được bị từ tuần trước,MAN_HINH
2065,kh nói máy chạy chậm giật lag sau khi cập nhật đã thử khởi động lại không được,PHAN_MEM
2066,khach hang phan anh camera mo len bi den man da thu khoi dong lai khong duoc,PHAN_MEM
2067,khách báo màn hình chớp tắt liên tục khách chưa từng sửa ở đâu,MAN_HINH
2068,khách hàng phản ánh màn hình bị ám vàng một góc máy còn bảo hành,MAN_HINH
2069,khách hàng phản ánh màn hình bị sọc dọc mới bị 2 ngày nay,MAN_HINH
2070,khách báo sạc rất chậm mất cả đêm bị từ tuần trước,SAC
2071,cảm ứng chỗ được chỗ không bị từ tuần trước,MAN_HINH
2072,may bi chân sạc lỏng phải giữ mới sạc được xảy ra sau khi rơi,SAC
2073,nút nguồn bị kẹt mới bị 2 ngày nay,KHAC
2074,khach hang phan anh bao pin sai phan tram nhay loan may con bao hanh,PIN
2075,khách báo màn hình đen không lên mới bị 2 ngày nay,MAN_HINH
2076,KHÁCH BÁO MÀN HÌNH BỊ ÁM VÀNG MỘT GÓC BỊ TỪ TUẦN TRƯỚC,MAN_HINH
2077,tình trạng: ứng dụng tự thoát liên tục mới bị 2 ngày nay,PHAN_MEM
2078,khach bao pin sut 20% chi sau vai phut,PIN
2079,điểm chết trên màn hình,MAN_HINH
2080,may bi máy bị đổ nước ngọt vào không sạc được đã thử khởi động lại không được,NUOC_VAO
2081,khách hàng phản ánh cổng sạc bị gãy chân,SAC
2082,tình trạng: cắm sạc báo lỗi phụ kiện,SAC
2083,may bi cổng sạc bám bụi không tiếp xúc đã thử khởi động lại không được,SAC
2084,may bi màn hình xuất hiện vệt mực loang đã thử khởi động lại không được,MAN_HINH
2085,may bi nút nguồn bị kẹt xảy ra sau khi rơi,KHAC
2086,khach bao pin nong bat thuong khi dung bi tu tuan truoc,PIN
2087,may bi sạc rất chậm mất cả đêm xảy ra sau khi rơi,SAC
2088,điểm chết trên màn hình mới bị 2 ngày nay,MAN_HINH
2089,khách báo cắm sạc máy nóng bất thường xảy ra sau khi rơi,SAC
2090,khách báo dính nước biển máy nóng và tắt máy còn bảo hành,NUOC_VAO
2091,màn hình bị ám vàng một góc máy còn bảo hành,MAN_HINH
2092,cổng sạc bám bụi không tiếp xúc xảy ra sau khi rơi,SAC
2093,điện thoại dính nước mưa loa bị rè máy còn bảo hành,NUOC_VAO
2094,MAY BI NÚT NGUỒN BỊ KẸT MỚI BỊ 2 NGÀY NAY,KHAC
2095,khách báo cổng sạc bám bụi không tiếp xúc bị từ tuần trước,SAC
2096,may bi ứng dụng tự thoát liên tục khách chưa từng sửa ở đâu,PHAN_MEM
2097,kh nói máy vào nước màn hình loang ố đã thử khởi động lại không được,NUOC_VAO
2098,TÌNH TRẠNG: MÀN HÌNH BỊ HỞ SÁNG VIỀN DƯỚI MỚI BỊ 2 NGÀY NAY,MAN_HINH
2099,tình trạng: cắm sạc không vào điện xảy ra sau khi rơi,SAC
2100,khách báo cắm sạc máy nóng bất thường,SAC
2101,tình trạng: sạc đầy nhưng dùng 30 phút là sập nguồn,PIN
2102,tình trạng: pin nóng bất thường khi dùng khách chưa từng sửa ở đâu,PIN
2103,tình trạng: màn hình đen không lên đã thử khởi động lại không được,MAN_HINH
2104,tình trạng: sạc vào nhưng không nhận cáp mới bị 2 ngày nay,SAC
2105,kh noi man hinh xuat hien vet muc loang bi tu tuan truoc,MAN_HINH
2106,kh nói loa ngoài rè không nghe rõ,KHAC
2107,tình trạng: màn hình đen không lên xảy ra sau khi rơi,MAN_HINH
2108,TÌNH TRẠNG: PIN TỤT RẤT NHANH DÙNG 2 TIẾNG ĐÃ HẾT ĐÃ THỬ KHỞI ĐỘNG LẠI KHÔNG ĐƯỢC,PIN
2109,may bi sạc rất chậm mất cả đêm máy còn bảo hành,SAC
2110,tinh trang: sac rat cham mat ca dem moi bi 2 ngay nay,SAC
2111,khách hàng phản ánh màn hình bị hở sáng viền dưới máy còn bảo hành,MAN_HINH
2112,may bi cảm ứng loạn không bấm được xảy ra sau khi rơi,MAN_HINH
2113,rơi bồn rửa máy chập chờn bị từ tuần trước,NUOC_VAO
2114,khach bao may bi do nuoc ngot vao khong sac duoc xay ra sau khi roi,NUOC_VAO
2115,kh nói máy không giữ được pin qua đêm,PIN
2116,khách báo màn hình nứt sau khi rơi,MAN_HINH
2117,may bi điểm chết trên màn hình xảy ra sau khi rơi,MAN_HINH
2118,TÌNH TRẠNG: MÀN HÌNH ĐEN KHÔNG LÊN ĐÃ THỬ KHỞI ĐỘNG LẠI KHÔNG ĐƯỢC,MAN_HINH
2119,khách báo sạc đầy nhưng dùng 30 phút là sập nguồn đã thử khởi động lại không được,PIN
2120,kh noi cam sac bao loi phu kien khach chua tung sua o dau,SAC
2121,KHÁCH HÀNG PHẢN ÁNH MÁY BỊ ĐỔ NƯỚC NGỌT VÀO KHÔNG SẠC ĐƯỢC MÁY CÒN BẢO HÀNH,NUOC_VAO
2122,ỨNG DỤNG TỰ THOÁT LIÊN TỤC MỚI BỊ 2 NGÀY NAY,PHAN_MEM
2123,kh nói màn hình bị sọc dọc máy còn bảo hành,MAN_HINH
2124,khách hàng phản ánh cảm ứng chỗ được chỗ không máy còn bảo hành,MAN_HINH
2125,may bi pin chai chỉ còn dùng được nửa ngày,PIN
2126,khach bao pin nong bat thuong khi dung khach chua tung sua o dau,PIN
2127,khách báo máy tự khởi động lại nhiều lần trong ngày bị từ tuần trước,PHAN_MEM
2128,màn hình bị sọc dọc khách chưa từng sửa ở đâu,MAN_HINH
2129,khach hang phan anh pin tut rat nhanh dung 2 tieng da het moi bi 2 ngay nay,PIN
2130,kh noi khong nhan sim khach chua tung sua o dau,KHAC
2131,màn hình bị hở sáng viền dưới mới bị 2 ngày nay,MAN_HINH
2132,TINH TRANG: CONG SAC BI GAY CHAN DA THU KHOI DONG LAI KHONG DUOC,SAC
2133,KH NÓI MÀN HÌNH BỊ SỌC DỌC BỊ TỪ TUẦN TRƯỚC,MAN_HINH
2134,may bi may bi do nuoc ngot vao khong sac duoc da thu khoi dong lai khong duoc,NUOC_VAO
2135,pin chai chỉ còn dùng được nửa ngày máy còn bảo hành,PIN
2136,kh nói pin tụt rất nhanh dùng 2 tiếng đã hết,PIN
2137,khách báo cảm ứng loạn không bấm được khách chưa từng sửa ở đâu,MAN_HINH
2138,tình trạng: chân sạc lỏng phải giữ mới sạc được khách chưa từng sửa ở đâu,SAC
2139,khách hàng phản ánh màn hình xuất hiện vệt mực loang,MAN_HINH
2140,MAY BI MÀN HÌNH BỊ ÁM VÀNG MỘT GÓC ĐÃ THỬ KHỞI ĐỘNG LẠI KHÔNG ĐƯỢC,MAN_HINH
2141,ứng dụng tự thoát liên tục mới bị 2 ngày nay,PHAN_MEM
2142,tình trạng: pin chai chỉ còn dùng được nửa ngày mới bị 2 ngày nay,PIN
2143,khách hàng phản ánh sạc rất chậm mất cả đêm mới bị 2 ngày nay,SAC
2144,kh nói điện thoại dính nước mưa loa bị rè máy còn bảo hành,NUOC_VAO
2145,khách hàng phản ánh máy treo logo không vào được hệ điều hành,PHAN_MEM
2146,CẮM SẠC MÁY NÓNG BẤT THƯỜNG MÁY CÒN BẢO HÀNH,SAC
2147,kh nói màn hình bị sọc dọc khách chưa từng sửa ở đâu,MAN_HINH
2148,kh noi man hinh bi am vang mot goc da thu khoi dong lai khong duoc,MAN_HINH
2149,cảm ứng chỗ được chỗ không,MAN_HINH
2150,pin chai chỉ còn dùng được nửa ngày đã thử khởi động lại không được,PIN
2151,may bi pin chai chỉ còn dùng được nửa ngày đã thử khởi động lại không được,PIN
2152,màn hình bị sọc dọc đã thử khởi động lại không được,MAN_HINH
2153,may bi màn hình bị sọc dọc xảy ra sau khi rơi,MAN_HINH
2154,may bi không cài được ứng dụng báo lỗi,PHAN_MEM
2155,may bi cảm ứng loạn không bấm được bị từ tuần trước,MAN_HINH
2156,kh nói màn hình chớp tắt liên tục mới bị 2 ngày nay,MAN_HINH
2157,máy bị đổ nước ngọt vào không sạc được mới bị 2 ngày nay,NUOC_VAO
2158,tình trạng: sạc rất chậm mất cả đêm,SAC
2159,tình trạng: màn hình nứt sau khi rơi máy còn bảo hành,MAN_HINH
2160,may bi máy không giữ được pin qua đêm mới bị 2 ngày nay,PIN
2161,may bi nút nguồn bị kẹt đã thử khởi động lại không được,KHAC
2162,kh nói wifi không kết nối được sau cập nhật máy còn bảo hành,PHAN_MEM
2163,kh nói máy vào nước màn hình loang ố khách chưa từng sửa ở đâu,NUOC_VAO
2164,may chay cham giat lag sau khi cap nhat,PHAN_MEM
2165,tình trạng: máy có tiếng kêu lạ bên trong,KHAC
2166,KHÁCH BÁO CẢM ỨNG LOẠN KHÔNG BẤM ĐƯỢC MỚI BỊ 2 NGÀY NAY,MAN_HINH
2167,TÌNH TRẠNG: KHÔNG NHẬN SIM MÁY CÒN BẢO HÀNH,KHAC
2168,tình trạng: cắm sạc báo lỗi phụ kiện,SAC
2169,khách báo sạc rất chậm mất cả đêm,SAC
2170,khach bao may chay cham giat lag sau khi cap nhat bi tu tuan truoc,PHAN_MEM
2171,khách báo máy rung liên tục không dừng khách chưa từng sửa ở đâu,KHAC
2172,khách hàng phản ánh màn hình chớp tắt liên tục đã thử khởi động lại không được,MAN_HINH
2173,khach hang phan anh pin tut rat nhanh dung 2 tieng da het,PIN
2174,khách hàng phản ánh báo pin sai phần trăm nhảy loạn xảy ra sau khi rơi,PIN
2175,kh nói máy chạy chậm giật lag sau khi cập nhật,PHAN_MEM
2176,khách hàng phản ánh pin chai chỉ còn dùng được nửa ngày xảy ra sau khi rơi,PIN
2177,tình trạng: máy bị đổ nước ngọt vào không sạc được bị từ tuần trước,NUOC_VAO
2178,khách báo sạc đầy nhưng dùng 30 phút là sập nguồn xảy ra sau khi rơi,PIN
2179,TÌNH TRẠNG: MÁY CÓ TIẾNG KÊU LẠ BÊN TRONG BỊ TỪ TUẦN TRƯỚC,KHAC
2180,khách hàng phản ánh cảm ứng loạn không bấm được khách chưa từng sửa ở đâu,MAN_HINH
2181,khách báo màn hình bị hở sáng viền dưới,MAN_HINH
2182,tình trạng: camera sau bị mờ như có sương đã thử khởi động lại không được,KHAC
2183,tình trạng: sạc đầy nhưng dùng 30 phút là sập nguồn máy còn bảo hành,PIN
2184,may bi màn hình xuất hiện vệt mực loang mới bị 2 ngày nay,MAN_HINH
2185,KHÁCH HÀNG PHẢN ÁNH CHÂN SẠC LỎNG PHẢI GIỮ MỚI SẠC ĐƯỢC MỚI BỊ 2 NGÀY NAY,SAC
2186,kh nói màn hình chớp tắt liên tục mới bị 2 ngày nay,MAN_HINH
2187,MAY BI PIN NÓNG BẤT THƯỜNG KHI DÙNG MỚI BỊ 2 NGÀY NAY,PIN
2188,kh nói cắm sạc báo lỗi phụ kiện khách chưa từng sửa ở đâu,SAC
2189,may bi màn hình xuất hiện vệt mực loang,MAN_HINH
2190,tình trạng: nút nguồn bị kẹt,KHAC
2191,MÁY TREO LOGO KHÔNG VÀO ĐƯỢC HỆ ĐIỀU HÀNH BỊ TỪ TUẦN TRƯỚC,PHAN_MEM
2192,tình trạng: máy vào nước màn hình loang ố máy còn bảo hành,NUOC_VAO
2193,máy treo logo không vào được hệ điều hành máy còn bảo hành,PHAN_MEM
2194,may bi wifi không kết nối được sau cập nhật bị từ tuần trước,PHAN_MEM
2195,màn hình xuất hiện vệt mực loang máy còn bảo hành,MAN_HINH
2196,may bi màn hình đen không lên,MAN_HINH
2197,màn hình bị sọc dọc máy còn bảo hành,MAN_HINH
2198,tình trạng: máy phồng pin cấn màn hình bị từ tuần trước,PIN
2199,kh nói cắm sạc không vào điện máy còn bảo hành,SAC
2200,may bi pin chai chỉ còn dùng được nửa ngày xảy ra sau khi rơi,PIN
2201,tinh trang: may khong giu duoc pin qua dem bi tu tuan truoc,PIN
2202,KHÁCH BÁO CỔNG SẠC BÁM BỤI KHÔNG TIẾP XÚC KHÁCH CHƯA TỪNG SỬA Ở ĐÂU,SAC
2203,kh nói máy rơi vào nước không lên nguồn,NUOC_VAO
2204,KH NÓI MÀN HÌNH XUẤT HIỆN VỆT MỰC LOANG KHÁCH CHƯA TỪNG SỬA Ở ĐÂU,MAN_HINH
2205,may bi mic gọi điện đối phương không nghe được bị từ tuần trước,KHAC
2206,camera sau bi mo nhu co suong khach chua tung sua o dau,KHAC
2207,tinh trang: cam sac khong vao dien,SAC
2208,khach bao cam sac khong vao dien xay ra sau khi roi,SAC
2209,kh nói cảm ứng chỗ được chỗ không mới bị 2 ngày nay,MAN_HINH
2210,khach bao ung dung tu thoat lien tuc xay ra sau khi roi,PHAN_MEM
2211,máy có tiếng kêu lạ bên trong khách chưa từng sửa ở đâu,KHAC
2212,may bi man hinh chop tat lien tuc khach chua tung sua o dau,MAN_HINH
2213,may bi không cài được ứng dụng báo lỗi máy còn bảo hành,PHAN_MEM
2214,khách hàng phản ánh máy phồng pin cấn màn hình đã thử khởi động lại không được,PIN
2215,kh nói điểm chết trên màn hình xảy ra sau khi rơi,MAN_HINH
2216,kh noi dinh nuoc bien may nong va tat khach chua tung sua o dau,NUOC_VAO
2217,máy treo logo không vào được hệ điều hành khách chưa từng sửa ở đâu,PHAN_MEM
2218,tinh trang: man hinh bi ho sang vien duoi da thu khoi dong lai khong duoc,MAN_HINH
2219,khach hang phan anh sac rat cham mat ca dem,SAC
2220,khách báo máy tự tắt khi còn 30% pin mới bị 2 ngày nay,PIN
2221,KHACH BAO DINH NUOC BIEN MAY NONG VA TAT MAY CON BAO HANH,NUOC_VAO
2222,TÌNH TRẠNG: MÀN HÌNH BỊ ÁM VÀNG MỘT GÓC BỊ TỪ TUẦN TRƯỚC,MAN_HINH
2223,kh nói không cài được ứng dụng báo lỗi mới bị 2 ngày nay,PHAN_MEM
2224,rơi bồn rửa máy chập chờn bị từ tuần trước,NUOC_VAO
2225,kh nói máy phồng pin cấn màn hình,PIN
2226,khách báo camera mở lên bị đen màn máy còn bảo hành,PHAN_MEM
2227,KH NÓI MÀN HÌNH BỊ ÁM VÀNG MỘT GÓC,MAN_HINH
2228,khách báo loa ngoài rè không nghe rõ xảy ra sau khi rơi,KHAC
2229,kh nói báo pin sai phần trăm nhảy loạn,PIN
2230,may bi điện thoại dính nước mưa loa bị rè mới bị 2 ngày nay,NUOC_VAO
2231,CẮM SẠC KHÔNG VÀO ĐIỆN BỊ TỪ TUẦN TRƯỚC,SAC
2232,khách hàng phản ánh rơi bồn rửa máy chập chờn bị từ tuần trước,NUOC_VAO
2233,khách báo camera mở lên bị đen màn mới bị 2 ngày nay,PHAN_MEM
2234,khong cai duoc ung dung bao loi may con bao hanh,PHAN_MEM
2235,may bi ứng dụng tự thoát liên tục đã thử khởi động lại không được,PHAN_MEM
2236,báo pin sai phần trăm nhảy loạn,PIN
2237,kh nói pin chai chỉ còn dùng được nửa ngày mới bị 2 ngày nay,PIN
2238,khách hàng phản ánh máy tự khởi động lại nhiều lần trong ngày bị từ tuần trước,PHAN_MEM
2239,khach bao pin nong bat thuong khi dung may con bao hanh,PIN
2240,may bi không cài được ứng dụng báo lỗi,PHAN_MEM
2241,khách báo cổng sạc bám bụi không tiếp xúc đã thử khởi động lại không được,SAC
2242,khách hàng phản ánh màn hình đen không lên khách chưa từng sửa ở đâu,MAN_HINH
2243,khách báo wifi không kết nối được sau cập nhật xảy ra sau khi rơi,PHAN_MEM
2244,MAY BI KHÔNG CÀI ĐƯỢC ỨNG DỤNG BÁO LỖI XẢY RA SAU KHI RƠI,PHAN_MEM
2245,khách hàng phản ánh pin nóng bất thường khi dùng bị từ tuần trước,PIN
2246,sạc rất chậm mất cả đêm máy còn bảo hành,SAC
2247,may bi màn hình bị hở sáng viền dưới máy còn bảo hành,MAN_HINH
2248,khách báo ứng dụng tự thoát liên tục máy còn bảo hành,PHAN_MEM
2249,may bi màn hình đen không lên khách chưa từng sửa ở đâu,MAN_HINH
2250,may bi máy không giữ được pin qua đêm,PIN
2251,khách hàng phản ánh máy chạy chậm giật lag sau khi cập nhật máy còn bảo hành,PHAN_MEM
2252,khách hàng phản ánh cổng sạc bị gãy chân máy còn bảo hành,SAC
2253,màn hình bị sọc dọc mới bị 2 ngày nay,MAN_HINH
2254,khách báo ứng dụng tự thoát liên tục mới bị 2 ngày nay,PHAN_MEM
2255,MAY BI PIN NONG BAT THUONG KHI DUNG XAY RA SAU KHI ROI,PIN
2256,khách báo cắm sạc không vào điện đã thử khởi động lại không được,SAC
2257,cảm ứng chỗ được chỗ không khách chưa từng sửa ở đâu,MAN_HINH
2258,tình trạng: pin nóng bất thường khi dùng,PIN
2259,khách báo màn hình đen không lên khách chưa từng sửa ở đâu,MAN_HINH
2260,KHACH HANG PHAN ANH DIEN THOAI DINH NUOC MUA LOA BI RE BI TU TUAN TRUOC,NUOC_VAO
2261,kh noi may khong giu duoc pin qua dem may con bao hanh,PIN
2262,tình trạng: màn hình bị sọc dọc máy còn bảo hành,MAN_HINH
2263,cổng sạc bám bụi không tiếp xúc bị từ tuần trước,SAC
2264,pin tụt rất nhanh dùng 2 tiếng đã hết bị từ tuần trước,PIN
2265,kh nói màn hình bị sọc dọc khách chưa từng sửa ở đâu,MAN_HINH
2266,tình trạng: máy bị đổ nước ngọt vào không sạc được khách chưa từng sửa ở đâu,NUOC_VAO
2267,khách báo ứng dụng tự thoát liên tục khách chưa từng sửa ở đâu,PHAN_MEM
2268,khach hang phan anh may phong pin can man hinh da thu khoi dong lai khong duoc,PIN
2269,khách báo máy không giữ được pin qua đêm xảy ra sau khi rơi,PIN
2270,may bi man hinh chop tat lien tuc khach chua tung sua o dau,MAN_HINH
2271,may bi sac rat cham mat ca dem moi bi 2 ngay nay,SAC
2272,khách hàng phản ánh cảm ứng loạn không bấm được khách chưa từng sửa ở đâu,MAN_HINH
2273,tình trạng: mic gọi điện đối phương không nghe được khách chưa từng sửa ở đâu,KHAC
2274,máy phồng pin cấn màn hình,PIN
2275,tình trạng: rơi bồn rửa máy chập chờn máy còn bảo hành,NUOC_VAO
2276,TÌNH TRẠNG: MÀN HÌNH CHỚP TẮT LIÊN TỤC BỊ TỪ TUẦN TRƯỚC,MAN_HINH
2277,kh noi bao pin sai phan tram nhay loan xay ra sau khi roi,PIN
2278,chân sạc lỏng phải giữ mới sạc được,SAC
2279,chân sạc lỏng phải giữ mới sạc được bị từ tuần trước,SAC
2280,khách báo pin chai chỉ còn dùng được nửa ngày mới bị 2 ngày nay,PIN
2281,khách hàng phản ánh pin chai chỉ còn dùng được nửa ngày máy còn bảo hành,PIN
2282,kh nói dính nước biển máy nóng và tắt bị từ tuần trước,NUOC_VAO
2283,kh noi sac vao nhung khong nhan cap may con bao hanh,SAC
2284,may bi cổng sạc bị gãy chân xảy ra sau khi rơi,SAC
2285,khách hàng phản ánh màn hình xuất hiện vệt mực loang mới bị 2 ngày nay,MAN_HINH
2286,kh nói máy không giữ được pin qua đêm xảy ra sau khi rơi,PIN
2287,khách báo cảm ứng loạn không bấm được xảy ra sau khi rơi,MAN_HINH
2288,may bi máy có tiếng kêu lạ bên trong mới bị 2 ngày nay,KHAC
2289,man hinh xuat hien vet muc loang khach chua tung sua o dau,MAN_HINH
2290,may bi màn hình bị hở sáng viền dưới xảy ra sau khi rơi,MAN_HINH
2291,khách hàng phản ánh màn hình đen không lên đã thử khởi động lại không được,MAN_HINH
2292,khách báo cổng sạc bị gãy chân mới bị 2 ngày nay,SAC
2293,KHÁCH BÁO MÁY BỊ ĐỔ NƯỚC NGỌT VÀO KHÔNG SẠC ĐƯỢC BỊ TỪ TUẦN TRƯỚC,NUOC_VAO
2294,khách báo màn hình bị sọc dọc máy còn bảo hành,MAN_HINH
2295,may bi màn hình bị hở sáng viền dưới mới bị 2 ngày nay,MAN_HINH
2296,kh nói pin nóng bất thường khi dùng bị từ tuần trước,PIN
2297,khách báo pin sụt 20% chỉ sau vài phút khách chưa từng sửa ở đâu,PIN
2298,cảm ứng chỗ được chỗ không máy còn bảo hành,MAN_HINH
2299,KHÔNG CÀI ĐƯỢC ỨNG DỤNG BÁO LỖI,PHAN_MEM
2300,PIN TỤT RẤT NHANH DÙNG 2 TIẾNG ĐÃ HẾT ĐÃ THỬ KHỞI ĐỘNG LẠI KHÔNG ĐƯỢC,PIN
2301,khách báo màn hình bị sọc dọc,MAN_HINH
2302,cam sac khong vao dien bi tu tuan truoc,SAC
2303,khách hàng phản ánh cảm ứng chỗ được chỗ không đã thử khởi động lại không được,MAN_HINH
2304,cam ung loan khong bam duoc xay ra sau khi roi,MAN_HINH
2305,khách báo màn hình chớp tắt liên tục xảy ra sau khi rơi,MAN_HINH
2306,kh nói máy chạy chậm giật lag sau khi cập nhật xảy ra sau khi rơi,PHAN_MEM
2307,máy có tiếng kêu lạ bên trong đã thử khởi động lại không được,KHAC
2308,khách báo máy không giữ được pin qua đêm xảy ra sau khi rơi,PIN
2309,khách báo nút nguồn bị kẹt mới bị 2 ngày nay,KHAC
2310,khách hàng phản ánh cảm ứng chỗ được chỗ không,MAN_HINH
2311,kh nói mic gọi điện đối phương không nghe được máy còn bảo hành,KHAC
2312,khách báo máy phồng pin cấn màn hình mới bị 2 ngày nay,PIN
2313,kh nói pin tụt rất nhanh dùng 2 tiếng đã hết xảy ra sau khi rơi,PIN
2314,khách báo điểm chết trên màn hình khách chưa từng sửa ở đâu,MAN_HINH
2315,tình trạng: pin nóng bất thường khi dùng bị từ tuần trước,PIN
2316,khách hàng phản ánh cảm ứng loạn không bấm được bị từ tuần trước,MAN_HINH
2317,khách báo quên mật khẩu không mở được máy,PHAN_MEM
2318,kh nói pin sụt 20% chỉ sau vài phút xảy ra sau khi rơi,PIN
2319,KH NÓI KHÔNG CÀI ĐƯỢC ỨNG DỤNG BÁO LỖI,PHAN_MEM
2320,khách hàng phản ánh máy không giữ được pin qua đêm mới bị 2 ngày nay,PIN
2321,khách báo cảm ứng chỗ được chỗ không đã thử khởi động lại không được,MAN_HINH
2322,kh nói màn hình bị ám vàng một góc đã thử khởi động lại không được,MAN_HINH
2323,tình trạng: sạc đầy nhưng dùng 30 phút là sập nguồn đã thử khởi động lại không được,PIN
2324,khách hàng phản ánh dính nước biển máy nóng và tắt,NUOC_VAO
2325,may bi bao pin sai phan tram nhay loan khach chua tung sua o dau,PIN
2326,KH NÓI NÚT NGUỒN BỊ KẸT MÁY CÒN BẢO HÀNH,KHAC
2327,khách hàng phản ánh điểm chết trên màn hình bị từ tuần trước,MAN_HINH
2328,khách báo pin nóng bất thường khi dùng máy còn bảo hành,PIN
2329,khách báo cắm sạc không vào điện máy còn bảo hành,SAC
2330,cắm sạc báo lỗi phụ kiện máy còn bảo hành,SAC
2331,tình trạng: máy chạy chậm giật lag sau khi cập nhật xảy ra sau khi rơi,PHAN_MEM
2332,may bi điểm chết trên màn hình khách chưa từng sửa ở đâu,MAN_HINH
2333,khách báo pin nóng bất thường khi dùng mới bị 2 ngày nay,PIN
2334,kh nói sạc đầy nhưng dùng 30 phút là sập nguồn khách chưa từng sửa ở đâu,PIN
2335,may bi máy không giữ được pin qua đêm mới bị 2 ngày nay,PIN
2336,khách hàng phản ánh máy treo logo không vào được hệ điều hành,PHAN_MEM
2337,khách hàng phản ánh camera mở lên bị đen màn bị từ tuần trước,PHAN_MEM
2338,kh noi cam ung loan khong bam duoc xay ra sau khi roi,MAN_HINH
2339,KHÁCH HÀNG PHẢN ÁNH MÁY TỰ TẮT KHI CÒN 30% PIN XẢY RA SAU KHI RƠI,PIN
2340,kh nói chân sạc lỏng phải giữ mới sạc được mới bị 2 ngày nay,SAC
2341,tình trạng: cảm ứng chỗ được chỗ không khách chưa từng sửa ở đâu,MAN_HINH
2342,khach hang phan anh sac day nhung dung 30 phut la sap nguon bi tu tuan truoc,PIN
2343,may bi màn hình chớp tắt liên tục đã thử khởi động lại không được,MAN_HINH
2344,khách báo sạc đầy nhưng dùng 30 phút là sập nguồn máy còn bảo hành,PIN
2345,KHÁCH BÁO CHÂN SẠC LỎNG PHẢI GIỮ MỚI SẠC ĐƯỢC MÁY CÒN BẢO HÀNH,SAC
2346,khách hàng phản ánh máy treo logo không vào được hệ điều hành xảy ra sau khi rơi,PHAN_MEM
2347,man hinh bi am vang mot goc da thu khoi dong lai khong duoc,MAN_HINH
2348,cảm ứng loạn không bấm được khách chưa từng sửa ở đâu,MAN_HINH
2349,PIN NÓNG BẤT THƯỜNG KHI DÙNG KHÁCH CHƯA TỪNG SỬA Ở ĐÂU,PIN
2350,tình trạng: máy phồng pin cấn màn hình khách chưa từng sửa ở đâu,PIN
2351,khách báo pin chai chỉ còn dùng được nửa ngày mới bị 2 ngày nay,PIN
2352,kh noi may rung lien tuc khong dung bi tu tuan truoc,KHAC
2353,khách hàng phản ánh cổng sạc bám bụi không tiếp xúc bị từ tuần trước,SAC
2354,khách hàng phản ánh màn hình xuất hiện vệt mực loang mới bị 2 ngày nay,MAN_HINH
2355,kh nói máy phồng pin cấn màn hình xảy ra sau khi rơi,PIN
2356,kh nói màn hình bị ám vàng một góc bị từ tuần trước,MAN_HINH
2357,may bi nút nguồn bị kẹt máy còn bảo hành,KHAC
2358,may khong giu duoc pin qua dem bi tu tuan truoc,PIN
2359,may bi màn hình bị hở sáng viền dưới mới bị 2 ngày nay,MAN_HINH
2360,tình trạng: máy không giữ được pin qua đêm đã thử khởi động lại không được,PIN
2361,khach bao dien thoai dinh nuoc mua loa bi re moi bi 2 ngay nay,NUOC_VAO
2362,KHÁCH HÀNG PHẢN ÁNH MIC GỌI ĐIỆN ĐỐI PHƯƠNG KHÔNG NGHE ĐƯỢC,KHAC
2363,khách hàng phản ánh màn hình bị hở sáng viền dưới đã thử khởi động lại không được,MAN_HINH
2364,kh nói điểm chết trên màn hình đã thử khởi động lại không được,MAN_HINH
2365,khách hàng phản ánh pin nóng bất thường khi dùng máy còn bảo hành,PIN
2366,may bi màn hình bị hở sáng viền dưới đã thử khởi động lại không được,MAN_HINH
2367,tinh trang: camera mo len bi den man may con bao hanh,PHAN_MEM
2368,kh nói cổng sạc bám bụi không tiếp xúc đã thử khởi động lại không được,SAC
2369,tình trạng: sạc vào nhưng không nhận cáp,SAC
2370,may bi máy rung liên tục không dừng bị từ tuần trước,KHAC
2371,kh nói máy không giữ được pin qua đêm đã thử khởi động lại không được,PIN
2372,khach hang phan anh may chay cham giat lag sau khi cap nhat da thu khoi dong lai khong duoc,PHAN_MEM
2373,may bi cảm ứng chỗ được chỗ không máy còn bảo hành,MAN_HINH
2374,MAY BI CẮM SẠC KHÔNG VÀO ĐIỆN XẢY RA SAU KHI RƠI,SAC
2375,khách hàng phản ánh máy tự khởi động lại nhiều lần trong ngày bị từ tuần trước,PHAN_MEM
2376,khách hàng phản ánh màn hình bị sọc dọc khách chưa từng sửa ở đâu,MAN_HINH
2377,khách báo màn hình bị sọc dọc,MAN_HINH
2378,tinh trang: may vao nuoc man hinh loang o moi bi 2 ngay nay,NUOC_VAO
2379,may bi cắm sạc không vào điện máy còn bảo hành,SAC
2380,máy tự khởi động lại nhiều lần trong ngày xảy ra sau khi rơi,PHAN_MEM
2381,màn hình đen không lên xảy ra sau khi rơi,MAN_HINH
2382,khach bao man hinh xuat hien vet muc loang khach chua tung sua o dau,MAN_HINH
2383,khách báo máy phồng pin cấn màn hình xảy ra sau khi rơi,PIN
2384,may bi điểm chết trên màn hình,MAN_HINH
2385,màn hình bị hở sáng viền dưới máy còn bảo hành,MAN_HINH
2386,khách hàng phản ánh báo pin sai phần trăm nhảy loạn,PIN
2387,KHÁCH HÀNG PHẢN ÁNH MÁY KHÔNG GIỮ ĐƯỢC PIN QUA ĐÊM XẢY RA SAU KHI RƠI,PIN
2388,điểm chết trên màn hình bị từ tuần trước,MAN_HINH
2389,tình trạng: điểm chết trên màn hình đã thử khởi động lại không được,MAN_HINH
2390,kh nói cắm sạc máy nóng bất thường máy còn bảo hành,SAC
2391,may bi man hinh den khong len da thu khoi dong lai khong duoc,MAN_HINH
2392,tình trạng: màn hình bị hở sáng viền dưới mới bị 2 ngày nay,MAN_HINH
2393,TÌNH TRẠNG: PIN TỤT RẤT NHANH DÙNG 2 TIẾNG ĐÃ HẾT MỚI BỊ 2 NGÀY NAY,PIN
2394,khách hàng phản ánh cắm sạc máy nóng bất thường,SAC
2395,kh nói máy treo logo không vào được hệ điều hành máy còn bảo hành,PHAN_MEM
2396,tình trạng: pin chai chỉ còn dùng được nửa ngày,PIN
2397,kh nói màn hình bị hở sáng viền dưới xảy ra sau khi rơi,MAN_HINH
2398,tình trạng: cắm sạc không vào điện máy còn bảo hành,SAC
2399,kh nói quên mật khẩu không mở được máy mới bị 2 ngày nay,PHAN_MEM
2400,kh noi may tu tat khi con 30% pin,PIN
2401,tình trạng: pin nóng bất thường khi dùng đã thử khởi động lại không được,PIN
2402,máy không giữ được pin qua đêm xảy ra sau khi rơi,PIN
2403,máy bị đổ nước ngọt vào không sạc được khách chưa từng sửa ở đâu,NUOC_VAO
2404,khách hàng phản ánh máy tự khởi động lại nhiều lần trong ngày đã thử khởi động lại không được,PHAN_MEM
2405,may bi máy vào nước màn hình loang ố,NUOC_VAO
2406,tình trạng: báo pin sai phần trăm nhảy loạn đã thử khởi động lại không được,PIN
2407,kh nói máy chạy chậm giật lag sau khi cập nhật xảy ra sau khi rơi,PHAN_MEM
2408,may bi màn hình bị hở sáng viền dưới xảy ra sau khi rơi,MAN_HINH
2409,khách hàng phản ánh sạc đầy nhưng dùng 30 phút là sập nguồn khách chưa từng sửa ở đâu,PIN
2410,may bi sac vao nhung khong nhan cap xay ra sau khi roi,SAC
2411,khách báo màn hình chớp tắt liên tục máy còn bảo hành,MAN_HINH
2412,may bi màn hình chớp tắt liên tục,MAN_HINH
2413,máy tự khởi động lại nhiều lần trong ngày khách chưa từng sửa ở đâu,PHAN_MEM
2414,khách hàng phản ánh cảm ứng chỗ được chỗ không,MAN_HINH
2415,tình trạng: máy rung liên tục không dừng máy còn bảo hành,KHAC
2416,tình trạng: cổng sạc bám bụi không tiếp xúc đã thử khởi động lại không được,SAC
2417,may vao nuoc man hinh loang o moi bi 2 ngay nay,NUOC_VAO
2418,may bi màn hình bị ám vàng một góc xảy ra sau khi rơi,MAN_HINH
2419,tình trạng: máy vào nước màn hình loang ố bị từ tuần trước,NUOC_VAO
2420,may bi cắm sạc báo lỗi phụ kiện khách chưa từng sửa ở đâu,SAC
2421,kh nói sạc rất chậm mất cả đêm máy còn bảo hành,SAC
2422,kh nói máy bị đổ nước ngọt vào không sạc được bị từ tuần trước,NUOC_VAO
2423,KHÁCH HÀNG PHẢN ÁNH SẠC RẤT CHẬM MẤT CẢ ĐÊM KHÁCH CHƯA TỪNG SỬA Ở ĐÂU,SAC
2424,khách báo máy tự tắt khi còn 30% pin bị từ tuần trước,PIN
2425,khach bao sac vao nhung khong nhan cap da thu khoi dong lai khong duoc,SAC
2426,may bi điện thoại dính nước mưa loa bị rè xảy ra sau khi rơi,NUOC_VAO
2427,báo pin sai phần trăm nhảy loạn đã thử khởi động lại không được,PIN
2428,khách hàng phản ánh wifi không kết nối được sau cập nhật đã thử khởi động lại không được,PHAN_MEM
2429,màn hình bị hở sáng viền dưới bị từ tuần trước,MAN_HINH
2430,khách báo nút nguồn bị kẹt,KHAC
2431,kh nói cổng sạc bám bụi không tiếp xúc,SAC
2432,kh nói cổng sạc bị gãy chân bị từ tuần trước,SAC
2433,kh nói máy không giữ được pin qua đêm mới bị 2 ngày nay,PIN
2434,may tu tat khi con 30% pin,PIN
2435,pin nóng bất thường khi dùng xảy ra sau khi rơi,PIN
2436,may bi máy treo logo không vào được hệ điều hành khách chưa từng sửa ở đâu,PHAN_MEM
2437,tình trạng: báo pin sai phần trăm nhảy loạn xảy ra sau khi rơi,PIN
2438,sạc đầy nhưng dùng 30 phút là sập nguồn đã thử khởi động lại không được,PIN
2439,kh nói màn hình đen không lên đã thử khởi động lại không được,MAN_HINH
2440,khách hàng phản ánh máy vào nước màn hình loang ố bị từ tuần trước,NUOC_VAO
2441,pin nóng bất thường khi dùng,PIN
2442,may bi máy tự tắt khi còn 30% pin đã thử khởi động lại không được,PIN
2443,may bi điểm chết trên màn hình xảy ra sau khi rơi,MAN_HINH
2444,tình trạng: máy phồng pin cấn màn hình máy còn bảo hành,PIN
2445,quên mật khẩu không mở được máy đã thử khởi động lại không được,PHAN_MEM
2446,may bi quên mật khẩu không mở được máy mới bị 2 ngày nay,PHAN_MEM
2447,khách hàng phản ánh cảm ứng loạn không bấm được máy còn bảo hành,MAN_HINH
2448,màn hình bị hở sáng viền dưới đã thử khởi động lại không được,MAN_HINH
2449,may bi máy treo logo không vào được hệ điều hành bị từ tuần trước,PHAN_MEM
2450,khách hàng phản ánh máy tự tắt khi còn 30% pin mới bị 2 ngày nay,PIN
2451,màn hình bị ám vàng một góc máy còn bảo hành,MAN_HINH
2452,tình trạng: máy tự khởi động lại nhiều lần trong ngày mới bị 2 ngày nay,PHAN_MEM
2453,màn hình bị ám vàng một góc bị từ tuần trước,MAN_HINH
2454,may bi màn hình nứt sau khi rơi mới bị 2 ngày nay,MAN_HINH
2455,cảm ứng chỗ được chỗ không,MAN_HINH
2456,kh nói máy phồng pin cấn màn hình bị từ tuần trước,PIN
2457,MAY BI CỔNG SẠC BỊ GÃY CHÂN MÁY CÒN BẢO HÀNH,SAC
2458,khách hàng phản ánh máy treo logo không vào được hệ điều hành bị từ tuần trước,PHAN_MEM
2459,khách hàng phản ánh cổng sạc bị gãy chân mới bị 2 ngày nay,SAC
2460,may bi chân sạc lỏng phải giữ mới sạc được xảy ra sau khi rơi,SAC
2461,may bi màn hình bị hở sáng viền dưới máy còn bảo hành,MAN_HINH
2462,nút nguồn bị kẹt mới bị 2 ngày nay,KHAC
2463,kh nói màn hình chớp tắt liên tục bị từ tuần trước,MAN_HINH
2464,khách báo màn hình đen không lên mới bị 2 ngày nay,MAN_HINH
2465,may bi loa ngoài rè không nghe rõ xảy ra sau khi rơi,KHAC
2466,kh nói màn hình chớp tắt liên tục đã thử khởi động lại không được,MAN_HINH
2467,may bi màn hình bị ám vàng một góc mới bị 2 ngày nay,MAN_HINH
2468,khách hàng phản ánh máy chạy chậm giật lag sau khi cập nhật mới bị 2 ngày nay,PHAN_MEM
2469,tình trạng: báo pin sai phần trăm nhảy loạn bị từ tuần trước,PIN
2470,khách báo không cài được ứng dụng báo lỗi mới bị 2 ngày nay,PHAN_MEM
2471,máy tự tắt khi còn 30% pin xảy ra sau khi rơi,PIN
2472,KH NÓI MÀN HÌNH CHỚP TẮT LIÊN TỤC XẢY RA SAU KHI RƠI,MAN_HINH
2473,khách báo rơi bồn rửa máy chập chờn mới bị 2 ngày nay,NUOC_VAO
2474,khách báo cảm ứng chỗ được chỗ không xảy ra sau khi rơi,MAN_HINH
2475,may bi pin nóng bất thường khi dùng xảy ra sau khi rơi,PIN
2476,khach bao may co tieng keu la ben trong xay ra sau khi roi,KHAC
2477,khách báo điện thoại dính nước mưa loa bị rè đã thử khởi động lại không được,NUOC_VAO
2478,may bi camera mở lên bị đen màn xảy ra sau khi rơi,PHAN_MEM
2479,khach bao man hinh xuat hien vet muc loang xay ra sau khi roi,MAN_HINH
2480,khách hàng phản ánh chân sạc lỏng phải giữ mới sạc được máy còn bảo hành,SAC
2481,kh noi man hinh xuat hien vet muc loang bi tu tuan truoc,MAN_HINH
2482,tình trạng: sạc đầy nhưng dùng 30 phút là sập nguồn bị từ tuần trước,PIN
2483,màn hình bị ám vàng một góc,MAN_HINH
2484,màn hình bị ám vàng một góc khách chưa từng sửa ở đâu,MAN_HINH
2485,tình trạng: màn hình nứt sau khi rơi mới bị 2 ngày nay,MAN_HINH
2486,tinh trang: may phong pin can man hinh da thu khoi dong lai khong duoc,PIN
2487,khách hàng phản ánh cảm ứng loạn không bấm được xảy ra sau khi rơi,MAN_HINH
2488,khách báo dính nước biển máy nóng và tắt,NUOC_VAO
2489,KHÁCH HÀNG PHẢN ÁNH CAMERA MỞ LÊN BỊ ĐEN MÀN ĐÃ THỬ KHỞI ĐỘNG LẠI KHÔNG ĐƯỢC,PHAN_MEM
2490,kh nói máy chạy chậm giật lag sau khi cập nhật mới bị 2 ngày nay,PHAN_MEM
2491,khach hang phan anh may treo logo khong vao duoc he dieu hanh,PHAN_MEM
2492,khách hàng phản ánh màn hình bị hở sáng viền dưới bị từ tuần trước,MAN_HINH
2493,màn hình xuất hiện vệt mực loang bị từ tuần trước,MAN_HINH
2494,khach bao man hinh nut sau khi roi,MAN_HINH
2495,khach bao may roi vao nuoc khong len nguon moi bi 2 ngay nay,NUOC_VAO
2496,khách hàng phản ánh cảm ứng loạn không bấm được,MAN_HINH
2497,khách hàng phản ánh cảm ứng loạn không bấm được,MAN_HINH
2498,CAM SAC MAY NONG BAT THUONG,SAC
2499,man hinh bi ho sang vien duoi may con bao hanh,MAN_HINH
2500,khách báo pin tụt rất nhanh dùng 2 tiếng đã hết,PIN
2501,kh nói máy tự khởi động lại nhiều lần trong ngày mới bị 2 ngày nay,PHAN_MEM
2502,kh nói cắm sạc không vào điện đã thử khởi động lại không được,SAC
2503,KHÁCH HÀNG PHẢN ÁNH CỔNG SẠC BÁM BỤI KHÔNG TIẾP XÚC,SAC
2504,tình trạng: điểm chết trên màn hình đã thử khởi động lại không được,MAN_HINH
2505,khách hàng phản ánh pin sụt 20% chỉ sau vài phút máy còn bảo hành,PIN
2506,TÌNH TRẠNG: CẮM SẠC MÁY NÓNG BẤT THƯỜNG ĐÃ THỬ KHỞI ĐỘNG LẠI KHÔNG ĐƯỢC,SAC
2507,tình trạng: pin nóng bất thường khi dùng mới bị 2 ngày nay,PIN
2508,khách báo pin nóng bất thường khi dùng đã thử khởi động lại không được,PIN
2509,máy có tiếng kêu lạ bên trong khách chưa từng sửa ở đâu,KHAC
2510,khách báo máy tự tắt khi còn 30% pin,PIN
2511,tình trạng: điểm chết trên màn hình bị từ tuần trước,MAN_HINH
2512,kh nói máy bị đổ nước ngọt vào không sạc được,NUOC_VAO
2513,máy phồng pin cấn màn hình mới bị 2 ngày nay,PIN
2514,may bi dính nước biển máy nóng và tắt xảy ra sau khi rơi,NUOC_VAO
2515,cắm sạc báo lỗi phụ kiện máy còn bảo hành,SAC
2516,may bi cam ung loan khong bam duoc may con bao hanh,MAN_HINH
2517,khách hàng phản ánh sạc đầy nhưng dùng 30 phút là sập nguồn mới bị 2 ngày nay,PIN
2518,may bi không nhận sim mới bị 2 ngày nay,KHAC
2519,tình trạng: điểm chết trên màn hình xảy ra sau khi rơi,MAN_HINH
2520,KHÁCH HÀNG PHẢN ÁNH SẠC ĐẦY NHƯNG DÙNG 30 PHÚT LÀ SẬP NGUỒN MÁY CÒN BẢO HÀNH,PIN
2521,khách hàng phản ánh máy rơi vào nước không lên nguồn máy còn bảo hành,NUOC_VAO
2522,khách báo ứng dụng tự thoát liên tục xảy ra sau khi rơi,PHAN_MEM
2523,tình trạng: quên mật khẩu không mở được máy mới bị 2 ngày nay,PHAN_MEM
2524,tình trạng: máy treo logo không vào được hệ điều hành đã thử khởi động lại không được,PHAN_MEM
2525,may bi máy tự tắt khi còn 30% pin đã thử khởi động lại không được,PIN
2526,khách hàng phản ánh cảm ứng chỗ được chỗ không xảy ra sau khi rơi,MAN_HINH
2527,khách báo màn hình bị ám vàng một góc khách chưa từng sửa ở đâu,MAN_HINH
2528,may bi máy không giữ được pin qua đêm xảy ra sau khi rơi,PIN
2529,may bi cảm ứng chỗ được chỗ không,MAN_HINH
2530,may bi điện thoại dính nước mưa loa bị rè mới bị 2 ngày nay,NUOC_VAO
2531,tình trạng: màn hình bị sọc dọc xảy ra sau khi rơi,MAN_HINH
2532,khách hàng phản ánh cổng sạc bị gãy chân bị từ tuần trước,SAC
2533,KHÁCH BÁO MÀN HÌNH CHỚP TẮT LIÊN TỤC BỊ TỪ TUẦN TRƯỚC,MAN_HINH
2534,kh nói pin sụt 20% chỉ sau vài phút bị từ tuần trước,PIN
2535,MAY BI MÁY TREO LOGO KHÔNG VÀO ĐƯỢC HỆ ĐIỀU HÀNH KHÁCH CHƯA TỪNG SỬA Ở ĐÂU,PHAN_MEM
2536,pin sụt 20% chỉ sau vài phút đã thử khởi động lại không được,PIN
2537,may bi camera mở lên bị đen màn khách chưa từng sửa ở đâu,PHAN_MEM
2538,tinh trang: pin nong bat thuong khi dung da thu khoi dong lai khong duoc,PIN
2539,kh nói màn hình bị hở sáng viền dưới mới bị 2 ngày nay,MAN_HINH
2540,khách báo máy treo logo không vào được hệ điều hành mới bị 2 ngày nay,PHAN_MEM
2541,khach hang phan anh may tu tat khi con 30% pin moi bi 2 ngay nay,PIN
2542,tình trạng: máy tự tắt khi còn 30% pin đã thử khởi động lại không được,PIN
2543,tình trạng: pin nóng bất thường khi dùng,PIN
2544,kh nói cảm ứng chỗ được chỗ không máy còn bảo hành,MAN_HINH
2545,tình trạng: máy phồng pin cấn màn hình bị từ tuần trước,PIN
2546,tình trạng: điểm chết trên màn hình máy còn bảo hành,MAN_HINH
2547,khách hàng phản ánh dính nước biển máy nóng và tắt xảy ra sau khi rơi,NUOC_VAO
2548,khách báo pin nóng bất thường khi dùng khách chưa từng sửa ở đâu,PIN
2549,khách báo cắm sạc không vào điện bị từ tuần trước,SAC
2550,kh nói chân sạc lỏng phải giữ mới sạc được,SAC
2551,khách hàng phản ánh máy tự khởi động lại nhiều lần trong ngày xảy ra sau khi rơi,PHAN_MEM
2552,khach bao khong nhan sim moi bi 2 ngay nay,KHAC
2553,kh nói màn hình bị ám vàng một góc máy còn bảo hành,MAN_HINH
2554,may bi máy tự tắt khi còn 30% pin xảy ra sau khi rơi,PIN
2555,TÌNH TRẠNG: MÀN HÌNH CHỚP TẮT LIÊN TỤC MÁY CÒN BẢO HÀNH,MAN_HINH
2556,KHÁCH HÀNG PHẢN ÁNH MÁY CHẠY CHẬM GIẬT LAG SAU KHI CẬP NHẬT XẢY RA SAU KHI RƠI,PHAN_MEM
2557,may bi wifi không kết nối được sau cập nhật khách chưa từng sửa ở đâu,PHAN_MEM
2558,kh nói chân sạc lỏng phải giữ mới sạc được mới bị 2 ngày nay,SAC
2559,kh noi cam ung cho duoc cho khong may con bao hanh,MAN_HINH
2560,kh nói sạc đầy nhưng dùng 30 phút là sập nguồn khách chưa từng sửa ở đâu,PIN
2561,tinh trang: man hinh nut sau khi roi xay ra sau khi roi,MAN_HINH
2562,tình trạng: sạc vào nhưng không nhận cáp khách chưa từng sửa ở đâu,SAC
2563,khach bao camera mo len bi den man,PHAN_MEM
2564,KHACH HANG PHAN ANH CAM UNG LOAN KHONG BAM DUOC MOI BI 2 NGAY NAY,MAN_HINH
2565,tình trạng: pin tụt rất nhanh dùng 2 tiếng đã hết đã thử khởi động lại không được,PIN
2566,khách báo chân sạc lỏng phải giữ mới sạc được đã thử khởi động lại không được,SAC
2567,khách báo máy bị đổ nước ngọt vào không sạc được máy còn bảo hành,NUOC_VAO
2568,khách hàng phản ánh pin sụt 20% chỉ sau vài phút xảy ra sau khi rơi,PIN
2569,khách báo cổng sạc bám bụi không tiếp xúc bị từ tuần trước,SAC
2570,màn hình bị sọc dọc,MAN_HINH
2571,khách hàng phản ánh màn hình nứt sau khi rơi xảy ra sau khi rơi,MAN_HINH
2572,tình trạng: máy vào nước màn hình loang ố bị từ tuần trước,NUOC_VAO
2573,may bi máy rung liên tục không dừng mới bị 2 ngày nay,KHAC
2574,tình trạng: pin tụt rất nhanh dùng 2 tiếng đã hết đã thử khởi động lại không được,PIN
2575,khách hàng phản ánh loa ngoài rè không nghe rõ bị từ tuần trước,KHAC
2576,khách hàng phản ánh màn hình bị sọc dọc,MAN_HINH
2577,ứng dụng tự thoát liên tục xảy ra sau khi rơi,PHAN_MEM
2578,màn hình bị ám vàng một góc,MAN_HINH
2579,khách báo màn hình bị ám vàng một góc máy còn bảo hành,MAN_HINH
2580,may bi điểm chết trên màn hình mới bị 2 ngày nay,MAN_HINH
2581,may bi máy phồng pin cấn màn hình đã thử khởi động lại không được,PIN
2582,may bi may vao nuoc man hinh loang o moi bi 2 ngay nay,NUOC_VAO
2583,khách hàng phản ánh điểm chết trên màn hình bị từ tuần trước,MAN_HINH
2584,khách hàng phản ánh mic gọi điện đối phương không nghe được bị từ tuần trước,KHAC
2585,tinh trang: sac rat cham mat ca dem xay ra sau khi roi,SAC
2586,kh nói pin nóng bất thường khi dùng mới bị 2 ngày nay,PIN
2587,khách báo máy vào nước màn hình loang ố khách chưa từng sửa ở đâu,NUOC_VAO
2588,khách hàng phản ánh màn hình xuất hiện vệt mực loang xảy ra sau khi rơi,MAN_HINH
2589,khách hàng phản ánh pin tụt rất nhanh dùng 2 tiếng đã hết,PIN
2590,may bi chân sạc lỏng phải giữ mới sạc được bị từ tuần trước,SAC
2591,khách báo wifi không kết nối được sau cập nhật bị từ tuần trước,PHAN_MEM
2592,pin chai chỉ còn dùng được nửa ngày xảy ra sau khi rơi,PIN
2593,khách báo cắm sạc máy nóng bất thường đã thử khởi động lại không được,SAC
2594,tình trạng: màn hình bị ám vàng một góc mới bị 2 ngày nay,MAN_HINH
2595,TINH TRANG: SAC RAT CHAM MAT CA DEM,SAC
2596,màn hình nứt sau khi rơi xảy ra sau khi rơi,MAN_HINH
2597,cổng sạc bị gãy chân bị từ tuần trước,SAC
2598,khách báo cảm ứng chỗ được chỗ không đã thử khởi động lại không được,MAN_HINH
2599,chân sạc lỏng phải giữ mới sạc được bị từ tuần trước,SAC
2600,may bi cong sac bi gay chan may con bao hanh,SAC
2601,tình trạng: máy vào nước màn hình loang ố đã thử khởi động lại không được,NUOC_VAO
2602,kh nói màn hình nứt sau khi rơi,MAN_HINH
2603,kh nói cảm ứng chỗ được chỗ không mới bị 2 ngày nay,MAN_HINH
2604,may bi màn hình đen không lên,MAN_HINH
2605,may bi màn hình bị hở sáng viền dưới mới bị 2 ngày nay,MAN_HINH
2606,tình trạng: máy vào nước màn hình loang ố đã thử khởi động lại không được,NUOC_VAO
2607,khách hàng phản ánh chân sạc lỏng phải giữ mới sạc được,SAC
2608,may bi khong cai duoc ung dung bao loi xay ra sau khi roi,PHAN_MEM
2609,kh noi sac rat cham mat ca dem may con bao hanh,SAC
2610,khach hang phan anh sac vao nhung khong nhan cap da thu khoi dong lai khong duoc,SAC
2611,may bi camera mở lên bị đen màn,PHAN_MEM
2612,tình trạng: màn hình bị sọc dọc khách chưa từng sửa ở đâu,MAN_HINH
2613,màn hình bị sọc dọc mới bị 2 ngày nay,MAN_HINH
2614,khách hàng phản ánh báo pin sai phần trăm nhảy loạn xảy ra sau khi rơi,PIN
2615,khách hàng phản ánh màn hình nứt sau khi rơi khách chưa từng sửa ở đâu,MAN_HINH
2616,kh nói pin chai chỉ còn dùng được nửa ngày đã thử khởi động lại không được,PIN
2617,kh nói cảm ứng chỗ được chỗ không mới bị 2 ngày nay,MAN_HINH
2618,chân sạc lỏng phải giữ mới sạc được bị từ tuần trước,SAC
2619,KHÁCH HÀNG PHẢN ÁNH MÁY KHÔNG GIỮ ĐƯỢC PIN QUA ĐÊM XẢY RA SAU KHI RƠI,PIN
2620,khách báo cắm sạc báo lỗi phụ kiện,SAC
2621,khach bao may vao nuoc man hinh loang o may con bao hanh,NUOC_VAO
2622,may bi sạc vào nhưng không nhận cáp máy còn bảo hành,SAC
2623,màn hình bị hở sáng viền dưới mới bị 2 ngày nay,MAN_HINH
2624,may bi màn hình xuất hiện vệt mực loang máy còn bảo hành,MAN_HINH
2625,khách hàng phản ánh sạc đầy nhưng dùng 30 phút là sập nguồn máy còn bảo hành,PIN
2626,máy không giữ được pin qua đêm xảy ra sau khi rơi,PIN
2627,báo pin sai phần trăm nhảy loạn mới bị 2 ngày nay,PIN
2628,may bi màn hình bị hở sáng viền dưới khách chưa từng sửa ở đâu,MAN_HINH
2629,may bi không cài được ứng dụng báo lỗi,PHAN_MEM
2630,tình trạng: máy tự tắt khi còn 30% pin máy còn bảo hành,PIN
2631,kh nói sạc vào nhưng không nhận cáp,SAC
2632,may bi pin chai chỉ còn dùng được nửa ngày máy còn bảo hành,PIN
2633,kh nói cảm ứng chỗ được chỗ không bị từ tuần trước,MAN_HINH
2634,kh nói camera mở lên bị đen màn bị từ tuần trước,PHAN_MEM
2635,tinh trang: chan sac long phai giu moi sac duoc may con bao hanh,SAC
2636,pin sụt 20% chỉ sau vài phút xảy ra sau khi rơi,PIN
2637,tình trạng: màn hình chớp tắt liên tục máy còn bảo hành,MAN_HINH
2638,kh nói quên mật khẩu không mở được máy mới bị 2 ngày nay,PHAN_MEM
2639,tình trạng: màn hình xuất hiện vệt mực loang khách chưa từng sửa ở đâu,MAN_HINH
2640,khách hàng phản ánh cắm sạc không vào điện đã thử khởi động lại không được,SAC
2641,khách báo quên mật khẩu không mở được máy mới bị 2 ngày nay,PHAN_MEM
2642,TÌNH TRẠNG: MÀN HÌNH BỊ ÁM VÀNG MỘT GÓC BỊ TỪ TUẦN TRƯỚC,MAN_HINH
2643,KHACH BAO CONG SAC BAM BUI KHONG TIEP XUC BI TU TUAN TRUOC,SAC
2644,khách hàng phản ánh máy tự khởi động lại nhiều lần trong ngày mới bị 2 ngày nay,PHAN_MEM
2645,tình trạng: cảm ứng loạn không bấm được mới bị 2 ngày nay,MAN_HINH
2646,camera sau bị mờ như có sương xảy ra sau khi rơi,KHAC
2647,màn hình đen không lên máy còn bảo hành,MAN_HINH
2648,khách báo màn hình bị hở sáng viền dưới mới bị 2 ngày nay,MAN_HINH
2649,cảm ứng loạn không bấm được khách chưa từng sửa ở đâu,MAN_HINH
2650,khách báo máy tự tắt khi còn 30% pin xảy ra sau khi rơi,PIN
2651,chân sạc lỏng phải giữ mới sạc được mới bị 2 ngày nay,SAC
2652,tình trạng: ứng dụng tự thoát liên tục bị từ tuần trước,PHAN_MEM
2653,khách báo máy tự tắt khi còn 30% pin đã thử khởi động lại không được,PIN
2654,may bi không nhận sim mới bị 2 ngày nay,KHAC
2655,KH NÓI ĐIỂM CHẾT TRÊN MÀN HÌNH KHÁCH CHƯA TỪNG SỬA Ở ĐÂU,MAN_HINH
2656,khách báo màn hình chớp tắt liên tục máy còn bảo hành,MAN_HINH
2657,khách hàng phản ánh không cài được ứng dụng báo lỗi đã thử khởi động lại không được,PHAN_MEM
2658,máy phồng pin cấn màn hình khách chưa từng sửa ở đâu,PIN
2659,TÌNH TRẠNG: QUÊN MẬT KHẨU KHÔNG MỞ ĐƯỢC MÁY MÁY CÒN BẢO HÀNH,PHAN_MEM
2660,khách báo wifi không kết nối được sau cập nhật khách chưa từng sửa ở đâu,PHAN_MEM
2661,tình trạng: máy treo logo không vào được hệ điều hành mới bị 2 ngày nay,PHAN_MEM
2662,ứng dụng tự thoát liên tục bị từ tuần trước,PHAN_MEM
2663,may bi máy phồng pin cấn màn hình,PIN
2664,khách báo sạc đầy nhưng dùng 30 phút là sập nguồn khách chưa từng sửa ở đâu,PIN
2665,khách hàng phản ánh màn hình chớp tắt liên tục đã thử khởi động lại không được,MAN_HINH
2666,khách báo màn hình chớp tắt liên tục đã thử khởi động lại không được,MAN_HINH
2667,khách báo màn hình xuất hiện vệt mực loang,MAN_HINH
2668,KHACH HANG PHAN ANH WIFI KHONG KET NOI DUOC SAU CAP NHAT DA THU KHOI DONG LAI KHONG DUOC,PHAN_MEM
2669,tình trạng: màn hình đen không lên máy còn bảo hành,MAN_HINH
2670,tình trạng: màn hình chớp tắt liên tục khách chưa từng sửa ở đâu,MAN_HINH
2671,may bi máy phồng pin cấn màn hình đã thử khởi động lại không được,PIN
2672,kh nói điểm chết trên màn hình,MAN_HINH
2673,kh nói không cài được ứng dụng báo lỗi khách chưa từng sửa ở đâu,PHAN_MEM
2674,khách hàng phản ánh màn hình bị ám vàng một góc khách chưa từng sửa ở đâu,MAN_HINH
2675,may bi máy vào nước màn hình loang ố máy còn bảo hành,NUOC_VAO
2676,kh nói điểm chết trên màn hình đã thử khởi động lại không được,MAN_HINH
2677,khách báo sạc vào nhưng không nhận cáp khách chưa từng sửa ở đâu,SAC
2678,kh nói máy không giữ được pin qua đêm,PIN
2679,tình trạng: sạc đầy nhưng dùng 30 phút là sập nguồn đã thử khởi động lại không được,PIN
2680,khách báo sạc vào nhưng không nhận cáp khách chưa từng sửa ở đâu,SAC
2681,sạc đầy nhưng dùng 30 phút là sập nguồn mới bị 2 ngày nay,PIN
2682,tinh trang: man hinh chop tat lien tuc khach chua tung sua o dau,MAN_HINH
2683,khach bao wifi khong ket noi duoc sau cap nhat xay ra sau khi roi,PHAN_MEM
2684,máy có tiếng kêu lạ bên trong đã thử khởi động lại không được,KHAC
2685,kh nói báo pin sai phần trăm nhảy loạn máy còn bảo hành,PIN
2686,màn hình chớp tắt liên tục khách chưa từng sửa ở đâu,MAN_HINH
2687,khách hàng phản ánh rơi bồn rửa máy chập chờn xảy ra sau khi rơi,NUOC_VAO
2688,tình trạng: màn hình nứt sau khi rơi,MAN_HINH
2689,KH NÓI MÀN HÌNH XUẤT HIỆN VỆT MỰC LOANG MÁY CÒN BẢO HÀNH,MAN_HINH
2690,tình trạng: pin nóng bất thường khi dùng khách chưa từng sửa ở đâu,PIN
2691,tình trạng: chân sạc lỏng phải giữ mới sạc được khách chưa từng sửa ở đâu,SAC
2692,màn hình bị sọc dọc khách chưa từng sửa ở đâu,MAN_HINH
2693,tinh trang: man hinh bi soc doc,MAN_HINH
2694,MAY BI KHÔNG NHẬN SIM,KHAC
2695,khách hàng phản ánh máy rơi vào nước không lên nguồn,NUOC_VAO
2696,khach hang phan anh sac day nhung dung 30 phut la sap nguon,PIN
2697,KHÁCH BÁO MÁY TREO LOGO KHÔNG VÀO ĐƯỢC HỆ ĐIỀU HÀNH,PHAN_MEM
2698,khách báo cảm ứng chỗ được chỗ không,MAN_HINH
2699,máy treo logo không vào được hệ điều hành máy còn bảo hành,PHAN_MEM
2700,máy không giữ được pin qua đêm,PIN
2701,kh nói màn hình bị sọc dọc khách chưa từng sửa ở đâu,MAN_HINH
2702,may bi không nhận sim bị từ tuần trước,KHAC
2703,sạc đầy nhưng dùng 30 phút là sập nguồn bị từ tuần trước,PIN
2704,khách báo màn hình xuất hiện vệt mực loang bị từ tuần trước,MAN_HINH
2705,khách báo máy không giữ được pin qua đêm,PIN
2706,màn hình bị sọc dọc bị từ tuần trước,MAN_HINH
2707,tình trạng: điểm chết trên màn hình mới bị 2 ngày nay,MAN_HINH
2708,khách báo pin tụt rất nhanh dùng 2 tiếng đã hết bị từ tuần trước,PIN
2709,khách hàng phản ánh cổng sạc bị gãy chân đã thử khởi động lại không được,SAC
2710,tình trạng: cảm ứng loạn không bấm được khách chưa từng sửa ở đâu,MAN_HINH
2711,WIFI KHÔNG KẾT NỐI ĐƯỢC SAU CẬP NHẬT XẢY RA SAU KHI RƠI,PHAN_MEM
2712,may tu khoi dong lai nhieu lan trong ngay moi bi 2 ngay nay,PHAN_MEM
2713,kh nói màn hình đen không lên xảy ra sau khi rơi,MAN_HINH
2714,khách báo cổng sạc bị gãy chân mới bị 2 ngày nay,SAC
2715,kh nói màn hình chớp tắt liên tục mới bị 2 ngày nay,MAN_HINH
2716,khách hàng phản ánh máy treo logo không vào được hệ điều hành đã thử khởi động lại không được,PHAN_MEM
2717,khách hàng phản ánh cổng sạc bị gãy chân khách chưa từng sửa ở đâu,SAC
2718,khách hàng phản ánh cắm sạc không vào điện,SAC
2719,tình trạng: sạc rất chậm mất cả đêm khách chưa từng sửa ở đâu,SAC
2720,máy treo logo không vào được hệ điều hành,PHAN_MEM
2721,kh nói máy tự tắt khi còn 30% pin,PIN
2722,kh nói rơi bồn rửa máy chập chờn đã thử khởi động lại không được,NUOC_VAO
2723,khách hàng phản ánh cảm ứng chỗ được chỗ không xảy ra sau khi rơi,MAN_HINH
2724,điểm chết trên màn hình bị từ tuần trước,MAN_HINH
2725,tinh trang: may tu tat khi con 30% pin khach chua tung sua o dau,PIN
2726,may bi dính nước biển máy nóng và tắt đã thử khởi động lại không được,NUOC_VAO
2727,MAY BI MÀN HÌNH BỊ HỞ SÁNG VIỀN DƯỚI ĐÃ THỬ KHỞI ĐỘNG LẠI KHÔNG ĐƯỢC,MAN_HINH
2728,khách hàng phản ánh cổng sạc bị gãy chân mới bị 2 ngày nay,SAC
2729,may bi man hinh nut sau khi roi da thu khoi dong lai khong duoc,MAN_HINH
2730,tình trạng: màn hình bị sọc dọc đã thử khởi động lại không được,MAN_HINH
2731,khách hàng phản ánh cảm ứng chỗ được chỗ không,MAN_HINH
2732,máy treo logo không vào được hệ điều hành mới bị 2 ngày nay,PHAN_MEM
2733,khách báo điểm chết trên màn hình,MAN_HINH
2734,khách hàng phản ánh ứng dụng tự thoát liên tục đã thử khởi động lại không được,PHAN_MEM
2735,khách hàng phản ánh cắm sạc máy nóng bất thường mới bị 2 ngày nay,SAC
2736,khách báo máy rung liên tục không dừng bị từ tuần trước,KHAC
2737,khách báo cảm ứng loạn không bấm được xảy ra sau khi rơi,MAN_HINH
2738,tình trạng: màn hình đen không lên đã thử khởi động lại không được,MAN_HINH
2739,kh nói sạc vào nhưng không nhận cáp mới bị 2 ngày nay,SAC
2740,khách hàng phản ánh cổng sạc bị gãy chân máy còn bảo hành,SAC
2741,chân sạc lỏng phải giữ mới sạc được,SAC
2742,TÌNH TRẠNG: MÀN HÌNH BỊ SỌC DỌC,MAN_HINH
2743,tinh trang: may phong pin can man hinh khach chua tung sua o dau,PIN
2744,kh nói wifi không kết nối được sau cập nhật khách chưa từng sửa ở đâu,PHAN_MEM
2745,màn hình chớp tắt liên tục mới bị 2 ngày nay,MAN_HINH
2746,may bi man hinh bi ho sang vien duoi may con bao hanh,MAN_HINH
2747,khách báo pin nóng bất thường khi dùng máy còn bảo hành,PIN
2748,kh nói máy không giữ được pin qua đêm máy còn bảo hành,PIN
2749,khách hàng phản ánh máy không giữ được pin qua đêm máy còn bảo hành,PIN
2750,máy bị đổ nước ngọt vào không sạc được bị từ tuần trước,NUOC_VAO
2751,tình trạng: màn hình nứt sau khi rơi bị từ tuần trước,MAN_HINH
2752,cảm ứng loạn không bấm được đã thử khởi động lại không được,MAN_HINH
2753,khách báo máy rung liên tục không dừng bị từ tuần trước,KHAC
2754,may bi pin chai chi con dung duoc nua ngay da thu khoi dong lai khong duoc,PIN
2755,khách báo máy tự tắt khi còn 30% pin máy còn bảo hành,PIN
2756,khách báo báo pin sai phần trăm nhảy loạn đã thử khởi động lại không được,PIN
2757,tình trạng: wifi không kết nối được sau cập nhật đã thử khởi động lại không được,PHAN_MEM
2758,may bi pin tụt rất nhanh dùng 2 tiếng đã hết mới bị 2 ngày nay,PIN
2759,khách hàng phản ánh màn hình bị ám vàng một góc mới bị 2 ngày nay,MAN_HINH
2760,khách hàng phản ánh ứng dụng tự thoát liên tục máy còn bảo hành,PHAN_MEM
2761,kh nói màn hình bị hở sáng viền dưới,MAN_HINH
2762,màn hình bị hở sáng viền dưới khách chưa từng sửa ở đâu,MAN_HINH
2763,pin sut 20% chi sau vai phut da thu khoi dong lai khong duoc,PIN
2764,pin tụt rất nhanh dùng 2 tiếng đã hết khách chưa từng sửa ở đâu,PIN
2765,cảm ứng loạn không bấm được bị từ tuần trước,MAN_HINH
2766,khách báo sạc đầy nhưng dùng 30 phút là sập nguồn xảy ra sau khi rơi,PIN
2767,điểm chết trên màn hình xảy ra sau khi rơi,MAN_HINH
2768,khách hàng phản ánh dính nước biển máy nóng và tắt khách chưa từng sửa ở đâu,NUOC_VAO
2769,KHÁCH HÀNG PHẢN ÁNH CAMERA MỞ LÊN BỊ ĐEN MÀN ĐÃ THỬ KHỞI ĐỘNG LẠI KHÔNG ĐƯỢC,PHAN_MEM
2770,tình trạng: màn hình xuất hiện vệt mực loang mới bị 2 ngày nay,MAN_HINH
2771,may bi cổng sạc bám bụi không tiếp xúc đã thử khởi động lại không được,SAC
2772,tinh trang: may bi do nuoc ngot vao khong sac duoc khach chua tung sua o dau,NUOC_VAO
2773,khách báo cắm sạc máy nóng bất thường khách chưa từng sửa ở đâu,SAC
2774,khách hàng phản ánh pin sụt 20% chỉ sau vài phút khách chưa từng sửa ở đâu,PIN
2775,khách báo màn hình đen không lên,MAN_HINH
2776,tình trạng: camera mở lên bị đen màn xảy ra sau khi rơi,PHAN_MEM
2777,KHÁCH HÀNG PHẢN ÁNH MÁY TỰ TẮT KHI CÒN 30% PIN KHÁCH CHƯA TỪNG SỬA Ở ĐÂU,PIN
2778,may bi may roi vao nuoc khong len nguon moi bi 2 ngay nay,NUOC_VAO
2779,kh nói máy phồng pin cấn màn hình xảy ra sau khi rơi,PIN
2780,may bi điểm chết trên màn hình mới bị 2 ngày nay,MAN_HINH
2781,màn hình xuất hiện vệt mực loang đã thử khởi động lại không được,MAN_HINH
2782,khách báo không nhận sim mới bị 2 ngày nay,KHAC
2783,khach hang phan anh may roi vao nuoc khong len nguon moi bi 2 ngay nay,NUOC_VAO
2784,khách báo sạc vào nhưng không nhận cáp mới bị 2 ngày nay,SAC
2785,kh noi may roi vao nuoc khong len nguon xay ra sau khi roi,NUOC_VAO
2786,tình trạng: màn hình bị hở sáng viền dưới mới bị 2 ngày nay,MAN_HINH
2787,tình trạng: màn hình bị sọc dọc xảy ra sau khi rơi,MAN_HINH
2788,kh nói màn hình bị ám vàng một góc mới bị 2 ngày nay,MAN_HINH
2789,tình trạng: pin chai chỉ còn dùng được nửa ngày bị từ tuần trước,PIN
2790,khách hàng phản ánh máy bị đổ nước ngọt vào không sạc được mới bị 2 ngày nay,NUOC_VAO
2791,KH NÓI MÀN HÌNH XUẤT HIỆN VỆT MỰC LOANG BỊ TỪ TUẦN TRƯỚC,MAN_HINH
2792,kh nói cắm sạc không vào điện,SAC
2793,khách hàng phản ánh màn hình chớp tắt liên tục,MAN_HINH
2794,khach bao man hinh nut sau khi roi may con bao hanh,MAN_HINH
2795,khách báo wifi không kết nối được sau cập nhật mới bị 2 ngày nay,PHAN_MEM
2796,may bi màn hình xuất hiện vệt mực loang mới bị 2 ngày nay,MAN_HINH
2797,may bi dính nước biển máy nóng và tắt xảy ra sau khi rơi,NUOC_VAO
2798,khách báo màn hình nứt sau khi rơi đã thử khởi động lại không được,MAN_HINH
2799,tình trạng: máy rung liên tục không dừng đã thử khởi động lại không được,KHAC
2800,may bi cảm ứng loạn không bấm được mới bị 2 ngày nay,MAN_HINH
2801,kh nói máy tự tắt khi còn 30% pin mới bị 2 ngày nay,PIN
2802,khách báo máy có tiếng kêu lạ bên trong mới bị 2 ngày nay,KHAC
2803,kh nói màn hình chớp tắt liên tục đã thử khởi động lại không được,MAN_HINH
2804,tình trạng: máy phồng pin cấn màn hình mới bị 2 ngày nay,PIN
2805,MÁY TỰ KHỞI ĐỘNG LẠI NHIỀU LẦN TRONG NGÀY,PHAN_MEM
2806,KHÁCH BÁO CẢM ỨNG CHỖ ĐƯỢC CHỖ KHÔNG ĐÃ THỬ KHỞI ĐỘNG LẠI KHÔNG ĐƯỢC,MAN_HINH
2807,khách hàng phản ánh cảm ứng chỗ được chỗ không xảy ra sau khi rơi,MAN_HINH
2808,may bi máy tự tắt khi còn 30% pin đã thử khởi động lại không được,PIN
2809,tình trạng: pin nóng bất thường khi dùng,PIN
2810,wifi không kết nối được sau cập nhật bị từ tuần trước,PHAN_MEM
2811,tình trạng: loa ngoài rè không nghe rõ máy còn bảo hành,KHAC
2812,kh nói báo pin sai phần trăm nhảy loạn,PIN
2813,khách hàng phản ánh màn hình bị hở sáng viền dưới xảy ra sau khi rơi,MAN_HINH
2814,máy treo logo không vào được hệ điều hành xảy ra sau khi rơi,PHAN_MEM
2815,kh nói màn hình bị hở sáng viền dưới khách chưa từng sửa ở đâu,MAN_HINH
2816,khách hàng phản ánh màn hình nứt sau khi rơi máy còn bảo hành,MAN_HINH
2817,khach bao pin tut rat nhanh dung 2 tieng da het xay ra sau khi roi,PIN
2818,sạc đầy nhưng dùng 30 phút là sập nguồn khách chưa từng sửa ở đâu,PIN
2819,khách hàng phản ánh điểm chết trên màn hình mới bị 2 ngày nay,MAN_HINH
2820,màn hình đen không lên đã thử khởi động lại không được,MAN_HINH
2821,khach hang phan anh camera mo len bi den man bi tu tuan truoc,PHAN_MEM
2822,cắm sạc máy nóng bất thường xảy ra sau khi rơi,SAC
2823,MAY BI MÀN HÌNH BỊ HỞ SÁNG VIỀN DƯỚI MÁY CÒN BẢO HÀNH,MAN_HINH
2824,tình trạng: không nhận sim,KHAC
2825,kh nói màn hình bị ám vàng một góc mới bị 2 ngày nay,MAN_HINH
2826,khách hàng phản ánh máy phồng pin cấn màn hình bị từ tuần trước,PIN
2827,khách hàng phản ánh cổng sạc bị gãy chân xảy ra sau khi rơi,SAC
2828,tình trạng: màn hình đen không lên xảy ra sau khi rơi,MAN_HINH
2829,pin chai chi con dung duoc nua ngay may con bao hanh,PIN
2830,may bi rơi bồn rửa máy chập chờn mới bị 2 ngày nay,NUOC_VAO
2831,cảm ứng loạn không bấm được khách chưa từng sửa ở đâu,MAN_HINH
2832,khách hàng phản ánh máy bị đổ nước ngọt vào không sạc được xảy ra sau khi rơi,NUOC_VAO
2833,MAY BI SẠC RẤT CHẬM MẤT CẢ ĐÊM MỚI BỊ 2 NGÀY NAY,SAC
2834,tinh trang: may tu tat khi con 30% pin xay ra sau khi roi,PIN
2835,may bi điểm chết trên màn hình khách chưa từng sửa ở đâu,MAN_HINH
2836,khách hàng phản ánh cắm sạc máy nóng bất thường khách chưa từng sửa ở đâu,SAC
2837,khách hàng phản ánh máy phồng pin cấn màn hình xảy ra sau khi rơi,PIN
2838,kh nói màn hình bị hở sáng viền dưới khách chưa từng sửa ở đâu,MAN_HINH
2839,may bi sạc vào nhưng không nhận cáp,SAC
2840,khach hang phan anh may treo logo khong vao duoc he dieu hanh xay ra sau khi roi,PHAN_MEM
2841,khách báo cảm ứng loạn không bấm được khách chưa từng sửa ở đâu,MAN_HINH
2842,tình trạng: màn hình nứt sau khi rơi đã thử khởi động lại không được,MAN_HINH
2843,khách báo màn hình bị ám vàng một góc mới bị 2 ngày nay,MAN_HINH
2844,tình trạng: máy không giữ được pin qua đêm khách chưa từng sửa ở đâu,PIN
2845,khách báo màn hình đen không lên đã thử khởi động lại không được,MAN_HINH
2846,may bi camera mở lên bị đen màn đã thử khởi động lại không được,PHAN_MEM
2847,sạc vào nhưng không nhận cáp bị từ tuần trước,SAC
2848,KH NÓI CAMERA MỞ LÊN BỊ ĐEN MÀN XẢY RA SAU KHI RƠI,PHAN_MEM
2849,khách hàng phản ánh cổng sạc bị gãy chân bị từ tuần trước,SAC
2850,may bi cảm ứng chỗ được chỗ không khách chưa từng sửa ở đâu,MAN_HINH
2851,may bi báo pin sai phần trăm nhảy loạn máy còn bảo hành,PIN
2852,tình trạng: điểm chết trên màn hình,MAN_HINH
2853,tình trạng: máy bị đổ nước ngọt vào không sạc được đã thử khởi động lại không được,NUOC_VAO
2854,kh nói màn hình nứt sau khi rơi mới bị 2 ngày nay,MAN_HINH
2855,may bi pin sụt 20% chỉ sau vài phút máy còn bảo hành,PIN
2856,khách hàng phản ánh màn hình bị hở sáng viền dưới đã thử khởi động lại không được,MAN_HINH
2857,màn hình bị ám vàng một góc,MAN_HINH
2858,tình trạng: màn hình xuất hiện vệt mực loang,MAN_HINH
2859,KHÁCH BÁO CHÂN SẠC LỎNG PHẢI GIỮ MỚI SẠC ĐƯỢC XẢY RA SAU KHI RƠI,SAC
2860,tình trạng: pin chai chỉ còn dùng được nửa ngày bị từ tuần trước,PIN
2861,máy rung liên tục không dừng bị từ tuần trước,KHAC
2862,khách báo sạc vào nhưng không nhận cáp máy còn bảo hành,SAC
2863,tình trạng: máy phồng pin cấn màn hình khách chưa từng sửa ở đâu,PIN
2864,may bi máy phồng pin cấn màn hình bị từ tuần trước,PIN
2865,khách báo máy bị đổ nước ngọt vào không sạc được,NUOC_VAO
2866,kh noi quen mat khau khong mo duoc may,PHAN_MEM
2867,khách báo pin sụt 20% chỉ sau vài phút bị từ tuần trước,PIN
2868,cảm ứng loạn không bấm được xảy ra sau khi rơi,MAN_HINH
2869,may bi màn hình bị ám vàng một góc xảy ra sau khi rơi,MAN_HINH
2870,khách báo màn hình bị hở sáng viền dưới xảy ra sau khi rơi,MAN_HINH
2871,may bi cảm ứng loạn không bấm được máy còn bảo hành,MAN_HINH
2872,khách báo cảm ứng chỗ được chỗ không,MAN_HINH
2873,kh nói máy không giữ được pin qua đêm đã thử khởi động lại không được,PIN
2874,kh nói báo pin sai phần trăm nhảy loạn,PIN
2875,KHÁCH HÀNG PHẢN ÁNH MÁY PHỒNG PIN CẤN MÀN HÌNH BỊ TỪ TUẦN TRƯỚC,PIN
2876,kh nói ứng dụng tự thoát liên tục xảy ra sau khi rơi,PHAN_MEM
2877,KH NOI PIN TUT RAT NHANH DUNG 2 TIENG DA HET MOI BI 2 NGAY NAY,PIN
2878,tình trạng: máy vào nước màn hình loang ố mới bị 2 ngày nay,NUOC_VAO
2879,khách hàng phản ánh cổng sạc bị gãy chân đã thử khởi động lại không được,SAC
2880,khách hàng phản ánh màn hình bị ám vàng một góc mới bị 2 ngày nay,MAN_HINH
2881,MÁY RƠI VÀO NƯỚC KHÔNG LÊN NGUỒN XẢY RA SAU KHI RƠI,NUOC_VAO
2882,kh nói pin sụt 20% chỉ sau vài phút khách chưa từng sửa ở đâu,PIN
2883,kh nói cắm sạc không vào điện máy còn bảo hành,SAC
2884,khách báo cổng sạc bị gãy chân máy còn bảo hành,SAC
2885,RƠI BỒN RỬA MÁY CHẬP CHỜN BỊ TỪ TUẦN TRƯỚC,NUOC_VAO
2886,cắm sạc báo lỗi phụ kiện bị từ tuần trước,SAC
2887,kh noi may tu khoi dong lai nhieu lan trong ngay moi bi 2 ngay nay,PHAN_MEM
2888,khách báo cảm ứng chỗ được chỗ không,MAN_HINH
2889,tình trạng: cảm ứng chỗ được chỗ không máy còn bảo hành,MAN_HINH
2890,kh nói wifi không kết nối được sau cập nhật đã thử khởi động lại không được,PHAN_MEM
2891,camera sau bi mo nhu co suong bi tu tuan truoc,KHAC
2892,cổng sạc bị gãy chân khách chưa từng sửa ở đâu,SAC
2893,khách hàng phản ánh sạc đầy nhưng dùng 30 phút là sập nguồn,PIN
2894,khách hàng phản ánh máy tự khởi động lại nhiều lần trong ngày,PHAN_MEM
2895,khách hàng phản ánh máy tự tắt khi còn 30% pin xảy ra sau khi rơi,PIN
2896,khách báo cảm ứng chỗ được chỗ không khách chưa từng sửa ở đâu,MAN_HINH
2897,tinh trang: man hinh bi ho sang vien duoi moi bi 2 ngay nay,MAN_HINH
2898,khách báo báo pin sai phần trăm nhảy loạn xảy ra sau khi rơi,PIN
2899,máy vào nước màn hình loang ố máy còn bảo hành,NUOC_VAO
2900,tình trạng: điểm chết trên màn hình,MAN_HINH
2901,điểm chết trên màn hình xảy ra sau khi rơi,MAN_HINH
2902,kh noi cam sac khong vao dien khach chua tung sua o dau,SAC
2903,khách báo chân sạc lỏng phải giữ mới sạc được mới bị 2 ngày nay,SAC
2904,cổng sạc bám bụi không tiếp xúc máy còn bảo hành,SAC
2905,tình trạng: pin chai chỉ còn dùng được nửa ngày máy còn bảo hành,PIN
2906,tình trạng: máy treo logo không vào được hệ điều hành đã thử khởi động lại không được,PHAN_MEM
2907,tình trạng: camera mở lên bị đen màn bị từ tuần trước,PHAN_MEM
2908,kh noi man hinh nut sau khi roi moi bi 2 ngay nay,MAN_HINH
2909,KH NÓI PIN SỤT 20% CHỈ SAU VÀI PHÚT MÁY CÒN BẢO HÀNH,PIN
2910,khach hang phan anh cong sac bam bui khong tiep xuc moi bi 2 ngay nay,SAC
2911,kh noi camera mo len bi den man xay ra sau khi roi,PHAN_MEM
2912,khách hàng phản ánh máy không giữ được pin qua đêm xảy ra sau khi rơi,PIN
2913,khach bao man hinh nut sau khi roi,MAN_HINH
2914,tình trạng: cắm sạc không vào điện bị từ tuần trước,SAC
2915,KH NÓI MÀN HÌNH CHỚP TẮT LIÊN TỤC KHÁCH CHƯA TỪNG SỬA Ở ĐÂU,MAN_HINH
2916,khách hàng phản ánh cắm sạc máy nóng bất thường bị từ tuần trước,SAC
2917,may bi cảm ứng loạn không bấm được,MAN_HINH
2918,kh nói máy rơi vào nước không lên nguồn mới bị 2 ngày nay,NUOC_VAO
2919,khách báo ứng dụng tự thoát liên tục máy còn bảo hành,PHAN_MEM
2920,khách báo chân sạc lỏng phải giữ mới sạc được bị từ tuần trước,SAC
2921,may bi may rung lien tuc khong dung khach chua tung sua o dau,KHAC
2922,kh nói màn hình nứt sau khi rơi đã thử khởi động lại không được,MAN_HINH
2923,may bi pin sụt 20% chỉ sau vài phút mới bị 2 ngày nay,PIN
2924,may bi màn hình bị ám vàng một góc bị từ tuần trước,MAN_HINH
2925,khách báo màn hình bị ám vàng một góc mới bị 2 ngày nay,MAN_HINH
2926,MAY BI MÁY KHÔNG GIỮ ĐƯỢC PIN QUA ĐÊM KHÁCH CHƯA TỪNG SỬA Ở ĐÂU,PIN
2927,kh nói quên mật khẩu không mở được máy,PHAN_MEM
2928,khách hàng phản ánh sạc đầy nhưng dùng 30 phút là sập nguồn xảy ra sau khi rơi,PIN
2929,khách báo sạc đầy nhưng dùng 30 phút là sập nguồn,PIN
2930,tình trạng: máy tự khởi động lại nhiều lần trong ngày bị từ tuần trước,PHAN_MEM
2931,tinh trang: man hinh nut sau khi roi may con bao hanh,MAN_HINH
2932,tình trạng: cắm sạc không vào điện máy còn bảo hành,SAC
2933,khách báo cảm ứng loạn không bấm được máy còn bảo hành,MAN_HINH
2934,khách báo cổng sạc bị gãy chân bị từ tuần trước,SAC
2935,KHÁCH BÁO MÁY PHỒNG PIN CẤN MÀN HÌNH,PIN
2936,tình trạng: màn hình chớp tắt liên tục xảy ra sau khi rơi,MAN_HINH
2937,tình trạng: màn hình bị sọc dọc mới bị 2 ngày nay,MAN_HINH
2938,MAY BI MÁY TREO LOGO KHÔNG VÀO ĐƯỢC HỆ ĐIỀU HÀNH,PHAN_MEM
2939,khách báo máy rơi vào nước không lên nguồn máy còn bảo hành,NUOC_VAO
2940,tình trạng: báo pin sai phần trăm nhảy loạn mới bị 2 ngày nay,PIN
2941,kh nói màn hình bị hở sáng viền dưới mới bị 2 ngày nay,MAN_HINH
2942,tình trạng: ứng dụng tự thoát liên tục khách chưa từng sửa ở đâu,PHAN_MEM
2943,máy tự tắt khi còn 30% pin khách chưa từng sửa ở đâu,PIN
2944,khách hàng phản ánh sạc vào nhưng không nhận cáp máy còn bảo hành,SAC
2945,may bi quên mật khẩu không mở được máy bị từ tuần trước,PHAN_MEM
2946,màn hình bị hở sáng viền dưới bị từ tuần trước,MAN_HINH
2947,may bi cảm ứng loạn không bấm được máy còn bảo hành,MAN_HINH
2948,CHÂN SẠC LỎNG PHẢI GIỮ MỚI SẠC ĐƯỢC XẢY RA SAU KHI RƠI,SAC
2949,KHÁCH HÀNG PHẢN ÁNH MÀN HÌNH BỊ SỌC DỌC ĐÃ THỬ KHỞI ĐỘNG LẠI KHÔNG ĐƯỢC,MAN_HINH
2950,kh nói pin tụt rất nhanh dùng 2 tiếng đã hết xảy ra sau khi rơi,PIN
2951,máy bị đổ nước ngọt vào không sạc được máy còn bảo hành,NUOC_VAO
2952,tình trạng: pin tụt rất nhanh dùng 2 tiếng đã hết đã thử khởi động lại không được,PIN
2953,may bi quên mật khẩu không mở được máy đã thử khởi động lại không được,PHAN_MEM
2954,tinh trang: camera sau bi mo nhu co suong moi bi 2 ngay nay,KHAC
2955,dính nước biển máy nóng và tắt,NUOC_VAO
2956,kh nói rơi bồn rửa máy chập chờn khách chưa từng sửa ở đâu,NUOC_VAO
2957,may khong giu duoc pin qua dem xay ra sau khi roi,PIN
2958,KHÁCH BÁO ĐIỂM CHẾT TRÊN MÀN HÌNH ĐÃ THỬ KHỞI ĐỘNG LẠI KHÔNG ĐƯỢC,MAN_HINH
2959,may bi cổng sạc bám bụi không tiếp xúc mới bị 2 ngày nay,SAC
2960,màn hình đen không lên bị từ tuần trước,MAN_HINH
2961,khách hàng phản ánh pin sụt 20% chỉ sau vài phút đã thử khởi động lại không được,PIN
2962,cổng sạc bám bụi không tiếp xúc đã thử khởi động lại không được,SAC
2963,tinh trang: may treo logo khong vao duoc he dieu hanh may con bao hanh,PHAN_MEM
2964,may bi máy vào nước màn hình loang ố máy còn bảo hành,NUOC_VAO
2965,khách hàng phản ánh máy bị đổ nước ngọt vào không sạc được xảy ra sau khi rơi,NUOC_VAO
2966,khach bao sac day nhung dung 30 phut la sap nguon khach chua tung sua o dau,PIN
2967,khách hàng phản ánh cảm ứng chỗ được chỗ không xảy ra sau khi rơi,MAN_HINH
2968,tình trạng: cắm sạc báo lỗi phụ kiện khách chưa từng sửa ở đâu,SAC
2969,tình trạng: máy không giữ được pin qua đêm xảy ra sau khi rơi,PIN
2970,khach hang phan anh man hinh den khong len,MAN_HINH
2971,kh nói màn hình bị sọc dọc,MAN_HINH
2972,khách báo màn hình đen không lên máy còn bảo hành,MAN_HINH
2973,màn hình bị hở sáng viền dưới bị từ tuần trước,MAN_HINH
2974,khách báo máy tự tắt khi còn 30% pin,PIN
2975,khach bao may bi do nuoc ngot vao khong sac duoc may con bao hanh,NUOC_VAO
2976,kh nói màn hình bị sọc dọc máy còn bảo hành,MAN_HINH
2977,máy không giữ được pin qua đêm bị từ tuần trước,PIN
2978,kh nói màn hình nứt sau khi rơi mới bị 2 ngày nay,MAN_HINH
2979,màn hình bị ám vàng một góc,MAN_HINH
2980,khách hàng phản ánh không nhận sim bị từ tuần trước,KHAC
2981,kh nói cảm ứng chỗ được chỗ không máy còn bảo hành,MAN_HINH
2982,may bi máy tự tắt khi còn 30% pin xảy ra sau khi rơi,PIN
2983,tình trạng: máy chạy chậm giật lag sau khi cập nhật xảy ra sau khi rơi,PHAN_MEM
2984,khách báo pin tụt rất nhanh dùng 2 tiếng đã hết bị từ tuần trước,PIN
2985,man hinh xuat hien vet muc loang bi tu tuan truoc,MAN_HINH
2986,khach hang phan anh cam sac bao loi phu kien bi tu tuan truoc,SAC
2987,máy phồng pin cấn màn hình xảy ra sau khi rơi,PIN
2988,tình trạng: cắm sạc máy nóng bất thường xảy ra sau khi rơi,SAC
2989,khách báo ứng dụng tự thoát liên tục đã thử khởi động lại không được,PHAN_MEM
2990,khách báo máy tự tắt khi còn 30% pin bị từ tuần trước,PIN
2991,may bi pin chai chỉ còn dùng được nửa ngày đã thử khởi động lại không được,PIN
2992,kh nói màn hình chớp tắt liên tục mới bị 2 ngày nay,MAN_HINH
2993,khach bao roi bon rua may chap chon moi bi 2 ngay nay,NUOC_VAO
2994,kh nói màn hình bị ám vàng một góc mới bị 2 ngày nay,MAN_HINH
2995,khách hàng phản ánh máy vào nước màn hình loang ố máy còn bảo hành,NUOC_VAO
2996,wifi không kết nối được sau cập nhật bị từ tuần trước,PHAN_MEM
2997,TINH TRANG: BAO PIN SAI PHAN TRAM NHAY LOAN,PIN
2998,SẠC RẤT CHẬM MẤT CẢ ĐÊM BỊ TỪ TUẦN TRƯỚC,SAC
2999,khách hàng phản ánh rơi bồn rửa máy chập chờn xảy ra sau khi rơi,NUOC_VAO
3000,khách hàng phản ánh wifi không kết nối được sau cập nhật mới bị 2 ngày nay,PHAN_MEM
3001,tình trạng: pin sụt 20% chỉ sau vài phút,PIN
3002,khách hàng phản ánh điểm chết trên màn hình máy còn bảo hành,MAN_HINH
3003,tình trạng: wifi không kết nối được sau cập nhật đã thử khởi động lại không được,PHAN_MEM
3004,may bi pin nóng bất thường khi dùng,PIN
3005,cong sac bam bui khong tiep xuc khach chua tung sua o dau,SAC
3006,kh noi wifi khong ket noi duoc sau cap nhat bi tu tuan truoc,PHAN_MEM
3007,khách báo cảm ứng loạn không bấm được bị từ tuần trước,MAN_HINH
3008,tình trạng: máy bị đổ nước ngọt vào không sạc được khách chưa từng sửa ở đâu,NUOC_VAO
3009,khach bao pin tut rat nhanh dung 2 tieng da het da thu khoi dong lai khong duoc,PIN
3010,tình trạng: máy không giữ được pin qua đêm xảy ra sau khi rơi,PIN
3011,tinh trang: cong sac bam bui khong tiep xuc bi tu tuan truoc,SAC
3012,KHÁCH BÁO MÁY PHỒNG PIN CẤN MÀN HÌNH KHÁCH CHƯA TỪNG SỬA Ở ĐÂU,PIN
3013,kh nói rơi bồn rửa máy chập chờn mới bị 2 ngày nay,NUOC_VAO
3014,khách hàng phản ánh màn hình xuất hiện vệt mực loang đã thử khởi động lại không được,MAN_HINH
3015,kh nói màn hình bị ám vàng một góc bị từ tuần trước,MAN_HINH
3016,khach bao cam ung cho duoc cho khong may con bao hanh,MAN_HINH
3017,khách báo cảm ứng loạn không bấm được đã thử khởi động lại không được,MAN_HINH
3018,khách hàng phản ánh không nhận sim xảy ra sau khi rơi,KHAC
3019,may bi điểm chết trên màn hình bị từ tuần trước,MAN_HINH
3020,khách báo cổng sạc bị gãy chân,SAC
3021,MÁY CHẠY CHẬM GIẬT LAG SAU KHI CẬP NHẬT MÁY CÒN BẢO HÀNH,PHAN_MEM
3022,kh nói sạc vào nhưng không nhận cáp xảy ra sau khi rơi,SAC
3023,may bi pin nóng bất thường khi dùng đã thử khởi động lại không được,PIN
3024,kh nói màn hình chớp tắt liên tục,MAN_HINH
3025,khách hàng phản ánh dính nước biển máy nóng và tắt mới bị 2 ngày nay,NUOC_VAO
3026,may bi màn hình chớp tắt liên tục,MAN_HINH
3027,may bi man hinh xuat hien vet muc loang bi tu tuan truoc,MAN_HINH
3028,khách hàng phản ánh pin sụt 20% chỉ sau vài phút máy còn bảo hành,PIN
3029,tình trạng: cắm sạc không vào điện khách chưa từng sửa ở đâu,SAC
3030,tình trạng: màn hình nứt sau khi rơi xảy ra sau khi rơi,MAN_HINH
3031,khách hàng phản ánh sạc đầy nhưng dùng 30 phút là sập nguồn khách chưa từng sửa ở đâu,PIN
3032,tình trạng: màn hình bị ám vàng một góc xảy ra sau khi rơi,MAN_HINH
3033,kh nói màn hình bị sọc dọc,MAN_HINH
3034,pin tụt rất nhanh dùng 2 tiếng đã hết khách chưa từng sửa ở đâu,PIN
3035,kh nói pin sụt 20% chỉ sau vài phút xảy ra sau khi rơi,PIN
3036,kh nói màn hình nứt sau khi rơi khách chưa từng sửa ở đâu,MAN_HINH
3037,kh nói màn hình chớp tắt liên tục,MAN_HINH
3038,tình trạng: ứng dụng tự thoát liên tục khách chưa từng sửa ở đâu,PHAN_MEM
3039,tình trạng: cổng sạc bám bụi không tiếp xúc bị từ tuần trước,SAC
3040,cổng sạc bị gãy chân,SAC
3041,MAY BI CẮM SẠC KHÔNG VÀO ĐIỆN XẢY RA SAU KHI RƠI,SAC
3042,khách báo điểm chết trên màn hình đã thử khởi động lại không được,MAN_HINH
3043,tinh trang: man hinh chop tat lien tuc may con bao hanh,MAN_HINH
3044,may bi điểm chết trên màn hình máy còn bảo hành,MAN_HINH
3045,may bi man hinh bi am vang mot goc xay ra sau khi roi,MAN_HINH
3046,kh nói không cài được ứng dụng báo lỗi,PHAN_MEM
3047,khach hang phan anh bao pin sai phan tram nhay loan da thu khoi dong lai khong duoc,PIN
3048,khách hàng phản ánh sạc đầy nhưng dùng 30 phút là sập nguồn mới bị 2 ngày nay,PIN
3049,khách hàng phản ánh cắm sạc báo lỗi phụ kiện xảy ra sau khi rơi,SAC
3050,khách hàng phản ánh màn hình nứt sau khi rơi xảy ra sau khi rơi,MAN_HINH
3051,may khong giu duoc pin qua dem,PIN
3052,kh noi dinh nuoc bien may nong va tat xay ra sau khi roi,NUOC_VAO
3053,KH NÓI CẮM SẠC KHÔNG VÀO ĐIỆN MỚI BỊ 2 NGÀY NAY,SAC
3054,cổng sạc bị gãy chân xảy ra sau khi rơi,SAC
3055,khach bao pin tut rat nhanh dung 2 tieng da het moi bi 2 ngay nay,PIN
3056,khách báo camera sau bị mờ như có sương,KHAC
3057,khách hàng phản ánh cảm ứng chỗ được chỗ không khách chưa từng sửa ở đâu,MAN_HINH
3058,may bi không nhận sim xảy ra sau khi rơi,KHAC
3059,khách báo rơi bồn rửa máy chập chờn đã thử khởi động lại không được,NUOC_VAO
3060,may bi màn hình bị sọc dọc đã thử khởi động lại không được,MAN_HINH
3061,tình trạng: cắm sạc máy nóng bất thường bị từ tuần trước,SAC
3062,tình trạng: máy không giữ được pin qua đêm xảy ra sau khi rơi,PIN
3063,KHÁCH BÁO MÁY BỊ ĐỔ NƯỚC NGỌT VÀO KHÔNG SẠC ĐƯỢC BỊ TỪ TUẦN TRƯỚC,NUOC_VAO
3064,kh nói máy có tiếng kêu lạ bên trong khách chưa từng sửa ở đâu,KHAC
3065,kh nói máy phồng pin cấn màn hình bị từ tuần trước,PIN
3066,khách hàng phản ánh màn hình xuất hiện vệt mực loang đã thử khởi động lại không được,MAN_HINH
3067,khách hàng phản ánh pin sụt 20% chỉ sau vài phút đã thử khởi động lại không được,PIN
3068,kh nói máy phồng pin cấn màn hình khách chưa từng sửa ở đâu,PIN
3069,tình trạng: màn hình bị hở sáng viền dưới đã thử khởi động lại không được,MAN_HINH
3070,màn hình xuất hiện vệt mực loang khách chưa từng sửa ở đâu,MAN_HINH
3071,may bi cảm ứng chỗ được chỗ không đã thử khởi động lại không được,MAN_HINH
3072,kh nói chân sạc lỏng phải giữ mới sạc được mới bị 2 ngày nay,SAC
3073,tình trạng: cảm ứng chỗ được chỗ không bị từ tuần trước,MAN_HINH
3074,kh nói máy rung liên tục không dừng đã thử khởi động lại không được,KHAC
3075,cắm sạc báo lỗi phụ kiện khách chưa từng sửa ở đâu,SAC
3076,may bi màn hình đen không lên bị từ tuần trước,MAN_HINH
3077,khách báo màn hình đen không lên đã thử khởi động lại không được,MAN_HINH
3078,KHÁCH HÀNG PHẢN ÁNH MÀN HÌNH CHỚP TẮT LIÊN TỤC KHÁCH CHƯA TỪNG SỬA Ở ĐÂU,MAN_HINH
3079,kh nói máy rung liên tục không dừng,KHAC
3080,MÀN HÌNH BỊ HỞ SÁNG VIỀN DƯỚI MỚI BỊ 2 NGÀY NAY,MAN_HINH
3081,may bi máy tự tắt khi còn 30% pin,PIN
3082,khach hang phan anh khong cai duoc ung dung bao loi bi tu tuan truoc,PHAN_MEM
3083,khách báo cảm ứng chỗ được chỗ không đã thử khởi động lại không được,MAN_HINH
3084,kh nói màn hình nứt sau khi rơi xảy ra sau khi rơi,MAN_HINH
3085,tinh trang: man hinh den khong len may con bao hanh,MAN_HINH
3086,tinh trang: cam sac khong vao dien may con bao hanh,SAC
3087,khách báo chân sạc lỏng phải giữ mới sạc được mới bị 2 ngày nay,SAC
3088,chân sạc lỏng phải giữ mới sạc được xảy ra sau khi rơi,SAC
3089,MAY BI SẠC VÀO NHƯNG KHÔNG NHẬN CÁP ĐÃ THỬ KHỞI ĐỘNG LẠI KHÔNG ĐƯỢC,SAC
3090,tinh trang: may bi do nuoc ngot vao khong sac duoc bi tu tuan truoc,NUOC_VAO
3091,kh nói pin nóng bất thường khi dùng mới bị 2 ngày nay,PIN
3092,KHACH BAO PIN NONG BAT THUONG KHI DUNG MOI BI 2 NGAY NAY,PIN
3093,khách báo máy có tiếng kêu lạ bên trong bị từ tuần trước,KHAC
3094,kh nói màn hình bị ám vàng một góc bị từ tuần trước,MAN_HINH
3095,màn hình bị hở sáng viền dưới máy còn bảo hành,MAN_HINH
3096,khach bao man hinh bi ho sang vien duoi xay ra sau khi roi,MAN_HINH
3097,may bi báo pin sai phần trăm nhảy loạn bị từ tuần trước,PIN
3098,tình trạng: máy tự tắt khi còn 30% pin xảy ra sau khi rơi,PIN
3099,MAY BI MÁY RƠI VÀO NƯỚC KHÔNG LÊN NGUỒN MỚI BỊ 2 NGÀY NAY,NUOC_VAO
3100,khách báo màn hình chớp tắt liên tục máy còn bảo hành,MAN_HINH
3101,tình trạng: cổng sạc bị gãy chân đã thử khởi động lại không được,SAC
3102,kh nói báo pin sai phần trăm nhảy loạn máy còn bảo hành,PIN
3103,khách hàng phản ánh màn hình chớp tắt liên tục,MAN_HINH
3104,màn hình đen không lên khách chưa từng sửa ở đâu,MAN_HINH
3105,khach hang phan anh man hinh bi am vang mot goc xay ra sau khi roi,MAN_HINH
3106,may bi quen mat khau khong mo duoc may xay ra sau khi roi,PHAN_MEM
3107,may bi cảm ứng chỗ được chỗ không bị từ tuần trước,MAN_HINH
3108,may bi máy treo logo không vào được hệ điều hành mới bị 2 ngày nay,PHAN_MEM
3109,kh noi cam ung loan khong bam duoc khach chua tung sua o dau,MAN_HINH
3110,ứng dụng tự thoát liên tục,PHAN_MEM
3111,may bi camera sau bị mờ như có sương mới bị 2 ngày nay,KHAC
3112,kh nói cảm ứng chỗ được chỗ không xảy ra sau khi rơi,MAN_HINH
3113,tình trạng: cổng sạc bị gãy chân xảy ra sau khi rơi,SAC
3114,kh nói chân sạc lỏng phải giữ mới sạc được bị từ tuần trước,SAC
3115,kh nói màn hình xuất hiện vệt mực loang máy còn bảo hành,MAN_HINH
3116,khách hàng phản ánh cảm ứng loạn không bấm được xảy ra sau khi rơi,MAN_HINH
3117,KHACH BAO MAY TU KHOI DONG LAI NHIEU LAN TRONG NGAY,PHAN_MEM
3118,tinh trang: may phong pin can man hinh may con bao hanh,PIN
3119,tình trạng: cảm ứng chỗ được chỗ không bị từ tuần trước,MAN_HINH
3120,khách báo cắm sạc không vào điện khách chưa từng sửa ở đâu,SAC
3121,tình trạng: điểm chết trên màn hình máy còn bảo hành,MAN_HINH
3122,cắm sạc báo lỗi phụ kiện đã thử khởi động lại không được,SAC
3123,máy tự tắt khi còn 30% pin đã thử khởi động lại không được,PIN
3124,khách báo máy chạy chậm giật lag sau khi cập nhật khách chưa từng sửa ở đâu,PHAN_MEM
3125,khách báo sạc vào nhưng không nhận cáp,SAC
3126,tình trạng: cảm ứng chỗ được chỗ không xảy ra sau khi rơi,MAN_HINH
3127,kh nói máy chạy chậm giật lag sau khi cập nhật,PHAN_MEM
3128,tình trạng: quên mật khẩu không mở được máy máy còn bảo hành,PHAN_MEM
3129,cắm sạc máy nóng bất thường,SAC
3130,MAY BI ĐIỂM CHẾT TRÊN MÀN HÌNH MÁY CÒN BẢO HÀNH,MAN_HINH
3131,kh nói máy vào nước màn hình loang ố mới bị 2 ngày nay,NUOC_VAO
3132,máy phồng pin cấn màn hình máy còn bảo hành,PIN
3133,khach bao pin tut rat nhanh dung 2 tieng da het xay ra sau khi roi,PIN
3134,màn hình nứt sau khi rơi,MAN_HINH
3135,may bi pin chai chỉ còn dùng được nửa ngày đã thử khởi động lại không được,PIN
3136,khách hàng phản ánh màn hình bị hở sáng viền dưới máy còn bảo hành,MAN_HINH
3137,khách báo màn hình chớp tắt liên tục,MAN_HINH
3138,tình trạng: màn hình bị sọc dọc máy còn bảo hành,MAN_HINH
3139,sạc đầy nhưng dùng 30 phút là sập nguồn đã thử khởi động lại không được,PIN
3140,may bi màn hình xuất hiện vệt mực loang đã thử khởi động lại không được,MAN_HINH
3141,kh nói máy chạy chậm giật lag sau khi cập nhật mới bị 2 ngày nay,PHAN_MEM
3142,kh nói sạc đầy nhưng dùng 30 phút là sập nguồn máy còn bảo hành,PIN
3143,KHÁCH HÀNG PHẢN ÁNH MÀN HÌNH ĐEN KHÔNG LÊN ĐÃ THỬ KHỞI ĐỘNG LẠI KHÔNG ĐƯỢC,MAN_HINH
3144,khách hàng phản ánh màn hình chớp tắt liên tục bị từ tuần trước,MAN_HINH
3145,tình trạng: báo pin sai phần trăm nhảy loạn bị từ tuần trước,PIN
3146,khach hang phan anh man hinh nut sau khi roi xay ra sau khi roi,MAN_HINH
3147,khách báo quên mật khẩu không mở được máy bị từ tuần trước,PHAN_MEM
3148,kh nói màn hình chớp tắt liên tục xảy ra sau khi rơi,MAN_HINH
3149,tình trạng: màn hình chớp tắt liên tục đã thử khởi động lại không được,MAN_HINH
3150,tình trạng: màn hình đen không lên đã thử khởi động lại không được,MAN_HINH
3151,báo pin sai phần trăm nhảy loạn mới bị 2 ngày nay,PIN
3152,tình trạng: camera mở lên bị đen màn,PHAN_MEM
3153,tình trạng: cắm sạc báo lỗi phụ kiện xảy ra sau khi rơi,SAC
3154,máy treo logo không vào được hệ điều hành bị từ tuần trước,PHAN_MEM
3155,máy tự tắt khi còn 30% pin đã thử khởi động lại không được,PIN
3156,chân sạc lỏng phải giữ mới sạc được máy còn bảo hành,SAC
3157,khach bao wifi khong ket noi duoc sau cap nhat may con bao hanh,PHAN_MEM
3158,may bi máy tự tắt khi còn 30% pin máy còn bảo hành,PIN
3159,cắm sạc không vào điện mới bị 2 ngày nay,SAC
3160,khach hang phan anh pin chai chi con dung duoc nua ngay xay ra sau khi roi,PIN
3161,tình trạng: chân sạc lỏng phải giữ mới sạc được khách chưa từng sửa ở đâu,SAC
3162,pin chai chỉ còn dùng được nửa ngày bị từ tuần trước,PIN
3163,tinh trang: sac rat cham mat ca dem xay ra sau khi roi,SAC
3164,tinh trang: man hinh xuat hien vet muc loang,MAN_HINH
3165,khách báo cảm ứng loạn không bấm được xảy ra sau khi rơi,MAN_HINH
3166,khách hàng phản ánh cổng sạc bám bụi không tiếp xúc,SAC
3167,cổng sạc bám bụi không tiếp xúc mới bị 2 ngày nay,SAC
3168,KHÁCH HÀNG PHẢN ÁNH CAMERA MỞ LÊN BỊ ĐEN MÀN ĐÃ THỬ KHỞI ĐỘNG LẠI KHÔNG ĐƯỢC,PHAN_MEM
3169,khách báo màn hình nứt sau khi rơi máy còn bảo hành,MAN_HINH
3170,tình trạng: wifi không kết nối được sau cập nhật xảy ra sau khi rơi,PHAN_MEM
3171,khách hàng phản ánh máy tự khởi động lại nhiều lần trong ngày mới bị 2 ngày nay,PHAN_MEM
3172,khach hang phan anh man hinh bi am vang mot goc may con bao hanh,MAN_HINH
3173,màn hình bị sọc dọc mới bị 2 ngày nay,MAN_HINH
3174,kh nói màn hình nứt sau khi rơi bị từ tuần trước,MAN_HINH
3175,KHÁCH HÀNG PHẢN ÁNH MÀN HÌNH CHỚP TẮT LIÊN TỤC,MAN_HINH
3176,cam sac may nong bat thuong may con bao hanh,SAC
3177,khach hang phan anh wifi khong ket noi duoc sau cap nhat da thu khoi dong lai khong duoc,PHAN_MEM
3178,kh nói pin tụt rất nhanh dùng 2 tiếng đã hết bị từ tuần trước,PIN
3179,may bi cam sac bao loi phu kien khach chua tung sua o dau,SAC
3180,kh nói màn hình đen không lên mới bị 2 ngày nay,MAN_HINH
3181,khach bao may phong pin can man hinh,PIN
3182,kh nói pin chai chỉ còn dùng được nửa ngày mới bị 2 ngày nay,PIN
3183,khách báo sạc rất chậm mất cả đêm bị từ tuần trước,SAC
3184,máy không giữ được pin qua đêm đã thử khởi động lại không được,PIN
3185,may bi màn hình bị hở sáng viền dưới bị từ tuần trước,MAN_HINH
3186,may bi khong nhan sim may con bao hanh,KHAC
3187,khách báo ứng dụng tự thoát liên tục xảy ra sau khi rơi,PHAN_MEM
3188,khách báo pin tụt rất nhanh dùng 2 tiếng đã hết,PIN
3189,may bi pin tụt rất nhanh dùng 2 tiếng đã hết mới bị 2 ngày nay,PIN
3190,màn hình nứt sau khi rơi khách chưa từng sửa ở đâu,MAN_HINH
3191,khách hàng phản ánh màn hình nứt sau khi rơi xảy ra sau khi rơi,MAN_HINH
3192,KHÁCH BÁO CAMERA MỞ LÊN BỊ ĐEN MÀN ĐÃ THỬ KHỞI ĐỘNG LẠI KHÔNG ĐƯỢC,PHAN_MEM
3193,khách báo camera mở lên bị đen màn máy còn bảo hành,PHAN_MEM
3194,cong sac bam bui khong tiep xuc xay ra sau khi roi,SAC
3195,điểm chết trên màn hình mới bị 2 ngày nay,MAN_HINH
3196,cổng sạc bám bụi không tiếp xúc bị từ tuần trước,SAC
3197,pin tụt rất nhanh dùng 2 tiếng đã hết bị từ tuần trước,PIN
3198,khách báo cắm sạc báo lỗi phụ kiện mới bị 2 ngày nay,SAC
3199,may bi máy không giữ được pin qua đêm máy còn bảo hành,PIN
3200,kh nói máy tự khởi động lại nhiều lần trong ngày,PHAN_MEM
3201,kh nói máy chạy chậm giật lag sau khi cập nhật đã thử khởi động lại không được,PHAN_MEM
3202,may bi sạc rất chậm mất cả đêm,SAC
3203,may bi man hinh chop tat lien tuc,MAN_HINH
3204,may bi điểm chết trên màn hình mới bị 2 ngày nay,MAN_HINH
3205,khách hàng phản ánh máy vào nước màn hình loang ố khách chưa từng sửa ở đâu,NUOC_VAO
3206,khách hàng phản ánh máy không giữ được pin qua đêm bị từ tuần trước,PIN
3207,kh nói màn hình nứt sau khi rơi,MAN_HINH
3208,kh nói sạc rất chậm mất cả đêm xảy ra sau khi rơi,SAC
3209,khach bao dien thoai dinh nuoc mua loa bi re moi bi 2 ngay nay,NUOC_VAO
3210,may bi cắm sạc không vào điện đã thử khởi động lại không được,SAC
3211,điện thoại dính nước mưa loa bị rè xảy ra sau khi rơi,NUOC_VAO
3212,kh nói cổng sạc bị gãy chân xảy ra sau khi rơi,SAC
3213,kh nói điểm chết trên màn hình khách chưa từng sửa ở đâu,MAN_HINH
3214,khách báo máy không giữ được pin qua đêm máy còn bảo hành,PIN
3215,kh nói máy phồng pin cấn màn hình đã thử khởi động lại không được,PIN
3216,khach hang phan anh cam ung loan khong bam duoc moi bi 2 ngay nay,MAN_HINH
3217,tình trạng: camera mở lên bị đen màn xảy ra sau khi rơi,PHAN_MEM
3218,TINH TRANG: MAY PHONG PIN CAN MAN HINH DA THU KHOI DONG LAI KHONG DUOC,PIN
3219,điểm chết trên màn hình máy còn bảo hành,MAN_HINH
3220,cắm sạc báo lỗi phụ kiện khách chưa từng sửa ở đâu,SAC
3221,kh nói màn hình đen không lên mới bị 2 ngày nay,MAN_HINH
3222,tình trạng: sạc đầy nhưng dùng 30 phút là sập nguồn xảy ra sau khi rơi,PIN
3223,quên mật khẩu không mở được máy xảy ra sau khi rơi,PHAN_MEM
3224,khách hàng phản ánh máy có tiếng kêu lạ bên trong,KHAC
3225,tình trạng: cắm sạc máy nóng bất thường máy còn bảo hành,SAC
3226,KH NÓI MÁY KHÔNG GIỮ ĐƯỢC PIN QUA ĐÊM XẢY RA SAU KHI RƠI,PIN
3227,kh nói cảm ứng loạn không bấm được mới bị 2 ngày nay,MAN_HINH
3228,khach bao wifi khong ket noi duoc sau cap nhat may con bao hanh,PHAN_MEM
3229,may bi camera mo len bi den man khach chua tung sua o dau,PHAN_MEM
3230,MAY BI PIN NÓNG BẤT THƯỜNG KHI DÙNG,PIN
3231,may bi máy phồng pin cấn màn hình,PIN
3232,may bi màn hình bị sọc dọc mới bị 2 ngày nay,MAN_HINH
3233,khách hàng phản ánh màn hình bị hở sáng viền dưới khách chưa từng sửa ở đâu,MAN_HINH
3234,MAY BI KHÔNG NHẬN SIM MỚI BỊ 2 NGÀY NAY,KHAC
3235,khách báo máy chạy chậm giật lag sau khi cập nhật khách chưa từng sửa ở đâu,PHAN_MEM
3236,khách hàng phản ánh pin nóng bất thường khi dùng đã thử khởi động lại không được,PIN
3237,kh noi pin chai chi con dung duoc nua ngay khach chua tung sua o dau,PIN
3238,tinh trang: khong nhan sim,KHAC
3239,kh nói pin tụt rất nhanh dùng 2 tiếng đã hết mới bị 2 ngày nay,PIN
3240,khách báo máy chạy chậm giật lag sau khi cập nhật khách chưa từng sửa ở đâu,PHAN_MEM
3241,tình trạng: pin tụt rất nhanh dùng 2 tiếng đã hết xảy ra sau khi rơi,PIN
3242,khach bao pin sut 20% chi sau vai phut bi tu tuan truoc,PIN
3243,khách báo cảm ứng chỗ được chỗ không đã thử khởi động lại không được,MAN_HINH
3244,khach bao may tu tat khi con 30% pin da thu khoi dong lai khong duoc,PIN
3245,khách hàng phản ánh cắm sạc báo lỗi phụ kiện bị từ tuần trước,SAC
3246,TÌNH TRẠNG: MÁY TỰ TẮT KHI CÒN 30% PIN BỊ TỪ TUẦN TRƯỚC,PIN
3247,khách hàng phản ánh sạc vào nhưng không nhận cáp máy còn bảo hành,SAC
3248,khách hàng phản ánh điện thoại dính nước mưa loa bị rè khách chưa từng sửa ở đâu,NUOC_VAO
3249,tình trạng: sạc đầy nhưng dùng 30 phút là sập nguồn khách chưa từng sửa ở đâu,PIN
3250,khách hàng phản ánh sạc vào nhưng không nhận cáp máy còn bảo hành,SAC
3251,may bi cổng sạc bị gãy chân xảy ra sau khi rơi,SAC
3252,MÀN HÌNH BỊ SỌC DỌC XẢY RA SAU KHI RƠI,MAN_HINH
3253,tình trạng: màn hình nứt sau khi rơi đã thử khởi động lại không được,MAN_HINH
3254,khách hàng phản ánh camera mở lên bị đen màn máy còn bảo hành,PHAN_MEM
3255,quên mật khẩu không mở được máy xảy ra sau khi rơi,PHAN_MEM
3256,khách báo cổng sạc bị gãy chân khách chưa từng sửa ở đâu,SAC
3257,khách báo không nhận sim,KHAC
3258,khách hàng phản ánh pin tụt rất nhanh dùng 2 tiếng đã hết bị từ tuần trước,PIN
3259,cắm sạc máy nóng bất thường mới bị 2 ngày nay,SAC
3260,máy rung liên tục không dừng máy còn bảo hành,KHAC
3261,may bi máy phồng pin cấn màn hình khách chưa từng sửa ở đâu,PIN
3262,khách báo cổng sạc bị gãy chân mới bị 2 ngày nay,SAC
3263,khach hang phan anh may tu tat khi con 30% pin khach chua tung sua o dau,PIN
3264,kh nói quên mật khẩu không mở được máy khách chưa từng sửa ở đâu,PHAN_MEM
3265,may bi pin sụt 20% chỉ sau vài phút khách chưa từng sửa ở đâu,PIN
3266,khách hàng phản ánh cảm ứng chỗ được chỗ không mới bị 2 ngày nay,MAN_HINH
3267,KH NÓI CẮM SẠC KHÔNG VÀO ĐIỆN ĐÃ THỬ KHỞI ĐỘNG LẠI KHÔNG ĐƯỢC,SAC
3268,khách báo máy tự tắt khi còn 30% pin xảy ra sau khi rơi,PIN
3269,khách báo pin tụt rất nhanh dùng 2 tiếng đã hết máy còn bảo hành,PIN
3270,khách hàng phản ánh màn hình xuất hiện vệt mực loang bị từ tuần trước,MAN_HINH
3271,khách báo pin chai chỉ còn dùng được nửa ngày khách chưa từng sửa ở đâu,PIN
3272,kh nói cổng sạc bị gãy chân đã thử khởi động lại không được,SAC
3273,may bi pin tụt rất nhanh dùng 2 tiếng đã hết máy còn bảo hành,PIN
3274,máy treo logo không vào được hệ điều hành đã thử khởi động lại không được,PHAN_MEM
3275,khách hàng phản ánh màn hình bị sọc dọc bị từ tuần trước,MAN_HINH
3276,SẠC VÀO NHƯNG KHÔNG NHẬN CÁP,SAC
3277,khách hàng phản ánh cổng sạc bám bụi không tiếp xúc máy còn bảo hành,SAC
3278,khách báo màn hình bị hở sáng viền dưới bị từ tuần trước,MAN_HINH
3279,khách hàng phản ánh điểm chết trên màn hình bị từ tuần trước,MAN_HINH
3280,máy rơi vào nước không lên nguồn xảy ra sau khi rơi,NUOC_VAO
3281,khách hàng phản ánh điện thoại dính nước mưa loa bị rè xảy ra sau khi rơi,NUOC_VAO
3282,tinh trang: may rung lien tuc khong dung da thu khoi dong lai khong duoc,KHAC
3283,khách báo cắm sạc báo lỗi phụ kiện máy còn bảo hành,SAC
3284,điểm chết trên màn hình,MAN_HINH
3285,may bi màn hình bị sọc dọc khách chưa từng sửa ở đâu,MAN_HINH
3286,khách hàng phản ánh cắm sạc báo lỗi phụ kiện máy còn bảo hành,SAC
3287,tinh trang: diem chet tren man hinh da thu khoi dong lai khong duoc,MAN_HINH
3288,tình trạng: pin tụt rất nhanh dùng 2 tiếng đã hết,PIN
3289,may bi máy vào nước màn hình loang ố mới bị 2 ngày nay,NUOC_VAO
3290,khách báo cổng sạc bám bụi không tiếp xúc khách chưa từng sửa ở đâu,SAC
3291,màn hình đen không lên mới bị 2 ngày nay,MAN_HINH
3292,tình trạng: màn hình bị sọc dọc đã thử khởi động lại không được,MAN_HINH
3293,MAY BI CAM UNG LOAN KHONG BAM DUOC MAY CON BAO HANH,MAN_HINH
3294,tình trạng: máy tự tắt khi còn 30% pin mới bị 2 ngày nay,PIN
3295,khách báo điện thoại dính nước mưa loa bị rè mới bị 2 ngày nay,NUOC_VAO
3296,kh nói sạc đầy nhưng dùng 30 phút là sập nguồn mới bị 2 ngày nay,PIN
3297,máy có tiếng kêu lạ bên trong xảy ra sau khi rơi,KHAC
3298,khách hàng phản ánh pin chai chỉ còn dùng được nửa ngày,PIN
3299,tình trạng: quên mật khẩu không mở được máy xảy ra sau khi rơi,PHAN_MEM
3300,man hinh bi am vang mot goc moi bi 2 ngay nay,MAN_HINH
3301,tình trạng: cảm ứng loạn không bấm được mới bị 2 ngày nay,MAN_HINH
3302,khách hàng phản ánh máy tự tắt khi còn 30% pin máy còn bảo hành,PIN
3303,khách hàng phản ánh cắm sạc không vào điện đã thử khởi động lại không được,SAC
3304,khách báo màn hình xuất hiện vệt mực loang máy còn bảo hành,MAN_HINH
3305,KHÁCH BÁO MÁY KHÔNG GIỮ ĐƯỢC PIN QUA ĐÊM KHÁCH CHƯA TỪNG SỬA Ở ĐÂU,PIN
3306,sạc rất chậm mất cả đêm bị từ tuần trước,SAC
3307,khach hang phan anh camera mo len bi den man da thu khoi dong lai khong duoc,PHAN_MEM
3308,khách hàng phản ánh không cài được ứng dụng báo lỗi mới bị 2 ngày nay,PHAN_MEM
3309,tình trạng: báo pin sai phần trăm nhảy loạn mới bị 2 ngày nay,PIN
3310,tình trạng: cắm sạc máy nóng bất thường mới bị 2 ngày nay,SAC
3311,khach hang phan anh mic goi dien doi phuong khong nghe duoc khach chua tung sua o dau,KHAC
3312,khách hàng phản ánh máy không giữ được pin qua đêm bị từ tuần trước,PIN
3313,MAY BI ĐIỆN THOẠI DÍNH NƯỚC MƯA LOA BỊ RÈ MỚI BỊ 2 NGÀY NAY,NUOC_VAO
3314,tình trạng: chân sạc lỏng phải giữ mới sạc được xảy ra sau khi rơi,SAC
3315,kh nói màn hình nứt sau khi rơi mới bị 2 ngày nay,MAN_HINH
3316,may bi cảm ứng loạn không bấm được xảy ra sau khi rơi,MAN_HINH
3317,kh noi cam ung cho duoc cho khong bi tu tuan truoc,MAN_HINH
3318,CẢM ỨNG LOẠN KHÔNG BẤM ĐƯỢC MỚI BỊ 2 NGÀY NAY,MAN_HINH
3319,tình trạng: cắm sạc không vào điện bị từ tuần trước,SAC
3320,may bi cam ung loan khong bam duoc xay ra sau khi roi,MAN_HINH
3321,khách hàng phản ánh quên mật khẩu không mở được máy bị từ tuần trước,PHAN_MEM
3322,kh nói cắm sạc báo lỗi phụ kiện mới bị 2 ngày nay,SAC
3323,may bi cảm ứng loạn không bấm được xảy ra sau khi rơi,MAN_HINH
3324,kh nói camera sau bị mờ như có sương xảy ra sau khi rơi,KHAC
3325,may bi màn hình chớp tắt liên tục đã thử khởi động lại không được,MAN_HINH
3326,khách báo nút nguồn bị kẹt máy còn bảo hành,KHAC
3327,tình trạng: màn hình nứt sau khi rơi khách chưa từng sửa ở đâu,MAN_HINH
3328,khách hàng phản ánh sạc rất chậm mất cả đêm khách chưa từng sửa ở đâu,SAC
3329,cảm ứng loạn không bấm được khách chưa từng sửa ở đâu,MAN_HINH
3330,tình trạng: màn hình đen không lên mới bị 2 ngày nay,MAN_HINH
3331,kh nói pin tụt rất nhanh dùng 2 tiếng đã hết đã thử khởi động lại không được,PIN
3332,khách hàng phản ánh cắm sạc máy nóng bất thường đã thử khởi động lại không được,SAC
3333,may bi cảm ứng loạn không bấm được đã thử khởi động lại không được,MAN_HINH
3334,khách hàng phản ánh màn hình chớp tắt liên tục xảy ra sau khi rơi,MAN_HINH
3335,máy rơi vào nước không lên nguồn máy còn bảo hành,NUOC_VAO
3336,cam ung cho duoc cho khong may con bao hanh,MAN_HINH
3337,may bi điểm chết trên màn hình đã thử khởi động lại không được,MAN_HINH
3338,may bi báo pin sai phần trăm nhảy loạn mới bị 2 ngày nay,PIN
3339,tình trạng: cổng sạc bị gãy chân,SAC
3340,kh nói cắm sạc máy nóng bất thường khách chưa từng sửa ở đâu,SAC
3341,khách hàng phản ánh loa ngoài rè không nghe rõ xảy ra sau khi rơi,KHAC
3342,KH NÓI QUÊN MẬT KHẨU KHÔNG MỞ ĐƯỢC MÁY BỊ TỪ TUẦN TRƯỚC,PHAN_MEM
3343,may bi máy treo logo không vào được hệ điều hành bị từ tuần trước,PHAN_MEM
3344,khách báo màn hình bị sọc dọc bị từ tuần trước,MAN_HINH
3345,khách hàng phản ánh máy phồng pin cấn màn hình đã thử khởi động lại không được,PIN
3346,khách báo cảm ứng loạn không bấm được xảy ra sau khi rơi,MAN_HINH
3347,máy tự tắt khi còn 30% pin khách chưa từng sửa ở đâu,PIN
3348,khách báo cắm sạc máy nóng bất thường máy còn bảo hành,SAC
3349,khach bao wifi khong ket noi duoc sau cap nhat moi bi 2 ngay nay,PHAN_MEM
3350,kh nói báo pin sai phần trăm nhảy loạn xảy ra sau khi rơi,PIN
3351,tình trạng: điểm chết trên màn hình,MAN_HINH
3352,man hinh den khong len,MAN_HINH
3353,khach bao man hinh bi soc doc khach chua tung sua o dau,MAN_HINH
3354,khach hang phan anh man hinh nut sau khi roi khach chua tung sua o dau,MAN_HINH
3355,máy bị đổ nước ngọt vào không sạc được,NUOC_VAO
3356,cắm sạc máy nóng bất thường xảy ra sau khi rơi,SAC
3357,khách báo màn hình chớp tắt liên tục máy còn bảo hành,MAN_HINH
3358,tinh trang: sac rat cham mat ca dem,SAC
3359,sạc đầy nhưng dùng 30 phút là sập nguồn khách chưa từng sửa ở đâu,PIN
3360,TÌNH TRẠNG: CỔNG SẠC BỊ GÃY CHÂN ĐÃ THỬ KHỞI ĐỘNG LẠI KHÔNG ĐƯỢC,SAC
3361,khách báo cắm sạc máy nóng bất thường khách chưa từng sửa ở đâu,SAC
3362,kh nói máy chạy chậm giật lag sau khi cập nhật xảy ra sau khi rơi,PHAN_MEM
3363,khách hàng phản ánh pin sụt 20% chỉ sau vài phút mới bị 2 ngày nay,PIN
3364,tinh trang: pin tut rat nhanh dung 2 tieng da het bi tu tuan truoc,PIN
3365,khách báo máy tự khởi động lại nhiều lần trong ngày đã thử khởi động lại không được,PHAN_MEM
3366,may bi man hinh xuat hien vet muc loang,MAN_HINH
3367,tình trạng: máy tự khởi động lại nhiều lần trong ngày khách chưa từng sửa ở đâu,PHAN_MEM
3368,khách hàng phản ánh cổng sạc bị gãy chân,SAC
3369,tình trạng: màn hình nứt sau khi rơi khách chưa từng sửa ở đâu,MAN_HINH
3370,tình trạng: quên mật khẩu không mở được máy,PHAN_MEM
3371,kh nói máy không giữ được pin qua đêm xảy ra sau khi rơi,PIN
3372,khách báo máy không giữ được pin qua đêm khách chưa từng sửa ở đâu,PIN
3373,khach hang phan anh sac vao nhung khong nhan cap moi bi 2 ngay nay,SAC
3374,chân sạc lỏng phải giữ mới sạc được khách chưa từng sửa ở đâu,SAC
3375,khách báo camera mở lên bị đen màn đã thử khởi động lại không được,PHAN_MEM
3376,khách báo máy rơi vào nước không lên nguồn máy còn bảo hành,NUOC_VAO
3377,tình trạng: pin tụt rất nhanh dùng 2 tiếng đã hết xảy ra sau khi rơi,PIN
3378,man hinh chop tat lien tuc bi tu tuan truoc,MAN_HINH
3379,khách báo điện thoại dính nước mưa loa bị rè bị từ tuần trước,NUOC_VAO
3380,kh nói máy tự khởi động lại nhiều lần trong ngày mới bị 2 ngày nay,PHAN_MEM
3381,TINH TRANG: MAN HINH DEN KHONG LEN BI TU TUAN TRUOC,MAN_HINH
3382,khách hàng phản ánh máy có tiếng kêu lạ bên trong xảy ra sau khi rơi,KHAC
3383,khách hàng phản ánh màn hình bị ám vàng một góc xảy ra sau khi rơi,MAN_HINH
3384,màn hình bị sọc dọc khách chưa từng sửa ở đâu,MAN_HINH
3385,khách hàng phản ánh màn hình nứt sau khi rơi,MAN_HINH
3386,TÌNH TRẠNG: MÀN HÌNH CHỚP TẮT LIÊN TỤC MÁY CÒN BẢO HÀNH,MAN_HINH
3387,khách hàng phản ánh chân sạc lỏng phải giữ mới sạc được,SAC
3388,khách hàng phản ánh quên mật khẩu không mở được máy mới bị 2 ngày nay,PHAN_MEM
3389,may bi điểm chết trên màn hình bị từ tuần trước,MAN_HINH
3390,may bi pin tụt rất nhanh dùng 2 tiếng đã hết máy còn bảo hành,PIN
3391,tình trạng: màn hình bị ám vàng một góc máy còn bảo hành,MAN_HINH
3392,may bi máy chạy chậm giật lag sau khi cập nhật đã thử khởi động lại không được,PHAN_MEM
3393,kh nói pin nóng bất thường khi dùng khách chưa từng sửa ở đâu,PIN
3394,khach bao man hinh xuat hien vet muc loang,MAN_HINH
3395,may bi màn hình đen không lên máy còn bảo hành,MAN_HINH
3396,kh nói màn hình bị hở sáng viền dưới mới bị 2 ngày nay,MAN_HINH
3397,khach bao man hinh bi am vang mot goc khach chua tung sua o dau,MAN_HINH
3398,màn hình bị sọc dọc xảy ra sau khi rơi,MAN_HINH
3399,khách báo cảm ứng loạn không bấm được khách chưa từng sửa ở đâu,MAN_HINH
3400,khách hàng phản ánh màn hình bị ám vàng một góc máy còn bảo hành,MAN_HINH
3401,may bi màn hình bị sọc dọc mới bị 2 ngày nay,MAN_HINH
3402,KHACH BAO DINH NUOC BIEN MAY NONG VA TAT,NUOC_VAO
3403,kh nói pin nóng bất thường khi dùng,PIN
3404,kh nói quên mật khẩu không mở được máy máy còn bảo hành,PHAN_MEM
3405,kh nói cổng sạc bám bụi không tiếp xúc bị từ tuần trước,SAC
3406,tình trạng: máy treo logo không vào được hệ điều hành bị từ tuần trước,PHAN_MEM
3407,khách hàng phản ánh màn hình chớp tắt liên tục khách chưa từng sửa ở đâu,MAN_HINH
3408,không nhận sim bị từ tuần trước,KHAC
3409,kh nói cổng sạc bị gãy chân đã thử khởi động lại không được,SAC
3410,khách hàng phản ánh rơi bồn rửa máy chập chờn,NUOC_VAO
3411,MÀN HÌNH BỊ ÁM VÀNG MỘT GÓC MÁY CÒN BẢO HÀNH,MAN_HINH
3412,cắm sạc máy nóng bất thường bị từ tuần trước,SAC
3413,camera mở lên bị đen màn,PHAN_MEM
3414,khách báo điểm chết trên màn hình máy còn bảo hành,MAN_HINH
3415,may bi loa ngoài rè không nghe rõ khách chưa từng sửa ở đâu,KHAC
3416,khach bao man hinh den khong len bi tu tuan truoc,MAN_HINH
3417,khách báo sạc rất chậm mất cả đêm khách chưa từng sửa ở đâu,SAC
3418,khách hàng phản ánh màn hình bị sọc dọc bị từ tuần trước,MAN_HINH
3419,may bi may roi vao nuoc khong len nguon may con bao hanh,NUOC_VAO
3420,may bi cong sac bi gay chan khach chua tung sua o dau,SAC
3421,khách hàng phản ánh máy không giữ được pin qua đêm khách chưa từng sửa ở đâu,PIN
3422,CẮM SẠC KHÔNG VÀO ĐIỆN BỊ TỪ TUẦN TRƯỚC,SAC
3423,khách báo máy chạy chậm giật lag sau khi cập nhật,PHAN_MEM
3424,kh noi pin sut 20% chi sau vai phut xay ra sau khi roi,PIN
3425,khách hàng phản ánh pin tụt rất nhanh dùng 2 tiếng đã hết mới bị 2 ngày nay,PIN
3426,khách hàng phản ánh máy phồng pin cấn màn hình bị từ tuần trước,PIN
3427,tinh trang: sac day nhung dung 30 phut la sap nguon bi tu tuan truoc,PIN
3428,may bi máy tự khởi động lại nhiều lần trong ngày khách chưa từng sửa ở đâu,PHAN_MEM
3429,khách hàng phản ánh màn hình bị hở sáng viền dưới mới bị 2 ngày nay,MAN_HINH
3430,tình trạng: pin sụt 20% chỉ sau vài phút xảy ra sau khi rơi,PIN
3431,kh nói máy chạy chậm giật lag sau khi cập nhật,PHAN_MEM
3432,khách hàng phản ánh màn hình bị ám vàng một góc mới bị 2 ngày nay,MAN_HINH
3433,tình trạng: màn hình xuất hiện vệt mực loang xảy ra sau khi rơi,MAN_HINH
3434,kh nói pin tụt rất nhanh dùng 2 tiếng đã hết bị từ tuần trước,PIN
3435,cổng sạc bị gãy chân,SAC
3436,MAY BI MÀN HÌNH BỊ ÁM VÀNG MỘT GÓC MỚI BỊ 2 NGÀY NAY,MAN_HINH
3437,tình trạng: màn hình đen không lên máy còn bảo hành,MAN_HINH
3438,tình trạng: màn hình nứt sau khi rơi xảy ra sau khi rơi,MAN_HINH
3439,may bi quen mat khau khong mo duoc may xay ra sau khi roi,PHAN_MEM
3440,khách hàng phản ánh pin tụt rất nhanh dùng 2 tiếng đã hết bị từ tuần trước,PIN
3441,khách báo cổng sạc bám bụi không tiếp xúc xảy ra sau khi rơi,SAC
3442,may bi máy tự tắt khi còn 30% pin,PIN
3443,may bi camera mở lên bị đen màn mới bị 2 ngày nay,PHAN_MEM
3444,pin nóng bất thường khi dùng xảy ra sau khi rơi,PIN
3445,màn hình nứt sau khi rơi mới bị 2 ngày nay,MAN_HINH
3446,máy có tiếng kêu lạ bên trong,KHAC
3447,khách hàng phản ánh máy rơi vào nước không lên nguồn bị từ tuần trước,NUOC_VAO
3448,KHÁCH BÁO ĐIỂM CHẾT TRÊN MÀN HÌNH MỚI BỊ 2 NGÀY NAY,MAN_HINH
3449,khách báo báo pin sai phần trăm nhảy loạn bị từ tuần trước,PIN
3450,tình trạng: màn hình xuất hiện vệt mực loang khách chưa từng sửa ở đâu,MAN_HINH
3451,kh nói cắm sạc máy nóng bất thường khách chưa từng sửa ở đâu,SAC
3452,khách báo cảm ứng chỗ được chỗ không đã thử khởi động lại không được,MAN_HINH
3453,kh nói điện thoại dính nước mưa loa bị rè bị từ tuần trước,NUOC_VAO
3454,man hinh bi soc doc khach chua tung sua o dau,MAN_HINH
3455,PIN CHAI CHỈ CÒN DÙNG ĐƯỢC NỬA NGÀY MỚI BỊ 2 NGÀY NAY,PIN
3456,MAY BI CAMERA SAU BỊ MỜ NHƯ CÓ SƯƠNG,KHAC
3457,tình trạng: màn hình bị ám vàng một góc mới bị 2 ngày nay,MAN_HINH
3458,khach hang phan anh nut nguon bi ket,KHAC
3459,wifi không kết nối được sau cập nhật xảy ra sau khi rơi,PHAN_MEM
3460,tình trạng: cổng sạc bám bụi không tiếp xúc khách chưa từng sửa ở đâu,SAC
3461,tình trạng: dính nước biển máy nóng và tắt đã thử khởi động lại không được,NUOC_VAO
3462,may bi cổng sạc bị gãy chân bị từ tuần trước,SAC
3463,khach bao nut nguon bi ket da thu khoi dong lai khong duoc,KHAC
3464,báo pin sai phần trăm nhảy loạn xảy ra sau khi rơi,PIN
3465,khách báo sạc đầy nhưng dùng 30 phút là sập nguồn khách chưa từng sửa ở đâu,PIN
3466,tình trạng: điện thoại dính nước mưa loa bị rè máy còn bảo hành,NUOC_VAO
3467,cổng sạc bị gãy chân mới bị 2 ngày nay,SAC
3468,tình trạng: không cài được ứng dụng báo lỗi bị từ tuần trước,PHAN_MEM
3469,MAY BI MÀN HÌNH XUẤT HIỆN VỆT MỰC LOANG BỊ TỪ TUẦN TRƯỚC,MAN_HINH
3470,báo pin sai phần trăm nhảy loạn mới bị 2 ngày nay,PIN
3471,tình trạng: cảm ứng chỗ được chỗ không máy còn bảo hành,MAN_HINH
3472,khach bao may roi vao nuoc khong len nguon may con bao hanh,NUOC_VAO
3473,khách hàng phản ánh cắm sạc không vào điện xảy ra sau khi rơi,SAC
3474,khách báo màn hình xuất hiện vệt mực loang đã thử khởi động lại không được,MAN_HINH
3475,tình trạng: không cài được ứng dụng báo lỗi đã thử khởi động lại không được,PHAN_MEM
3476,màn hình nứt sau khi rơi bị từ tuần trước,MAN_HINH
3477,may co tieng keu la ben trong,KHAC
3478,pin tụt rất nhanh dùng 2 tiếng đã hết đã thử khởi động lại không được,PIN
3479,khách báo cảm ứng loạn không bấm được đã thử khởi động lại không được,MAN_HINH
3480,khach hang phan anh cam sac khong vao dien,SAC
3481,khách báo màn hình đen không lên xảy ra sau khi rơi,MAN_HINH
3482,may bi máy bị đổ nước ngọt vào không sạc được bị từ tuần trước,NUOC_VAO
3483,khách báo cổng sạc bị gãy chân bị từ tuần trước,SAC
3484,kh nói không cài được ứng dụng báo lỗi khách chưa từng sửa ở đâu,PHAN_MEM
3485,bao pin sai phan tram nhay loan bi tu tuan truoc,PIN
3486,khách hàng phản ánh ứng dụng tự thoát liên tục máy còn bảo hành,PHAN_MEM
3487,may bi may vao nuoc man hinh loang o may con bao hanh,NUOC_VAO
3488,tình trạng: màn hình xuất hiện vệt mực loang mới bị 2 ngày nay,MAN_HINH
3489,tình trạng: cảm ứng chỗ được chỗ không,MAN_HINH
3490,KHÁCH HÀNG PHẢN ÁNH CẢM ỨNG CHỖ ĐƯỢC CHỖ KHÔNG ĐÃ THỬ KHỞI ĐỘNG LẠI KHÔNG ĐƯỢC,MAN_HINH
3491,kh nói sạc đầy nhưng dùng 30 phút là sập nguồn khách chưa từng sửa ở đâu,PIN
3492,MAY BI MÁY TREO LOGO KHÔNG VÀO ĐƯỢC HỆ ĐIỀU HÀNH,PHAN_MEM
3493,kh nói sạc rất chậm mất cả đêm khách chưa từng sửa ở đâu,SAC
3494,kh nói không cài được ứng dụng báo lỗi khách chưa từng sửa ở đâu,PHAN_MEM
3495,tình trạng: điểm chết trên màn hình mới bị 2 ngày nay,MAN_HINH
3496,tình trạng: màn hình bị sọc dọc đã thử khởi động lại không được,MAN_HINH
3497,may bi báo pin sai phần trăm nhảy loạn,PIN
3498,khach hang phan anh cam ung loan khong bam duoc da thu khoi dong lai khong duoc,MAN_HINH
3499,may bi màn hình bị ám vàng một góc bị từ tuần trước,MAN_HINH
3500,kh nói máy tự tắt khi còn 30% pin khách chưa từng sửa ở đâu,PIN
3501,may bi cam ung loan khong bam duoc,MAN_HINH
3502,tình trạng: sạc đầy nhưng dùng 30 phút là sập nguồn đã thử khởi động lại không được,PIN
3503,sạc vào nhưng không nhận cáp mới bị 2 ngày nay,SAC
3504,không nhận sim đã thử khởi động lại không được,KHAC
3505,khách hàng phản ánh cổng sạc bám bụi không tiếp xúc khách chưa từng sửa ở đâu,SAC
3506,may vao nuoc man hinh loang o xay ra sau khi roi,NUOC_VAO
3507,khách hàng phản ánh máy tự tắt khi còn 30% pin mới bị 2 ngày nay,PIN
3508,khách báo cảm ứng chỗ được chỗ không mới bị 2 ngày nay,MAN_HINH
3509,sạc vào nhưng không nhận cáp xảy ra sau khi rơi,SAC
3510,TINH TRANG: BAO PIN SAI PHAN TRAM NHAY LOAN KHACH CHUA TUNG SUA O DAU,PIN
3511,may bi sạc vào nhưng không nhận cáp,SAC
3512,TÌNH TRẠNG: MÀN HÌNH XUẤT HIỆN VỆT MỰC LOANG ĐÃ THỬ KHỞI ĐỘNG LẠI KHÔNG ĐƯỢC,MAN_HINH
3513,tình trạng: màn hình xuất hiện vệt mực loang bị từ tuần trước,MAN_HINH
3514,kh noi man hinh nut sau khi roi khach chua tung sua o dau,MAN_HINH
3515,không cài được ứng dụng báo lỗi khách chưa từng sửa ở đâu,PHAN_MEM
3516,báo pin sai phần trăm nhảy loạn bị từ tuần trước,PIN
3517,khách báo màn hình bị hở sáng viền dưới bị từ tuần trước,MAN_HINH
3518,kh nói cắm sạc không vào điện,SAC
3519,khách báo pin chai chỉ còn dùng được nửa ngày đã thử khởi động lại không được,PIN
3520,tình trạng: sạc rất chậm mất cả đêm xảy ra sau khi rơi,SAC
3521,TÌNH TRẠNG: MÁY KHÔNG GIỮ ĐƯỢC PIN QUA ĐÊM,PIN
3522,pin tụt rất nhanh dùng 2 tiếng đã hết khách chưa từng sửa ở đâu,PIN
3523,may bi nút nguồn bị kẹt máy còn bảo hành,KHAC
3524,may bi màn hình chớp tắt liên tục bị từ tuần trước,MAN_HINH
3525,cắm sạc báo lỗi phụ kiện máy còn bảo hành,SAC
3526,tình trạng: sạc đầy nhưng dùng 30 phút là sập nguồn máy còn bảo hành,PIN
3527,may bi sạc rất chậm mất cả đêm khách chưa từng sửa ở đâu,SAC
3528,khach hang phan anh man hinh chop tat lien tuc moi bi 2 ngay nay,MAN_HINH
3529,khách báo không nhận sim máy còn bảo hành,KHAC
3530,khách báo báo pin sai phần trăm nhảy loạn,PIN
3531,may bi báo pin sai phần trăm nhảy loạn đã thử khởi động lại không được,PIN
3532,màn hình bị sọc dọc xảy ra sau khi rơi,MAN_HINH
3533,may bi wifi không kết nối được sau cập nhật mới bị 2 ngày nay,PHAN_MEM
3534,may bi man hinh nut sau khi roi moi bi 2 ngay nay,MAN_HINH
3535,máy phồng pin cấn màn hình mới bị 2 ngày nay,PIN
3536,khách hàng phản ánh không cài được ứng dụng báo lỗi,PHAN_MEM
3537,tình trạng: sạc vào nhưng không nhận cáp,SAC
3538,khach bao cam sac may nong bat thuong moi bi 2 ngay nay,SAC
3539,may bi wifi khong ket noi duoc sau cap nhat,PHAN_MEM
3540,may bi màn hình bị sọc dọc,MAN_HINH
3541,khách hàng phản ánh chân sạc lỏng phải giữ mới sạc được,SAC
3542,may bi ứng dụng tự thoát liên tục khách chưa từng sửa ở đâu,PHAN_MEM
3543,kh nói không cài được ứng dụng báo lỗi,PHAN_MEM
3544,khách báo sạc vào nhưng không nhận cáp mới bị 2 ngày nay,SAC
3545,TÌNH TRẠNG: MÁY TỰ TẮT KHI CÒN 30% PIN MỚI BỊ 2 NGÀY NAY,PIN
3546,khách báo sạc đầy nhưng dùng 30 phút là sập nguồn mới bị 2 ngày nay,PIN
3547,cảm ứng loạn không bấm được,MAN_HINH
3548,pin tut rat nhanh dung 2 tieng da het moi bi 2 ngay nay,PIN
3549,MAY BI MAN HINH BI HO SANG VIEN DUOI,MAN_HINH
3550,khách báo cổng sạc bị gãy chân máy còn bảo hành,SAC
3551,tình trạng: quên mật khẩu không mở được máy khách chưa từng sửa ở đâu,PHAN_MEM
3552,pin nóng bất thường khi dùng,PIN
3553,tình trạng: quên mật khẩu không mở được máy mới bị 2 ngày nay,PHAN_MEM
3554,kh noi man hinh xuat hien vet muc loang da thu khoi dong lai khong duoc,MAN_HINH
3555,khách hàng phản ánh pin nóng bất thường khi dùng máy còn bảo hành,PIN
3556,tình trạng: cổng sạc bị gãy chân đã thử khởi động lại không được,SAC
3557,may bi cắm sạc báo lỗi phụ kiện xảy ra sau khi rơi,SAC
3558,QUEN MAT KHAU KHONG MO DUOC MAY MOI BI 2 NGAY NAY,PHAN_MEM
3559,may bi máy treo logo không vào được hệ điều hành bị từ tuần trước,PHAN_MEM
3560,máy chạy chậm giật lag sau khi cập nhật máy còn bảo hành,PHAN_MEM
3561,kh nói pin tụt rất nhanh dùng 2 tiếng đã hết đã thử khởi động lại không được,PIN
3562,tình trạng: màn hình bị ám vàng một góc khách chưa từng sửa ở đâu,MAN_HINH
3563,TÌNH TRẠNG: MÀN HÌNH BỊ ÁM VÀNG MỘT GÓC MÁY CÒN BẢO HÀNH,MAN_HINH
3564,khách báo máy không giữ được pin qua đêm,PIN
3565,tình trạng: máy rơi vào nước không lên nguồn xảy ra sau khi rơi,NUOC_VAO
3566,cổng sạc bám bụi không tiếp xúc,SAC
3567,tình trạng: pin nóng bất thường khi dùng khách chưa từng sửa ở đâu,PIN
3568,kh nói màn hình đen không lên khách chưa từng sửa ở đâu,MAN_HINH
3569,khách báo màn hình xuất hiện vệt mực loang bị từ tuần trước,MAN_HINH
3570,may bi máy rơi vào nước không lên nguồn xảy ra sau khi rơi,NUOC_VAO
3571,tình trạng: sạc rất chậm mất cả đêm máy còn bảo hành,SAC
3572,khách báo máy phồng pin cấn màn hình bị từ tuần trước,PIN
3573,khách báo không cài được ứng dụng báo lỗi,PHAN_MEM
3574,cam sac may nong bat thuong da thu khoi dong lai khong duoc,SAC
3575,kh nói cắm sạc máy nóng bất thường xảy ra sau khi rơi,SAC
3576,may bi man hinh nut sau khi roi may con bao hanh,MAN_HINH
3577,may bi pin tụt rất nhanh dùng 2 tiếng đã hết xảy ra sau khi rơi,PIN
3578,tình trạng: máy rơi vào nước không lên nguồn xảy ra sau khi rơi,NUOC_VAO
3579,tình trạng: điểm chết trên màn hình đã thử khởi động lại không được,MAN_HINH
3580,MAY BI MÀN HÌNH ĐEN KHÔNG LÊN MÁY CÒN BẢO HÀNH,MAN_HINH
3581,may bi màn hình nứt sau khi rơi khách chưa từng sửa ở đâu,MAN_HINH
3582,khách hàng phản ánh máy tự tắt khi còn 30% pin khách chưa từng sửa ở đâu,PIN
3583,tình trạng: ứng dụng tự thoát liên tục,PHAN_MEM
3584,roi bon rua may chap chon da thu khoi dong lai khong duoc,NUOC_VAO
3585,tình trạng: máy không giữ được pin qua đêm đã thử khởi động lại không được,PIN
3586,ứng dụng tự thoát liên tục xảy ra sau khi rơi,PHAN_MEM
3587,may bi cổng sạc bám bụi không tiếp xúc khách chưa từng sửa ở đâu,SAC
3588,may bi không cài được ứng dụng báo lỗi bị từ tuần trước,PHAN_MEM
3589,tình trạng: cảm ứng chỗ được chỗ không,MAN_HINH
3590,may bi sạc đầy nhưng dùng 30 phút là sập nguồn,PIN
3591,khách hàng phản ánh màn hình bị sọc dọc,MAN_HINH
3592,khach bao man hinh nut sau khi roi bi tu tuan truoc,MAN_HINH
3593,khách hàng phản ánh máy không giữ được pin qua đêm xảy ra sau khi rơi,PIN
3594,may bi máy vào nước màn hình loang ố khách chưa từng sửa ở đâu,NUOC_VAO
3595,kh nói máy tự tắt khi còn 30% pin,PIN
3596,kh nói màn hình bị ám vàng một góc máy còn bảo hành,MAN_HINH
3597,kh nói camera sau bị mờ như có sương bị từ tuần trước,KHAC
3598,may bi man hinh bi ho sang vien duoi may con bao hanh,MAN_HINH
3599,may bi pin nóng bất thường khi dùng xảy ra sau khi rơi,PIN
3600,màn hình nứt sau khi rơi xảy ra sau khi rơi,MAN_HINH
3601,khach hang phan anh man hinh nut sau khi roi,MAN_HINH
3602,may bi mic gọi điện đối phương không nghe được,KHAC
3603,khách hàng phản ánh pin tụt rất nhanh dùng 2 tiếng đã hết bị từ tuần trước,PIN
3604,kh noi pin nong bat thuong khi dung bi tu tuan truoc,PIN
3605,TÌNH TRẠNG: BÁO PIN SAI PHẦN TRĂM NHẢY LOẠN MỚI BỊ 2 NGÀY NAY,PIN
3606,cảm ứng loạn không bấm được xảy ra sau khi rơi,MAN_HINH
3607,kh noi cam sac may nong bat thuong bi tu tuan truoc,SAC
3608,tình trạng: màn hình nứt sau khi rơi xảy ra sau khi rơi,MAN_HINH
3609,may bi man hinh nut sau khi roi bi tu tuan truoc,MAN_HINH
3610,khach hang phan anh man hinh chop tat lien tuc xay ra sau khi roi,MAN_HINH
3611,tình trạng: báo pin sai phần trăm nhảy loạn bị từ tuần trước,PIN
3612,màn hình xuất hiện vệt mực loang,MAN_HINH
3613,khach bao sac day nhung dung 30 phut la sap nguon may con bao hanh,PIN
3614,khách báo sạc rất chậm mất cả đêm,SAC
3615,kh nói chân sạc lỏng phải giữ mới sạc được khách chưa từng sửa ở đâu,SAC
3616,mic gọi điện đối phương không nghe được khách chưa từng sửa ở đâu,KHAC
3617,khách hàng phản ánh camera mở lên bị đen màn khách chưa từng sửa ở đâu,PHAN_MEM
3618,may bi pin nóng bất thường khi dùng máy còn bảo hành,PIN
3619,máy phồng pin cấn màn hình khách chưa từng sửa ở đâu,PIN
3620,tình trạng: cổng sạc bị gãy chân khách chưa từng sửa ở đâu,SAC
3621,khach bao nut nguon bi ket may con bao hanh,KHAC
3622,khach hang phan anh cam ung cho duoc cho khong da thu khoi dong lai khong duoc,MAN_HINH
3623,tình trạng: màn hình bị ám vàng một góc khách chưa từng sửa ở đâu,MAN_HINH
3624,khách báo máy treo logo không vào được hệ điều hành bị từ tuần trước,PHAN_MEM
3625,khách báo màn hình chớp tắt liên tục,MAN_HINH
3626,khách báo màn hình bị ám vàng một góc xảy ra sau khi rơi,MAN_HINH
3627,kh nói điểm chết trên màn hình xảy ra sau khi rơi,MAN_HINH
3628,KH NÓI MÀN HÌNH NỨT SAU KHI RƠI MÁY CÒN BẢO HÀNH,MAN_HINH
3629,khách báo wifi không kết nối được sau cập nhật bị từ tuần trước,PHAN_MEM
3630,may bi cam ung loan khong bam duoc moi bi 2 ngay nay,MAN_HINH
3631,tình trạng: màn hình xuất hiện vệt mực loang khách chưa từng sửa ở đâu,MAN_HINH
3632,kh nói loa ngoài rè không nghe rõ bị từ tuần trước,KHAC
3633,kh nói pin chai chỉ còn dùng được nửa ngày mới bị 2 ngày nay,PIN
3634,may bi màn hình nứt sau khi rơi khách chưa từng sửa ở đâu,MAN_HINH
3635,may bi quên mật khẩu không mở được máy,PHAN_MEM
3636,kh nói báo pin sai phần trăm nhảy loạn đã thử khởi động lại không được,PIN
3637,khách hàng phản ánh mic gọi điện đối phương không nghe được đã thử khởi động lại không được,KHAC
3638,khách hàng phản ánh màn hình xuất hiện vệt mực loang đã thử khởi động lại không được,MAN_HINH
3639,màn hình đen không lên bị từ tuần trước,MAN_HINH
3640,kh noi cong sac bi gay chan moi bi 2 ngay nay,SAC
3641,kh nói máy vào nước màn hình loang ố bị từ tuần trước,NUOC_VAO
3642,khách báo cảm ứng chỗ được chỗ không xảy ra sau khi rơi,MAN_HINH
3643,khách báo cắm sạc máy nóng bất thường xảy ra sau khi rơi,SAC
3644,khách hàng phản ánh wifi không kết nối được sau cập nhật,PHAN_MEM
3645,khách báo pin sụt 20% chỉ sau vài phút bị từ tuần trước,PIN
3646,máy bị đổ nước ngọt vào không sạc được xảy ra sau khi rơi,NUOC_VAO
3647,pin nóng bất thường khi dùng bị từ tuần trước,PIN
3648,khách báo mic gọi điện đối phương không nghe được,KHAC
3649,TÌNH TRẠNG: MÁY TỰ KHỞI ĐỘNG LẠI NHIỀU LẦN TRONG NGÀY,PHAN_MEM
3650,kh nói camera mở lên bị đen màn bị từ tuần trước,PHAN_MEM
3651,sac vao nhung khong nhan cap da thu khoi dong lai khong duoc,SAC
3652,kh noi pin tut rat nhanh dung 2 tieng da het xay ra sau khi roi,PIN
3653,máy rơi vào nước không lên nguồn,NUOC_VAO
3654,khách hàng phản ánh màn hình bị sọc dọc xảy ra sau khi rơi,MAN_HINH
3655,kh nói cảm ứng chỗ được chỗ không,MAN_HINH
3656,khách báo không nhận sim đã thử khởi động lại không được,KHAC
3657,máy bị đổ nước ngọt vào không sạc được mới bị 2 ngày nay,NUOC_VAO
3658,tình trạng: không nhận sim khách chưa từng sửa ở đâu,KHAC
3659,may bi sac day nhung dung 30 phut la sap nguon moi bi 2 ngay nay,PIN
3660,màn hình nứt sau khi rơi,MAN_HINH
3661,khach hang phan anh may co tieng keu la ben trong da thu khoi dong lai khong duoc,KHAC
3662,khach bao cam ung loan khong bam duoc bi tu tuan truoc,MAN_HINH
3663,may bi cắm sạc không vào điện máy còn bảo hành,SAC
3664,máy tự khởi động lại nhiều lần trong ngày mới bị 2 ngày nay,PHAN_MEM
3665,khách báo máy vào nước màn hình loang ố xảy ra sau khi rơi,NUOC_VAO
3666,tình trạng: cắm sạc báo lỗi phụ kiện khách chưa từng sửa ở đâu,SAC
3667,pin tụt rất nhanh dùng 2 tiếng đã hết xảy ra sau khi rơi,PIN
3668,kh nói cắm sạc không vào điện mới bị 2 ngày nay,SAC
3669,may bi pin chai chỉ còn dùng được nửa ngày,PIN
3670,may bi máy chạy chậm giật lag sau khi cập nhật xảy ra sau khi rơi,PHAN_MEM
3671,man hinh den khong len da thu khoi dong lai khong duoc,MAN_HINH
3672,khach hang phan anh pin tut rat nhanh dung 2 tieng da het may con bao hanh,PIN
3673,máy vào nước màn hình loang ố mới bị 2 ngày nay,NUOC_VAO
3674,may bi cắm sạc báo lỗi phụ kiện bị từ tuần trước,SAC
3675,cổng sạc bị gãy chân khách chưa từng sửa ở đâu,SAC
3676,sac vao nhung khong nhan cap,SAC
3677,may bi báo pin sai phần trăm nhảy loạn máy còn bảo hành,PIN
3678,MAY BI ỨNG DỤNG TỰ THOÁT LIÊN TỤC ĐÃ THỬ KHỞI ĐỘNG LẠI KHÔNG ĐƯỢC,PHAN_MEM
3679,màn hình xuất hiện vệt mực loang mới bị 2 ngày nay,MAN_HINH
3680,MAY BI SẠC VÀO NHƯNG KHÔNG NHẬN CÁP BỊ TỪ TUẦN TRƯỚC,SAC
3681,may bi máy vào nước màn hình loang ố bị từ tuần trước,NUOC_VAO
3682,TÌNH TRẠNG: DÍNH NƯỚC BIỂN MÁY NÓNG VÀ TẮT ĐÃ THỬ KHỞI ĐỘNG LẠI KHÔNG ĐƯỢC,NUOC_VAO
3683,tình trạng: wifi không kết nối được sau cập nhật xảy ra sau khi rơi,PHAN_MEM
3684,tình trạng: màn hình bị ám vàng một góc máy còn bảo hành,MAN_HINH
3685,kh nói điểm chết trên màn hình,MAN_HINH
3686,khách báo cắm sạc máy nóng bất thường bị từ tuần trước,SAC
3687,may bi cảm ứng chỗ được chỗ không xảy ra sau khi rơi,MAN_HINH
3688,khách hàng phản ánh pin tụt rất nhanh dùng 2 tiếng đã hết bị từ tuần trước,PIN
3689,khách báo màn hình nứt sau khi rơi khách chưa từng sửa ở đâu,MAN_HINH
3690,tình trạng: máy tự tắt khi còn 30% pin,PIN
3691,may khong giu duoc pin qua dem,PIN
3692,khách báo máy chạy chậm giật lag sau khi cập nhật mới bị 2 ngày nay,PHAN_MEM
3693,kh nói sạc đầy nhưng dùng 30 phút là sập nguồn khách chưa từng sửa ở đâu,PIN
3694,khách báo máy tự khởi động lại nhiều lần trong ngày đã thử khởi động lại không được,PHAN_MEM
3695,tình trạng: cắm sạc không vào điện xảy ra sau khi rơi,SAC
3696,kh noi cong sac bi gay chan,SAC
3697,tinh trang: cam sac bao loi phu kien xay ra sau khi roi,SAC
3698,kh nói pin chai chỉ còn dùng được nửa ngày đã thử khởi động lại không được,PIN
3699,khách hàng phản ánh điểm chết trên màn hình máy còn bảo hành,MAN_HINH
3700,tình trạng: màn hình đen không lên mới bị 2 ngày nay,MAN_HINH
3701,khách báo báo pin sai phần trăm nhảy loạn xảy ra sau khi rơi,PIN
3702,khách báo cổng sạc bị gãy chân,SAC
3703,máy tự tắt khi còn 30% pin mới bị 2 ngày nay,PIN
3704,tình trạng: màn hình bị hở sáng viền dưới,MAN_HINH
3705,tình trạng: quên mật khẩu không mở được máy bị từ tuần trước,PHAN_MEM
3706,may bi cổng sạc bám bụi không tiếp xúc bị từ tuần trước,SAC
3707,tình trạng: cảm ứng loạn không bấm được bị từ tuần trước,MAN_HINH
3708,tình trạng: pin nóng bất thường khi dùng khách chưa từng sửa ở đâu,PIN
3709,may bi máy treo logo không vào được hệ điều hành đã thử khởi động lại không được,PHAN_MEM
3710,khách hàng phản ánh màn hình chớp tắt liên tục,MAN_HINH
3711,kh noi cong sac bam bui khong tiep xuc bi tu tuan truoc,SAC
3712,khách hàng phản ánh màn hình nứt sau khi rơi xảy ra sau khi rơi,MAN_HINH
3713,KHACH HANG PHAN ANH CAM UNG CHO DUOC CHO KHONG KHACH CHUA TUNG SUA O DAU,MAN_HINH
3714,tinh trang: may treo logo khong vao duoc he dieu hanh khach chua tung sua o dau,PHAN_MEM
3715,tình trạng: không nhận sim khách chưa từng sửa ở đâu,KHAC
3716,khách hàng phản ánh máy bị đổ nước ngọt vào không sạc được máy còn bảo hành,NUOC_VAO
3717,may bi man hinh chop tat lien tuc moi bi 2 ngay nay,MAN_HINH
3718,MAY BI SẠC RẤT CHẬM MẤT CẢ ĐÊM ĐÃ THỬ KHỞI ĐỘNG LẠI KHÔNG ĐƯỢC,SAC
3719,KHÁCH BÁO MÁY TỰ KHỞI ĐỘNG LẠI NHIỀU LẦN TRONG NGÀY MÁY CÒN BẢO HÀNH,PHAN_MEM
3720,tinh trang: may tu tat khi con 30% pin may con bao hanh,PIN
3721,khach bao pin tut rat nhanh dung 2 tieng da het may con bao hanh,PIN
3722,may bi sạc đầy nhưng dùng 30 phút là sập nguồn mới bị 2 ngày nay,PIN
3723,màn hình bị ám vàng một góc bị từ tuần trước,MAN_HINH
3724,may bi wifi không kết nối được sau cập nhật khách chưa từng sửa ở đâu,PHAN_MEM
3725,may bi diem chet tren man hinh xay ra sau khi roi,MAN_HINH
3726,may bi pin nóng bất thường khi dùng bị từ tuần trước,PIN
3727,may bi quên mật khẩu không mở được máy máy còn bảo hành,PHAN_MEM
3728,sac vao nhung khong nhan cap,SAC
3729,may bi màn hình bị hở sáng viền dưới bị từ tuần trước,MAN_HINH
3730,tình trạng: sạc đầy nhưng dùng 30 phút là sập nguồn,PIN
3731,máy tự tắt khi còn 30% pin mới bị 2 ngày nay,PIN
3732,kh nói dính nước biển máy nóng và tắt đã thử khởi động lại không được,NUOC_VAO
3733,KHÁCH HÀNG PHẢN ÁNH PIN TỤT RẤT NHANH DÙNG 2 TIẾNG ĐÃ HẾT MỚI BỊ 2 NGÀY NAY,PIN
3734,máy rơi vào nước không lên nguồn xảy ra sau khi rơi,NUOC_VAO
3735,kh nói không nhận sim bị từ tuần trước,KHAC
3736,máy phồng pin cấn màn hình khách chưa từng sửa ở đâu,PIN
3737,TINH TRANG: CHAN SAC LONG PHAI GIU MOI SAC DUOC XAY RA SAU KHI ROI,SAC
3738,khách hàng phản ánh pin tụt rất nhanh dùng 2 tiếng đã hết mới bị 2 ngày nay,PIN
3739,sạc đầy nhưng dùng 30 phút là sập nguồn xảy ra sau khi rơi,PIN
3740,tình trạng: máy vào nước màn hình loang ố máy còn bảo hành,NUOC_VAO
3741,khách báo màn hình nứt sau khi rơi mới bị 2 ngày nay,MAN_HINH
3742,ứng dụng tự thoát liên tục máy còn bảo hành,PHAN_MEM
3743,khách hàng phản ánh màn hình bị ám vàng một góc khách chưa từng sửa ở đâu,MAN_HINH
3744,khách báo màn hình xuất hiện vệt mực loang khách chưa từng sửa ở đâu,MAN_HINH
3745,khách báo màn hình đen không lên bị từ tuần trước,MAN_HINH
3746,khách báo cổng sạc bám bụi không tiếp xúc máy còn bảo hành,SAC
3747,cong sac bi gay chan bi tu tuan truoc,SAC
3748,may bi máy rơi vào nước không lên nguồn đã thử khởi động lại không được,NUOC_VAO
3749,khách hàng phản ánh nút nguồn bị kẹt khách chưa từng sửa ở đâu,KHAC
3750,khách hàng phản ánh máy tự tắt khi còn 30% pin mới bị 2 ngày nay,PIN
3751,kh nói chân sạc lỏng phải giữ mới sạc được,SAC
3752,may bi cổng sạc bị gãy chân khách chưa từng sửa ở đâu,SAC
3753,khách báo pin tụt rất nhanh dùng 2 tiếng đã hết bị từ tuần trước,PIN
3754,may bi cảm ứng chỗ được chỗ không đã thử khởi động lại không được,MAN_HINH
3755,khách báo màn hình xuất hiện vệt mực loang bị từ tuần trước,MAN_HINH
3756,khách hàng phản ánh màn hình bị hở sáng viền dưới xảy ra sau khi rơi,MAN_HINH
3757,may bi máy tự tắt khi còn 30% pin mới bị 2 ngày nay,PIN
3758,máy không giữ được pin qua đêm bị từ tuần trước,PIN
3759,kh nói màn hình bị hở sáng viền dưới bị từ tuần trước,MAN_HINH
3760,khách hàng phản ánh màn hình chớp tắt liên tục máy còn bảo hành,MAN_HINH
3761,khach bao cam ung loan khong bam duoc moi bi 2 ngay nay,MAN_HINH
3762,khách báo màn hình bị sọc dọc bị từ tuần trước,MAN_HINH
3763,kh noi khong cai duoc ung dung bao loi bi tu tuan truoc,PHAN_MEM
3764,tình trạng: cắm sạc báo lỗi phụ kiện,SAC
3765,quên mật khẩu không mở được máy,PHAN_MEM
3766,KHÁCH BÁO CAMERA MỞ LÊN BỊ ĐEN MÀN XẢY RA SAU KHI RƠI,PHAN_MEM
3767,may tu tat khi con 30% pin,PIN
3768,cong sac bam bui khong tiep xuc may con bao hanh,SAC
3769,tinh trang: may treo logo khong vao duoc he dieu hanh khach chua tung sua o dau,PHAN_MEM
3770,TÌNH TRẠNG: PIN CHAI CHỈ CÒN DÙNG ĐƯỢC NỬA NGÀY MÁY CÒN BẢO HÀNH,PIN
3771,may bi sạc đầy nhưng dùng 30 phút là sập nguồn xảy ra sau khi rơi,PIN
3772,may bi máy chạy chậm giật lag sau khi cập nhật bị từ tuần trước,PHAN_MEM
3773,may bi màn hình nứt sau khi rơi mới bị 2 ngày nay,MAN_HINH
3774,khách hàng phản ánh sạc rất chậm mất cả đêm bị từ tuần trước,SAC
3775,kh noi ung dung tu thoat lien tuc bi tu tuan truoc,PHAN_MEM
3776,màn hình bị hở sáng viền dưới máy còn bảo hành,MAN_HINH
3777,kh nói máy chạy chậm giật lag sau khi cập nhật máy còn bảo hành,PHAN_MEM
3778,cảm ứng chỗ được chỗ không xảy ra sau khi rơi,MAN_HINH
3779,cảm ứng chỗ được chỗ không mới bị 2 ngày nay,MAN_HINH
3780,kh nói màn hình bị hở sáng viền dưới mới bị 2 ngày nay,MAN_HINH
3781,kh nói pin sụt 20% chỉ sau vài phút bị từ tuần trước,PIN
3782,TÌNH TRẠNG: MÁY PHỒNG PIN CẤN MÀN HÌNH XẢY RA SAU KHI RƠI,PIN
3783,may bi màn hình bị hở sáng viền dưới bị từ tuần trước,MAN_HINH
3784,màn hình chớp tắt liên tục đã thử khởi động lại không được,MAN_HINH
3785,kh nói điểm chết trên màn hình,MAN_HINH
3786,khách báo máy không giữ được pin qua đêm khách chưa từng sửa ở đâu,PIN
3787,tình trạng: màn hình bị hở sáng viền dưới mới bị 2 ngày nay,MAN_HINH
3788,màn hình đen không lên máy còn bảo hành,MAN_HINH
3789,kh nói quên mật khẩu không mở được máy xảy ra sau khi rơi,PHAN_MEM
3790,khách báo cảm ứng loạn không bấm được máy còn bảo hành,MAN_HINH
3791,TINH TRANG: MAY TU TAT KHI CON 30% PIN MOI BI 2 NGAY NAY,PIN
3792,may bi màn hình bị ám vàng một góc bị từ tuần trước,MAN_HINH
3793,KHÁCH HÀNG PHẢN ÁNH SẠC ĐẦY NHƯNG DÙNG 30 PHÚT LÀ SẬP NGUỒN XẢY RA SAU KHI RƠI,PIN
3794,khách báo màn hình nứt sau khi rơi máy còn bảo hành,MAN_HINH
3795,tình trạng: điểm chết trên màn hình mới bị 2 ngày nay,MAN_HINH
3796,kh nói máy bị đổ nước ngọt vào không sạc được,NUOC_VAO
3797,tình trạng: màn hình xuất hiện vệt mực loang khách chưa từng sửa ở đâu,MAN_HINH
3798,may bi máy không giữ được pin qua đêm khách chưa từng sửa ở đâu,PIN
3799,khách hàng phản ánh cảm ứng loạn không bấm được đã thử khởi động lại không được,MAN_HINH
3800,may bi màn hình đen không lên máy còn bảo hành,MAN_HINH
3801,kh nói máy tự khởi động lại nhiều lần trong ngày máy còn bảo hành,PHAN_MEM
3802,kh nói quên mật khẩu không mở được máy xảy ra sau khi rơi,PHAN_MEM
3803,khách hàng phản ánh wifi không kết nối được sau cập nhật đã thử khởi động lại không được,PHAN_MEM
3804,khách hàng phản ánh cảm ứng loạn không bấm được bị từ tuần trước,MAN_HINH
3805,KHÁCH BÁO MÁY BỊ ĐỔ NƯỚC NGỌT VÀO KHÔNG SẠC ĐƯỢC KHÁCH CHƯA TỪNG SỬA Ở ĐÂU,NUOC_VAO
3806,tinh trang: man hinh bi am vang mot goc khach chua tung sua o dau,MAN_HINH
3807,khách hàng phản ánh sạc rất chậm mất cả đêm đã thử khởi động lại không được,SAC
3808,khách hàng phản ánh máy bị đổ nước ngọt vào không sạc được,NUOC_VAO
3809,MAY BI PIN CHAI CHỈ CÒN DÙNG ĐƯỢC NỬA NGÀY MÁY CÒN BẢO HÀNH,PIN
3810,khách báo rơi bồn rửa máy chập chờn bị từ tuần trước,NUOC_VAO
3811,pin chai chỉ còn dùng được nửa ngày mới bị 2 ngày nay,PIN
3812,tinh trang: ung dung tu thoat lien tuc may con bao hanh,PHAN_MEM
3813,dien thoai dinh nuoc mua loa bi re xay ra sau khi roi,NUOC_VAO
3814,khách báo cắm sạc không vào điện khách chưa từng sửa ở đâu,SAC
3815,khách báo pin nóng bất thường khi dùng đã thử khởi động lại không được,PIN
3816,pin tụt rất nhanh dùng 2 tiếng đã hết khách chưa từng sửa ở đâu,PIN
3817,khách hàng phản ánh cảm ứng chỗ được chỗ không bị từ tuần trước,MAN_HINH
3818,khách hàng phản ánh mic gọi điện đối phương không nghe được,KHAC
3819,khach bao pin tut rat nhanh dung 2 tieng da het khach chua tung sua o dau,PIN
3820,khách báo không nhận sim bị từ tuần trước,KHAC
3821,tình trạng: pin tụt rất nhanh dùng 2 tiếng đã hết máy còn bảo hành,PIN
3822,may bi cắm sạc không vào điện bị từ tuần trước,SAC
3823,KHÁCH HÀNG PHẢN ÁNH CẮM SẠC KHÔNG VÀO ĐIỆN,SAC
3824,kh nói pin nóng bất thường khi dùng khách chưa từng sửa ở đâu,PIN
3825,tình trạng: pin sụt 20% chỉ sau vài phút đã thử khởi động lại không được,PIN
3826,khách hàng phản ánh sạc rất chậm mất cả đêm bị từ tuần trước,SAC
3827,may bi cảm ứng chỗ được chỗ không đã thử khởi động lại không được,MAN_HINH
3828,kh nói pin sụt 20% chỉ sau vài phút bị từ tuần trước,PIN
3829,TÌNH TRẠNG: MÀN HÌNH XUẤT HIỆN VỆT MỰC LOANG MÁY CÒN BẢO HÀNH,MAN_HINH
3830,KHÁCH HÀNG PHẢN ÁNH MÁY TỰ KHỞI ĐỘNG LẠI NHIỀU LẦN TRONG NGÀY,PHAN_MEM
3831,khach hang phan anh man hinh bi soc doc,MAN_HINH
3832,tình trạng: pin sụt 20% chỉ sau vài phút máy còn bảo hành,PIN
3833,khách báo máy có tiếng kêu lạ bên trong,KHAC
3834,sạc vào nhưng không nhận cáp đã thử khởi động lại không được,SAC
3835,khách hàng phản ánh màn hình đen không lên máy còn bảo hành,MAN_HINH
3836,KHÁCH BÁO MÀN HÌNH NỨT SAU KHI RƠI,MAN_HINH
3837,khách hàng phản ánh màn hình bị ám vàng một góc bị từ tuần trước,MAN_HINH
3838,kh nói màn hình bị ám vàng một góc bị từ tuần trước,MAN_HINH
3839,kh nói màn hình bị sọc dọc khách chưa từng sửa ở đâu,MAN_HINH
3840,may bi máy bị đổ nước ngọt vào không sạc được xảy ra sau khi rơi,NUOC_VAO
3841,khách hàng phản ánh màn hình chớp tắt liên tục xảy ra sau khi rơi,MAN_HINH
3842,sạc đầy nhưng dùng 30 phút là sập nguồn,PIN
3843,khách báo máy phồng pin cấn màn hình xảy ra sau khi rơi,PIN
3844,KH NÓI SẠC ĐẦY NHƯNG DÙNG 30 PHÚT LÀ SẬP NGUỒN BỊ TỪ TUẦN TRƯỚC,PIN
3845,may bi pin chai chỉ còn dùng được nửa ngày mới bị 2 ngày nay,PIN
3846,máy treo logo không vào được hệ điều hành đã thử khởi động lại không được,PHAN_MEM
3847,khách hàng phản ánh loa ngoài rè không nghe rõ xảy ra sau khi rơi,KHAC
3848,khách hàng phản ánh máy tự tắt khi còn 30% pin khách chưa từng sửa ở đâu,PIN
3849,may bi cổng sạc bám bụi không tiếp xúc xảy ra sau khi rơi,SAC
3850,khách báo máy phồng pin cấn màn hình,PIN
3851,tình trạng: camera mở lên bị đen màn,PHAN_MEM
3852,pin tut rat nhanh dung 2 tieng da het,PIN
3853,tinh trang: pin nong bat thuong khi dung xay ra sau khi roi,PIN
3854,kh nói điểm chết trên màn hình mới bị 2 ngày nay,MAN_HINH
3855,pin sụt 20% chỉ sau vài phút,PIN
3856,may bi dinh nuoc bien may nong va tat khach chua tung sua o dau,NUOC_VAO
3857,may bi cảm ứng loạn không bấm được,MAN_HINH
3858,khách hàng phản ánh màn hình đen không lên khách chưa từng sửa ở đâu,MAN_HINH
3859,khách báo sạc vào nhưng không nhận cáp mới bị 2 ngày nay,SAC
3860,may bi pin sụt 20% chỉ sau vài phút xảy ra sau khi rơi,PIN
3861,may bi màn hình nứt sau khi rơi đã thử khởi động lại không được,MAN_HINH
3862,sac vao nhung khong nhan cap,SAC
3863,điểm chết trên màn hình máy còn bảo hành,MAN_HINH
3864,khách báo cảm ứng loạn không bấm được,MAN_HINH
3865,KHÁCH BÁO CẢM ỨNG LOẠN KHÔNG BẤM ĐƯỢC KHÁCH CHƯA TỪNG SỬA Ở ĐÂU,MAN_HINH
3866,khach hang phan anh may tu tat khi con 30% pin khach chua tung sua o dau,PIN
3867,TÌNH TRẠNG: MÀN HÌNH ĐEN KHÔNG LÊN,MAN_HINH
3868,may bi pin chai chỉ còn dùng được nửa ngày,PIN
3869,tình trạng: sạc rất chậm mất cả đêm mới bị 2 ngày nay,SAC
3870,khách hàng phản ánh cảm ứng chỗ được chỗ không bị từ tuần trước,MAN_HINH
3871,tình trạng: báo pin sai phần trăm nhảy loạn,PIN
3872,tình trạng: cắm sạc máy nóng bất thường đã thử khởi động lại không được,SAC
3873,sạc vào nhưng không nhận cáp máy còn bảo hành,SAC
3874,khách hàng phản ánh cắm sạc máy nóng bất thường khách chưa từng sửa ở đâu,SAC
3875,PIN TỤT RẤT NHANH DÙNG 2 TIẾNG ĐÃ HẾT KHÁCH CHƯA TỪNG SỬA Ở ĐÂU,PIN
3876,khách hàng phản ánh máy chạy chậm giật lag sau khi cập nhật đã thử khởi động lại không được,PHAN_MEM
3877,may bi điểm chết trên màn hình,MAN_HINH
3878,khách báo máy chạy chậm giật lag sau khi cập nhật đã thử khởi động lại không được,PHAN_MEM
3879,may bi pin sụt 20% chỉ sau vài phút đã thử khởi động lại không được,PIN
3880,khách báo cảm ứng loạn không bấm được xảy ra sau khi rơi,MAN_HINH
3881,tình trạng: máy vào nước màn hình loang ố đã thử khởi động lại không được,NUOC_VAO
3882,khách hàng phản ánh mic gọi điện đối phương không nghe được xảy ra sau khi rơi,KHAC
3883,khách hàng phản ánh pin sụt 20% chỉ sau vài phút xảy ra sau khi rơi,PIN
3884,kh nói nút nguồn bị kẹt,KHAC
3885,may bi man hinh nut sau khi roi bi tu tuan truoc,MAN_HINH
3886,khách báo màn hình xuất hiện vệt mực loang,MAN_HINH
3887,may bi cảm ứng chỗ được chỗ không khách chưa từng sửa ở đâu,MAN_HINH
3888,KHÁCH BÁO CAMERA SAU BỊ MỜ NHƯ CÓ SƯƠNG ĐÃ THỬ KHỞI ĐỘNG LẠI KHÔNG ĐƯỢC,KHAC
3889,khách hàng phản ánh điểm chết trên màn hình xảy ra sau khi rơi,MAN_HINH
3890,may bi rơi bồn rửa máy chập chờn đã thử khởi động lại không được,NUOC_VAO
3891,tình trạng: cắm sạc báo lỗi phụ kiện đã thử khởi động lại không được,SAC
3892,may bi máy vào nước màn hình loang ố mới bị 2 ngày nay,NUOC_VAO
3893,khách hàng phản ánh máy phồng pin cấn màn hình khách chưa từng sửa ở đâu,PIN
3894,tình trạng: cổng sạc bị gãy chân,SAC
3895,tình trạng: máy không giữ được pin qua đêm mới bị 2 ngày nay,PIN
3896,sạc rất chậm mất cả đêm xảy ra sau khi rơi,SAC
3897,may bi camera mở lên bị đen màn,PHAN_MEM
3898,kh nói máy rung liên tục không dừng xảy ra sau khi rơi,KHAC
3899,khách hàng phản ánh rơi bồn rửa máy chập chờn đã thử khởi động lại không được,NUOC_VAO
3900,khach hang phan anh pin tut rat nhanh dung 2 tieng da het,PIN
3901,tinh trang: quen mat khau khong mo duoc may,PHAN_MEM
3902,màn hình bị hở sáng viền dưới,MAN_HINH
3903,khách báo máy có tiếng kêu lạ bên trong mới bị 2 ngày nay,KHAC
3904,kh nói pin nóng bất thường khi dùng máy còn bảo hành,PIN
3905,kh nói sạc đầy nhưng dùng 30 phút là sập nguồn bị từ tuần trước,PIN
3906,khách báo màn hình đen không lên bị từ tuần trước,MAN_HINH
3907,khách báo cắm sạc báo lỗi phụ kiện đã thử khởi động lại không được,SAC
3908,máy vào nước màn hình loang ố bị từ tuần trước,NUOC_VAO
3909,khách báo máy chạy chậm giật lag sau khi cập nhật xảy ra sau khi rơi,PHAN_MEM
3910,may bi do nuoc ngot vao khong sac duoc may con bao hanh,NUOC_VAO
3911,may bi không nhận sim xảy ra sau khi rơi,KHAC
3912,kh nói quên mật khẩu không mở được máy máy còn bảo hành,PHAN_MEM
3913,ứng dụng tự thoát liên tục khách chưa từng sửa ở đâu,PHAN_MEM
3914,KHACH BAO KHONG CAI DUOC UNG DUNG BAO LOI XAY RA SAU KHI ROI,PHAN_MEM
3915,tinh trang: dien thoai dinh nuoc mua loa bi re,NUOC_VAO
3916,khách hàng phản ánh wifi không kết nối được sau cập nhật máy còn bảo hành,PHAN_MEM
3917,kh nói cắm sạc máy nóng bất thường xảy ra sau khi rơi,SAC
3918,khách hàng phản ánh màn hình bị sọc dọc xảy ra sau khi rơi,MAN_HINH
3919,không cài được ứng dụng báo lỗi khách chưa từng sửa ở đâu,PHAN_MEM
3920,kh nói điểm chết trên màn hình máy còn bảo hành,MAN_HINH
3921,khách báo máy không giữ được pin qua đêm bị từ tuần trước,PIN
3922,khách báo màn hình xuất hiện vệt mực loang xảy ra sau khi rơi,MAN_HINH
3923,khách hàng phản ánh máy chạy chậm giật lag sau khi cập nhật đã thử khởi động lại không được,PHAN_MEM
3924,mic gọi điện đối phương không nghe được khách chưa từng sửa ở đâu,KHAC
3925,khách báo cắm sạc không vào điện,SAC
3926,màn hình chớp tắt liên tục xảy ra sau khi rơi,MAN_HINH
3927,điểm chết trên màn hình xảy ra sau khi rơi,MAN_HINH
3928,khách hàng phản ánh pin chai chỉ còn dùng được nửa ngày,PIN
3929,khách báo máy không giữ được pin qua đêm đã thử khởi động lại không được,PIN
3930,may bi nút nguồn bị kẹt máy còn bảo hành,KHAC
3931,kh nói cảm ứng chỗ được chỗ không máy còn bảo hành,MAN_HINH
3932,khách hàng phản ánh sạc đầy nhưng dùng 30 phút là sập nguồn mới bị 2 ngày nay,PIN
3933,kh noi man hinh bi ho sang vien duoi bi tu tuan truoc,MAN_HINH
3934,tình trạng: camera mở lên bị đen màn đã thử khởi động lại không được,PHAN_MEM
3935,kh nói pin tụt rất nhanh dùng 2 tiếng đã hết khách chưa từng sửa ở đâu,PIN
3936,khách báo màn hình đen không lên máy còn bảo hành,MAN_HINH
3937,kh nói cắm sạc không vào điện máy còn bảo hành,SAC
3938,tình trạng: màn hình đen không lên bị từ tuần trước,MAN_HINH
3939,báo pin sai phần trăm nhảy loạn mới bị 2 ngày nay,PIN
3940,khách hàng phản ánh màn hình bị sọc dọc mới bị 2 ngày nay,MAN_HINH
3941,tình trạng: cắm sạc báo lỗi phụ kiện bị từ tuần trước,SAC
3942,tình trạng: màn hình bị ám vàng một góc bị từ tuần trước,MAN_HINH
3943,khách hàng phản ánh cắm sạc máy nóng bất thường,SAC
3944,khach bao man hinh chop tat lien tuc moi bi 2 ngay nay,MAN_HINH
3945,khách hàng phản ánh máy tự khởi động lại nhiều lần trong ngày xảy ra sau khi rơi,PHAN_MEM
3946,may bi camera sau bị mờ như có sương mới bị 2 ngày nay,KHAC
3947,khach hang phan anh pin sut 20% chi sau vai phut khach chua tung sua o dau,PIN
3948,khách hàng phản ánh sạc vào nhưng không nhận cáp mới bị 2 ngày nay,SAC
3949,khách báo điểm chết trên màn hình xảy ra sau khi rơi,MAN_HINH
3950,tình trạng: cắm sạc máy nóng bất thường đã thử khởi động lại không được,SAC
3951,khách báo màn hình xuất hiện vệt mực loang đã thử khởi động lại không được,MAN_HINH
3952,may bi máy không giữ được pin qua đêm mới bị 2 ngày nay,PIN
3953,loa ngoài rè không nghe rõ xảy ra sau khi rơi,KHAC
3954,khách hàng phản ánh cắm sạc máy nóng bất thường xảy ra sau khi rơi,SAC
3955,may bi máy tự tắt khi còn 30% pin,PIN
3956,tình trạng: không cài được ứng dụng báo lỗi mới bị 2 ngày nay,PHAN_MEM
3957,khách báo cắm sạc không vào điện,SAC
3958,kh nói cảm ứng chỗ được chỗ không,MAN_HINH
3959,KH NÓI PIN CHAI CHỈ CÒN DÙNG ĐƯỢC NỬA NGÀY MỚI BỊ 2 NGÀY NAY,PIN
3960,may bi pin nóng bất thường khi dùng khách chưa từng sửa ở đâu,PIN
3961,khách hàng phản ánh không cài được ứng dụng báo lỗi,PHAN_MEM
3962,khach bao man hinh nut sau khi roi,MAN_HINH
3963,may bi pin sut 20% chi sau vai phut,PIN
3964,khach hang phan anh may treo logo khong vao duoc he dieu hanh may con bao hanh,PHAN_MEM
3965,may bi màn hình bị sọc dọc xảy ra sau khi rơi,MAN_HINH
3966,MAY BI MÀN HÌNH ĐEN KHÔNG LÊN MÁY CÒN BẢO HÀNH,MAN_HINH
3967,kh nói máy tự khởi động lại nhiều lần trong ngày bị từ tuần trước,PHAN_MEM
3968,tinh trang: pin chai chi con dung duoc nua ngay moi bi 2 ngay nay,PIN
3969,sạc vào nhưng không nhận cáp bị từ tuần trước,SAC
3970,tình trạng: máy tự tắt khi còn 30% pin,PIN
3971,TÌNH TRẠNG: MÁY TỰ TẮT KHI CÒN 30% PIN XẢY RA SAU KHI RƠI,PIN
3972,may bi không cài được ứng dụng báo lỗi xảy ra sau khi rơi,PHAN_MEM
3973,máy rơi vào nước không lên nguồn máy còn bảo hành,NUOC_VAO
3974,may bi pin tụt rất nhanh dùng 2 tiếng đã hết máy còn bảo hành,PIN
3975,khách báo màn hình bị ám vàng một góc bị từ tuần trước,MAN_HINH
3976,may bi điểm chết trên màn hình xảy ra sau khi rơi,MAN_HINH
3977,kh nói máy bị đổ nước ngọt vào không sạc được khách chưa từng sửa ở đâu,NUOC_VAO
3978,may bi điểm chết trên màn hình xảy ra sau khi rơi,MAN_HINH
3979,kh nói chân sạc lỏng phải giữ mới sạc được mới bị 2 ngày nay,SAC
3980,tình trạng: cảm ứng chỗ được chỗ không đã thử khởi động lại không được,MAN_HINH
3981,tình trạng: máy phồng pin cấn màn hình đã thử khởi động lại không được,PIN
3982,may bi pin tụt rất nhanh dùng 2 tiếng đã hết khách chưa từng sửa ở đâu,PIN
3983,khách báo chân sạc lỏng phải giữ mới sạc được bị từ tuần trước,SAC
3984,may bi cảm ứng loạn không bấm được máy còn bảo hành,MAN_HINH
3985,may bi máy rơi vào nước không lên nguồn đã thử khởi động lại không được,NUOC_VAO
3986,khách hàng phản ánh máy vào nước màn hình loang ố xảy ra sau khi rơi,NUOC_VAO
3987,điểm chết trên màn hình khách chưa từng sửa ở đâu,MAN_HINH
3988,máy không giữ được pin qua đêm mới bị 2 ngày nay,PIN
3989,khách báo điểm chết trên màn hình bị từ tuần trước,MAN_HINH
3990,khach bao pin tut rat nhanh dung 2 tieng da het,PIN
3991,cổng sạc bị gãy chân máy còn bảo hành,SAC
3992,khách báo cổng sạc bám bụi không tiếp xúc máy còn bảo hành,SAC
3993,khách hàng phản ánh cổng sạc bị gãy chân đã thử khởi động lại không được,SAC
3994,khách báo cổng sạc bị gãy chân đã thử khởi động lại không được,SAC
3995,khach hang phan anh pin sut 20% chi sau vai phut xay ra sau khi roi,PIN
3996,KHÁCH HÀNG PHẢN ÁNH CẢM ỨNG LOẠN KHÔNG BẤM ĐƯỢC MÁY CÒN BẢO HÀNH,MAN_HINH
3997,KHÁCH BÁO MÀN HÌNH BỊ SỌC DỌC,MAN_HINH
3998,kh nói màn hình xuất hiện vệt mực loang khách chưa từng sửa ở đâu,MAN_HINH
3999,khách báo máy chạy chậm giật lag sau khi cập nhật mới bị 2 ngày nay,PHAN_MEM
4000,pin tụt rất nhanh dùng 2 tiếng đã hết máy còn bảo hành,PIN
