transaction_id,center_id,part_id,loai,so_luong,ngay,ticket_code
1,1,97,NHAP,19,2024-07-01,
2,1,152,NHAP,28,2024-07-01,
3,4,21,NHAP,23,2024-07-01,
4,4,24,NHAP,22,2024-07-01,
5,4,66,NHAP,23,2024-07-01,
6,6,17,NHAP,19,2024-07-01,
7,6,70,NHAP,6,2024-07-01,
8,6,171,NHAP,5,2024-07-01,
9,3,179,NHAP,24,2024-07-02,
10,5,82,NHAP,2,2024-07-02,
11,6,43,NHAP,26,2024-07-02,
12,2,173,NHAP,8,2024-07-03,
13,3,23,NHAP,10,2024-07-03,
14,3,77,NHAP,22,2024-07-03,
15,5,110,NHAP,36,2024-07-03,
16,6,66,NHAP,35,2024-07-03,
17,6,76,NHAP,6,2024-07-03,
18,2,52,NHAP,16,2024-07-04,
19,2,147,NHAP,23,2024-07-04,
20,3,96,NHAP,34,2024-07-04,
21,5,153,NHAP,17,2024-07-04,
22,6,146,NHAP,35,2024-07-04,
23,2,22,NHAP,9,2024-07-05,
24,3,171,NHAP,18,2024-07-05,
25,5,77,NHAP,15,2024-07-06,
26,1,164,NHAP,37,2024-07-07,
27,1,178,NHAP,19,2024-07-07,
28,2,46,NHAP,32,2024-07-07,
29,2,100,NHAP,2,2024-07-07,
30,3,123,NHAP,19,2024-07-07,
31,4,125,NHAP,17,2024-07-07,
32,4,127,NHAP,7,2024-07-07,
33,4,164,NHAP,21,2024-07-07,
34,5,174,NHAP,9,2024-07-07,
35,6,31,NHAP,9,2024-07-07,
36,2,24,NHAP,21,2024-07-08,
37,2,70,NHAP,5,2024-07-08,
38,4,26,NHAP,32,2024-07-08,
39,2,142,NHAP,23,2024-07-09,
40,3,71,NHAP,34,2024-07-09,
41,5,10,NHAP,39,2024-07-09,
42,5,104,NHAP,39,2024-07-09,
43,5,149,NHAP,2,2024-07-09,
44,2,2,NHAP,29,2024-07-10,
45,4,81,NHAP,40,2024-07-10,
46,4,86,NHAP,8,2024-07-10,
47,5,144,NHAP,22,2024-07-10,
48,6,14,NHAP,32,2024-07-10,
49,1,101,NHAP,37,2024-07-11,
50,3,104,NHAP,21,2024-07-11,
51,5,178,NHAP,34,2024-07-11,
52,6,99,NHAP,24,2024-07-11,
53,1,102,NHAP,21,2024-07-12,
54,1,166,NHAP,37,2024-07-12,
55,2,73,NHAP,20,2024-07-12,
56,3,17,NHAP,24,2024-07-12,
57,3,128,NHAP,15,2024-07-12,
58,4,2,NHAP,28,2024-07-12,
59,5,94,NHAP,21,2024-07-12,
60,6,33,NHAP,17,2024-07-12,
61,4,131,NHAP,19,2024-07-13,
62,5,19,NHAP,34,2024-07-13,
63,6,141,NHAP,5,2024-07-13,
64,1,60,NHAP,23,2024-07-14,
65,1,158,NHAP,22,2024-07-14,
66,4,94,NHAP,35,2024-07-14,
67,5,51,NHAP,14,2024-07-14,
68,6,128,NHAP,39,2024-07-14,
69,2,44,NHAP,3,2024-07-15,
70,2,72,NHAP,13,2024-07-15,
71,2,159,NHAP,4,2024-07-15,
72,5,111,NHAP,37,2024-07-15,
73,6,124,NHAP,20,2024-07-15,
74,1,40,NHAP,5,2024-07-16,
75,1,126,NHAP,35,2024-07-16,
76,2,171,NHAP,2,2024-07-16,
77,3,88,NHAP,38,2024-07-16,
78,4,119,NHAP,13,2024-07-16,
79,4,134,NHAP,18,2024-07-16,
80,5,147,NHAP,40,2024-07-16,
81,1,136,NHAP,9,2024-07-17,
82,3,15,NHAP,39,2024-07-17,
83,3,91,NHAP,12,2024-07-17,
84,4,152,NHAP,11,2024-07-17,
85,4,161,NHAP,31,2024-07-17,
86,5,135,NHAP,4,2024-07-17,
87,6,63,NHAP,28,2024-07-17,
88,6,144,NHAP,35,2024-07-17,
89,3,158,NHAP,23,2024-07-18,
90,4,167,NHAP,17,2024-07-18,
91,4,178,NHAP,34,2024-07-18,
92,6,1,NHAP,9,2024-07-18,
93,6,35,NHAP,34,2024-07-18,
94,1,174,NHAP,10,2024-07-19,
95,3,41,NHAP,20,2024-07-19,
96,5,22,NHAP,30,2024-07-19,
97,5,127,NHAP,37,2024-07-19,
98,6,87,NHAP,28,2024-07-19,
99,6,100,NHAP,9,2024-07-19,
100,3,129,NHAP,36,2024-07-20,
101,5,157,NHAP,35,2024-07-20,
102,1,71,NHAP,27,2024-07-21,
103,1,137,NHAP,36,2024-07-21,
104,3,80,NHAP,26,2024-07-21,
105,4,110,NHAP,16,2024-07-21,
106,4,136,NHAP,4,2024-07-21,
107,6,93,NHAP,17,2024-07-21,
108,2,174,NHAP,23,2024-07-22,
109,4,102,NHAP,21,2024-07-22,
110,5,47,NHAP,21,2024-07-22,
111,4,60,NHAP,20,2024-07-23,
112,4,88,NHAP,6,2024-07-23,
113,5,1,NHAP,17,2024-07-23,
114,5,114,NHAP,2,2024-07-23,
115,2,94,NHAP,23,2024-07-24,
116,2,157,NHAP,15,2024-07-24,
117,5,14,NHAP,38,2024-07-24,
118,5,42,NHAP,2,2024-07-24,
119,2,4,NHAP,29,2024-07-25,
120,3,105,NHAP,14,2024-07-25,
121,4,14,NHAP,28,2024-07-25,
122,5,6,NHAP,21,2024-07-25,
123,6,37,NHAP,31,2024-07-25,
124,6,109,NHAP,39,2024-07-25,
125,1,121,NHAP,32,2024-07-26,
126,1,160,NHAP,36,2024-07-26,
127,5,8,NHAP,14,2024-07-26,
128,5,172,NHAP,21,2024-07-26,
129,6,88,NHAP,26,2024-07-26,
130,6,178,NHAP,3,2024-07-26,
131,1,111,NHAP,35,2024-07-27,
132,1,129,NHAP,17,2024-07-27,
133,2,109,NHAP,27,2024-07-27,
134,3,19,NHAP,12,2024-07-27,
135,5,48,NHAP,25,2024-07-27,
136,5,166,NHAP,32,2024-07-27,
137,1,120,NHAP,10,2024-07-28,
138,2,30,NHAP,34,2024-07-28,
139,3,37,NHAP,35,2024-07-28,
140,3,131,NHAP,7,2024-07-28,
141,6,53,NHAP,37,2024-07-28,
142,6,89,NHAP,18,2024-07-28,
143,6,102,NHAP,17,2024-07-28,
144,3,49,NHAP,26,2024-07-29,
145,5,141,NHAP,17,2024-07-29,
146,6,79,NHAP,10,2024-07-29,
147,6,161,NHAP,11,2024-07-29,
148,2,82,NHAP,3,2024-07-30,
149,3,8,NHAP,6,2024-07-30,
150,3,120,NHAP,12,2024-07-30,
151,4,180,NHAP,28,2024-07-30,
152,5,15,NHAP,24,2024-07-30,
153,5,120,NHAP,38,2024-07-30,
154,6,81,NHAP,19,2024-07-30,
155,2,21,NHAP,6,2024-07-31,
156,2,39,NHAP,37,2024-07-31,
157,3,83,NHAP,33,2024-07-31,
158,4,39,NHAP,40,2024-07-31,
159,5,92,NHAP,25,2024-07-31,
160,3,25,NHAP,11,2024-08-01,
161,3,102,NHAP,28,2024-08-01,
162,5,34,NHAP,19,2024-08-01,
163,6,147,NHAP,33,2024-08-01,
164,1,176,NHAP,22,2024-08-02,
165,4,48,NHAP,40,2024-08-02,
166,4,63,NHAP,11,2024-08-02,
167,5,59,NHAP,40,2024-08-02,
168,1,92,NHAP,22,2024-08-04,
169,2,76,NHAP,24,2024-08-04,
170,3,43,NHAP,34,2024-08-04,
171,3,87,NHAP,31,2024-08-04,
172,4,107,NHAP,20,2024-08-04,
173,4,176,NHAP,29,2024-08-04,
174,6,108,NHAP,6,2024-08-04,
175,1,161,NHAP,29,2024-08-05,
176,3,150,NHAP,6,2024-08-05,
177,5,44,NHAP,17,2024-08-05,
178,6,71,NHAP,33,2024-08-05,
179,6,95,NHAP,11,2024-08-05,
180,1,22,NHAP,13,2024-08-06,
181,1,28,NHAP,27,2024-08-06,
182,2,45,NHAP,15,2024-08-06,
183,5,162,NHAP,28,2024-08-06,
184,2,5,NHAP,25,2024-08-07,
185,2,132,NHAP,12,2024-08-07,
186,4,75,NHAP,33,2024-08-07,
187,4,123,NHAP,25,2024-08-07,
188,4,124,NHAP,33,2024-08-07,
189,5,142,NHAP,27,2024-08-07,
190,1,3,NHAP,4,2024-08-08,
191,3,93,NHAP,27,2024-08-08,
192,4,68,NHAP,11,2024-08-08,
193,5,125,NHAP,11,2024-08-08,
194,6,2,NHAP,21,2024-08-08,
195,3,22,NHAP,19,2024-08-09,
196,3,146,NHAP,25,2024-08-09,
197,1,93,NHAP,5,2024-08-10,
198,1,105,NHAP,10,2024-08-10,
199,2,62,NHAP,34,2024-08-10,
200,2,178,NHAP,5,2024-08-10,
201,3,111,NHAP,22,2024-08-10,
202,3,172,NHAP,9,2024-08-10,
203,4,146,NHAP,27,2024-08-10,
204,5,41,NHAP,39,2024-08-10,
205,5,108,NHAP,13,2024-08-10,
206,1,116,NHAP,26,2024-08-11,
207,1,118,NHAP,22,2024-08-11,
208,2,49,NHAP,23,2024-08-11,
209,2,8,NHAP,33,2024-08-12,
210,2,149,NHAP,8,2024-08-12,
211,4,37,NHAP,10,2024-08-12,
212,2,32,NHAP,40,2024-08-13,
213,3,30,NHAP,39,2024-08-13,
214,4,90,NHAP,30,2024-08-13,
215,5,43,NHAP,34,2024-08-13,
216,5,76,NHAP,32,2024-08-13,
217,6,86,NHAP,37,2024-08-13,
218,1,165,NHAP,39,2024-08-14,
219,3,12,NHAP,10,2024-08-14,
220,3,20,NHAP,29,2024-08-14,
221,3,28,NHAP,13,2024-08-14,
222,3,99,NHAP,32,2024-08-14,
223,1,72,NHAP,27,2024-08-15,
224,3,53,NHAP,37,2024-08-15,
225,5,175,NHAP,38,2024-08-15,
226,3,161,NHAP,12,2024-08-16,
227,4,62,NHAP,4,2024-08-16,
228,4,76,NHAP,5,2024-08-16,
229,4,142,NHAP,21,2024-08-16,
230,1,13,NHAP,11,2024-08-17,
231,1,16,NHAP,35,2024-08-17,
232,2,3,NHAP,25,2024-08-17,
233,4,34,NHAP,23,2024-08-17,
234,4,156,NHAP,10,2024-08-17,
235,5,13,NHAP,11,2024-08-17,
236,1,143,NHAP,7,2024-08-18,
237,3,31,NHAP,39,2024-08-18,
238,4,23,NHAP,8,2024-08-18,
239,4,121,NHAP,6,2024-08-18,
240,5,96,NHAP,12,2024-08-18,
241,6,131,NHAP,39,2024-08-18,
242,1,115,NHAP,31,2024-08-19,
243,2,137,NHAP,18,2024-08-19,
244,2,169,NHAP,15,2024-08-19,
245,3,157,NHAP,11,2024-08-19,
246,4,71,NHAP,14,2024-08-19,
247,6,50,NHAP,21,2024-08-19,
248,1,58,NHAP,29,2024-08-20,
249,2,145,NHAP,32,2024-08-20,
250,4,41,NHAP,40,2024-08-20,
251,5,83,NHAP,29,2024-08-20,
252,6,117,NHAP,17,2024-08-20,
253,1,20,NHAP,36,2024-08-21,
254,1,52,NHAP,33,2024-08-21,
255,1,87,NHAP,19,2024-08-21,
256,5,38,NHAP,29,2024-08-21,
257,6,160,NHAP,3,2024-08-21,
258,2,17,NHAP,32,2024-08-22,
259,3,94,NHAP,20,2024-08-22,
260,4,174,NHAP,16,2024-08-22,
261,5,151,NHAP,24,2024-08-22,
262,2,42,NHAP,13,2024-08-23,
263,3,62,NHAP,24,2024-08-23,
264,3,95,NHAP,3,2024-08-23,
265,4,17,NHAP,13,2024-08-23,
266,4,38,NHAP,12,2024-08-23,
267,4,95,NHAP,5,2024-08-23,
268,4,99,NHAP,39,2024-08-23,
269,4,162,NHAP,9,2024-08-23,
270,4,177,NHAP,3,2024-08-23,
271,5,5,NHAP,23,2024-08-23,
272,5,30,NHAP,30,2024-08-23,
273,2,117,NHAP,34,2024-08-24,
274,4,28,NHAP,35,2024-08-24,
275,4,70,NHAP,38,2024-08-24,
276,4,118,NHAP,30,2024-08-24,
277,1,175,NHAP,31,2024-08-25,
278,3,57,NHAP,30,2024-08-25,
279,4,32,NHAP,14,2024-08-25,
280,4,133,NHAP,11,2024-08-25,
281,5,28,NHAP,25,2024-08-25,
282,6,67,NHAP,36,2024-08-25,
283,1,142,NHAP,27,2024-08-26,
284,5,99,NHAP,13,2024-08-26,
285,6,6,NHAP,7,2024-08-26,
286,1,167,NHAP,39,2024-08-27,
287,2,88,NHAP,12,2024-08-27,
288,2,99,NHAP,22,2024-08-27,
289,5,140,NHAP,39,2024-08-27,
290,2,95,NHAP,27,2024-08-28,
291,6,133,NHAP,33,2024-08-29,
292,6,151,NHAP,27,2024-08-29,
293,1,1,NHAP,25,2024-08-30,
294,2,67,NHAP,20,2024-08-30,
295,2,130,NHAP,10,2024-08-30,
296,5,124,NHAP,25,2024-08-30,
297,6,149,NHAP,26,2024-08-30,
298,6,33,XUAT,1,2024-08-30,BH-001400/2024
299,1,125,XUAT,1,2024-08-30,BH-003807/2024
300,3,119,XUAT,1,2024-08-30,BH-003976/2024
301,3,23,XUAT,1,2024-08-30,BH-004462/2024
302,2,2,XUAT,1,2024-08-30,BH-004988/2024
303,3,130,XUAT,1,2024-08-30,BH-005705/2024
304,6,81,XUAT,1,2024-08-30,BH-005901/2024
305,3,87,XUAT,1,2024-08-30,BH-007242/2024
306,1,23,NHAP,16,2024-08-31,
307,1,75,NHAP,32,2024-08-31,
308,2,110,NHAP,26,2024-08-31,
309,2,155,NHAP,7,2024-08-31,
310,2,161,NHAP,17,2024-08-31,
311,4,19,NHAP,36,2024-08-31,
312,5,128,NHAP,15,2024-08-31,
313,4,97,XUAT,2,2024-08-31,BH-001115/2024
314,6,35,XUAT,1,2024-08-31,BH-002604/2024
315,6,111,XUAT,1,2024-08-31,BH-004399/2024
316,3,136,XUAT,1,2024-08-31,BH-004799/2024
317,5,2,XUAT,1,2024-08-31,BH-004906/2024
318,2,96,XUAT,1,2024-08-31,BH-005018/2024
319,4,133,XUAT,1,2024-08-31,BH-005373/2024
320,1,63,XUAT,1,2024-08-31,BH-005591/2024
321,6,131,XUAT,1,2024-08-31,BH-007191/2024
322,1,132,NHAP,38,2024-09-01,
323,2,138,NHAP,28,2024-09-01,
324,3,61,NHAP,36,2024-09-01,
325,3,165,NHAP,36,2024-09-01,
326,4,108,NHAP,30,2024-09-01,
327,4,115,NHAP,35,2024-09-01,
328,4,132,NHAP,14,2024-09-01,
329,5,23,NHAP,27,2024-09-01,
330,5,81,NHAP,35,2024-09-01,
331,6,42,NHAP,38,2024-09-01,
332,6,54,NHAP,17,2024-09-01,
333,6,170,NHAP,20,2024-09-01,
334,2,56,XUAT,1,2024-09-01,BH-000817/2024
335,6,18,XUAT,1,2024-09-01,BH-001848/2024
336,3,146,XUAT,1,2024-09-01,BH-003567/2024
337,5,138,XUAT,2,2024-09-01,BH-007484/2024
338,1,118,XUAT,1,2024-09-01,BH-007668/2024
339,1,24,NHAP,23,2024-09-02,
340,3,59,NHAP,22,2024-09-02,
341,3,148,NHAP,30,2024-09-02,
342,4,116,NHAP,14,2024-09-02,
343,3,99,XUAT,1,2024-09-02,BH-000053/2024
344,1,21,XUAT,1,2024-09-02,BH-001663/2024
345,6,95,XUAT,1,2024-09-02,BH-001701/2024
346,6,129,XUAT,1,2024-09-02,BH-002804/2024
347,6,40,XUAT,1,2024-09-02,BH-004256/2024
348,5,169,XUAT,1,2024-09-02,BH-007285/2024
349,2,143,NHAP,5,2024-09-03,
350,5,156,NHAP,2,2024-09-03,
351,5,177,NHAP,14,2024-09-03,
352,4,55,XUAT,1,2024-09-03,BH-000718/2024
353,3,95,XUAT,1,2024-09-03,BH-001213/2024
354,4,75,XUAT,1,2024-09-03,BH-001476/2024
355,4,91,XUAT,1,2024-09-03,BH-003266/2024
356,4,162,XUAT,1,2024-09-03,BH-004772/2024
357,1,138,XUAT,1,2024-09-03,BH-005771/2024
358,3,123,XUAT,1,2024-09-03,BH-006502/2024
359,4,55,XUAT,1,2024-09-03,BH-006793/2024
360,6,78,XUAT,1,2024-09-03,BH-007542/2024
361,1,18,NHAP,15,2024-09-04,
362,1,125,NHAP,15,2024-09-04,
363,3,27,NHAP,23,2024-09-04,
364,4,16,NHAP,13,2024-09-04,
365,5,32,NHAP,13,2024-09-04,
366,5,116,NHAP,40,2024-09-04,
367,3,73,XUAT,1,2024-09-04,BH-001354/2024
368,2,81,XUAT,1,2024-09-04,BH-001524/2024
369,2,30,XUAT,1,2024-09-04,BH-002797/2024
370,3,164,XUAT,2,2024-09-04,BH-002815/2024
371,4,108,XUAT,1,2024-09-04,BH-002873/2024
372,3,39,XUAT,1,2024-09-04,BH-004195/2024
373,3,112,XUAT,1,2024-09-04,BH-006197/2024
374,4,58,XUAT,2,2024-09-04,BH-006725/2024
375,1,37,NHAP,28,2024-09-05,
376,1,55,NHAP,21,2024-09-05,
377,1,157,NHAP,27,2024-09-05,
378,3,97,NHAP,3,2024-09-05,
379,4,79,NHAP,33,2024-09-05,
380,6,55,NHAP,21,2024-09-05,
381,3,73,XUAT,1,2024-09-05,BH-002554/2024
382,4,177,XUAT,1,2024-09-05,BH-003130/2024
383,5,81,XUAT,1,2024-09-05,BH-003702/2024
384,5,101,XUAT,1,2024-09-05,BH-004189/2024
385,2,87,XUAT,1,2024-09-05,BH-005473/2024
386,1,7,NHAP,8,2024-09-06,
387,1,119,NHAP,35,2024-09-06,
388,2,37,NHAP,11,2024-09-06,
389,4,130,NHAP,29,2024-09-06,
390,5,26,NHAP,34,2024-09-06,
391,2,81,NHAP,22,2024-09-07,
392,2,114,NHAP,2,2024-09-07,
393,4,148,NHAP,37,2024-09-07,
394,5,84,NHAP,33,2024-09-07,
395,5,97,NHAP,12,2024-09-07,
396,6,13,NHAP,25,2024-09-07,
397,6,126,NHAP,14,2024-09-07,
398,5,125,XUAT,1,2024-09-07,BH-002127/2024
399,1,9,NHAP,27,2024-09-08,
400,1,42,NHAP,35,2024-09-08,
401,1,46,NHAP,22,2024-09-08,
402,2,131,NHAP,23,2024-09-08,
403,3,38,NHAP,10,2024-09-08,
404,4,58,NHAP,25,2024-09-08,
405,5,122,NHAP,14,2024-09-08,
406,6,134,NHAP,18,2024-09-08,
407,6,66,XUAT,2,2024-09-08,BH-000410/2024
408,4,85,XUAT,1,2024-09-08,BH-005857/2024
409,1,80,NHAP,39,2024-09-09,
410,2,64,NHAP,29,2024-09-09,
411,3,119,NHAP,5,2024-09-09,
412,4,55,NHAP,16,2024-09-09,
413,5,98,NHAP,13,2024-09-09,
414,6,90,NHAP,13,2024-09-09,
415,5,34,XUAT,1,2024-09-09,BH-001757/2024
416,4,9,XUAT,1,2024-09-09,BH-003607/2024
417,1,173,XUAT,1,2024-09-09,BH-004584/2024
418,3,26,XUAT,1,2024-09-09,BH-004712/2024
419,4,57,XUAT,1,2024-09-09,BH-005217/2024
420,3,43,XUAT,1,2024-09-09,BH-006202/2024
421,3,22,XUAT,2,2024-09-09,BH-007125/2024
422,1,15,NHAP,18,2024-09-10,
423,2,14,NHAP,22,2024-09-10,
424,2,84,NHAP,18,2024-09-10,
425,2,97,NHAP,2,2024-09-10,
426,6,11,NHAP,25,2024-09-10,
427,6,48,NHAP,36,2024-09-10,
428,6,61,NHAP,26,2024-09-10,
429,6,148,NHAP,32,2024-09-10,
430,6,150,NHAP,38,2024-09-10,
431,1,174,XUAT,1,2024-09-10,BH-003248/2024
432,5,14,XUAT,1,2024-09-10,BH-004362/2024
433,6,31,XUAT,1,2024-09-10,BH-007378/2024
434,1,27,NHAP,5,2024-09-11,
435,1,47,NHAP,5,2024-09-11,
436,1,144,NHAP,37,2024-09-11,
437,2,18,NHAP,10,2024-09-11,
438,3,112,NHAP,31,2024-09-11,
439,5,12,NHAP,11,2024-09-11,
440,6,22,NHAP,12,2024-09-11,
441,1,125,XUAT,1,2024-09-11,BH-002011/2024
442,6,31,XUAT,1,2024-09-11,BH-002786/2024
443,3,171,XUAT,1,2024-09-11,BH-003715/2024
444,2,14,XUAT,1,2024-09-11,BH-007118/2024
445,1,81,NHAP,29,2024-09-12,
446,3,45,NHAP,36,2024-09-12,
447,6,26,NHAP,16,2024-09-12,
448,4,175,XUAT,1,2024-09-12,BH-001133/2024
449,2,66,XUAT,1,2024-09-12,BH-001239/2024
450,5,142,XUAT,1,2024-09-12,BH-001570/2024
451,3,112,XUAT,1,2024-09-12,BH-002157/2024
452,5,9,XUAT,1,2024-09-12,BH-004052/2024
453,3,37,XUAT,1,2024-09-12,BH-006637/2024
454,5,97,XUAT,1,2024-09-12,BH-007598/2024
455,3,51,NHAP,33,2024-09-13,
456,5,176,NHAP,37,2024-09-13,
457,6,13,XUAT,1,2024-09-13,BH-000232/2024
458,2,39,XUAT,1,2024-09-13,BH-001209/2024
459,5,43,XUAT,1,2024-09-13,BH-002785/2024
460,1,127,XUAT,1,2024-09-13,BH-002964/2024
461,2,180,NHAP,7,2024-09-14,
462,4,5,NHAP,37,2024-09-14,
463,4,122,NHAP,5,2024-09-14,
464,4,165,NHAP,29,2024-09-14,
465,5,88,NHAP,21,2024-09-14,
466,6,49,NHAP,21,2024-09-14,
467,6,127,NHAP,40,2024-09-14,
468,1,55,XUAT,1,2024-09-14,BH-000218/2024
469,4,171,XUAT,1,2024-09-14,BH-000584/2024
470,2,21,XUAT,1,2024-09-14,BH-000848/2024
471,5,84,XUAT,1,2024-09-14,BH-003074/2024
472,2,146,XUAT,1,2024-09-14,BH-003119/2024
473,5,48,XUAT,1,2024-09-14,BH-004974/2024
474,1,121,XUAT,1,2024-09-14,BH-005950/2024
475,3,94,XUAT,1,2024-09-14,BH-007087/2024
476,5,147,XUAT,1,2024-09-14,BH-007489/2024
477,2,78,NHAP,37,2024-09-15,
478,2,83,NHAP,13,2024-09-15,
479,2,90,NHAP,31,2024-09-15,
480,4,42,NHAP,6,2024-09-15,
481,4,154,NHAP,30,2024-09-15,
482,5,155,NHAP,36,2024-09-15,
483,6,52,NHAP,32,2024-09-15,
484,3,88,XUAT,1,2024-09-15,BH-002921/2024
485,6,90,XUAT,1,2024-09-15,BH-005698/2024
486,2,26,NHAP,12,2024-09-16,
487,2,56,NHAP,37,2024-09-16,
488,2,69,NHAP,22,2024-09-16,
489,5,39,NHAP,38,2024-09-16,
490,6,111,NHAP,24,2024-09-16,
491,3,81,XUAT,1,2024-09-16,BH-000343/2024
492,2,42,XUAT,1,2024-09-16,BH-001501/2024
493,1,102,XUAT,1,2024-09-16,BH-004706/2024
494,2,146,XUAT,2,2024-09-16,BH-006044/2024
495,2,19,XUAT,1,2024-09-16,BH-007783/2024
496,4,4,NHAP,17,2024-09-17,
497,4,85,NHAP,21,2024-09-17,
498,4,175,NHAP,3,2024-09-17,
499,5,106,NHAP,8,2024-09-17,
500,5,130,NHAP,12,2024-09-17,
501,6,173,NHAP,34,2024-09-17,
502,1,180,NHAP,29,2024-09-18,
503,2,1,NHAP,12,2024-09-18,
504,4,51,NHAP,31,2024-09-18,
505,5,119,NHAP,9,2024-09-18,
506,6,46,NHAP,5,2024-09-18,
507,6,139,NHAP,2,2024-09-18,
508,2,14,XUAT,1,2024-09-18,BH-001555/2024
509,2,146,XUAT,1,2024-09-18,BH-002527/2024
510,2,16,XUAT,1,2024-09-18,BH-006607/2024
511,5,13,XUAT,1,2024-09-18,BH-007155/2024
512,1,38,NHAP,2,2024-09-19,
513,1,44,NHAP,30,2024-09-19,
514,1,82,NHAP,27,2024-09-19,
515,6,39,NHAP,33,2024-09-19,
516,6,73,NHAP,8,2024-09-19,
517,2,39,XUAT,1,2024-09-19,BH-001602/2024
518,5,114,XUAT,1,2024-09-19,BH-002012/2024
519,1,164,XUAT,2,2024-09-19,BH-004928/2024
520,2,15,XUAT,1,2024-09-19,BH-005033/2024
521,2,115,NHAP,33,2024-09-20,
522,4,73,NHAP,13,2024-09-20,
523,4,92,NHAP,20,2024-09-20,
524,4,151,NHAP,12,2024-09-20,
525,4,172,NHAP,26,2024-09-20,
526,5,60,NHAP,19,2024-09-20,
527,5,103,NHAP,36,2024-09-20,
528,5,107,NHAP,32,2024-09-20,
529,1,50,XUAT,1,2024-09-20,BH-002372/2024
530,4,171,XUAT,1,2024-09-20,BH-005628/2024
531,4,110,XUAT,1,2024-09-20,BH-007312/2024
532,3,82,NHAP,19,2024-09-21,
533,3,149,NHAP,2,2024-09-21,
534,1,6,XUAT,1,2024-09-21,BH-001868/2024
535,4,167,XUAT,1,2024-09-21,BH-003252/2024
536,3,73,XUAT,1,2024-09-21,BH-007042/2024
537,5,38,XUAT,1,2024-09-21,BH-007481/2024
538,1,89,NHAP,31,2024-09-22,
539,3,155,NHAP,37,2024-09-22,
540,4,141,NHAP,38,2024-09-22,
541,5,180,NHAP,6,2024-09-22,
542,6,110,NHAP,28,2024-09-22,
543,6,17,XUAT,1,2024-09-22,BH-002920/2024
544,5,160,XUAT,1,2024-09-22,BH-004007/2024
545,1,5,NHAP,23,2024-09-23,
546,2,33,NHAP,6,2024-09-23,
547,1,76,XUAT,1,2024-09-23,BH-001958/2024
548,5,76,XUAT,1,2024-09-23,BH-003551/2024
549,1,176,XUAT,1,2024-09-23,BH-003934/2024
550,1,53,NHAP,5,2024-09-24,
551,2,55,NHAP,9,2024-09-24,
552,2,166,NHAP,37,2024-09-24,
553,5,71,NHAP,3,2024-09-24,
554,6,143,NHAP,14,2024-09-24,
555,1,80,XUAT,1,2024-09-24,BH-000762/2024
556,5,135,XUAT,1,2024-09-24,BH-004002/2024
557,4,30,XUAT,1,2024-09-24,BH-006592/2024
558,5,44,XUAT,1,2024-09-24,BH-007531/2024
559,1,168,NHAP,36,2024-09-25,
560,2,74,NHAP,10,2024-09-25,
561,2,146,NHAP,28,2024-09-25,
562,4,137,NHAP,10,2024-09-25,
563,4,173,NHAP,13,2024-09-25,
564,5,46,NHAP,24,2024-09-25,
565,6,64,NHAP,38,2024-09-25,
566,1,61,XUAT,1,2024-09-25,BH-000134/2024
567,3,33,XUAT,1,2024-09-25,BH-000638/2024
568,4,124,XUAT,1,2024-09-25,BH-002398/2024
569,1,137,XUAT,1,2024-09-25,BH-007024/2024
570,2,176,NHAP,28,2024-09-26,
571,3,168,NHAP,16,2024-09-26,
572,5,109,NHAP,15,2024-09-26,
573,1,89,XUAT,1,2024-09-26,BH-001779/2024
574,5,141,XUAT,1,2024-09-26,BH-002126/2024
575,3,99,XUAT,1,2024-09-26,BH-003999/2024
576,6,129,XUAT,1,2024-09-26,BH-005624/2024
577,1,126,XUAT,1,2024-09-26,BH-007656/2024
578,1,30,NHAP,5,2024-09-27,
579,1,76,NHAP,35,2024-09-27,
580,2,60,NHAP,31,2024-09-27,
581,3,108,NHAP,24,2024-09-27,
582,6,78,NHAP,32,2024-09-27,
583,6,13,XUAT,1,2024-09-27,BH-000610/2024
584,6,88,XUAT,1,2024-09-27,BH-005962/2024
585,6,71,XUAT,1,2024-09-27,BH-007732/2024
586,1,94,NHAP,3,2024-09-28,
587,2,13,NHAP,18,2024-09-28,
588,4,117,NHAP,23,2024-09-28,
589,5,9,NHAP,30,2024-09-28,
590,5,72,NHAP,31,2024-09-28,
591,1,84,XUAT,1,2024-09-28,BH-000252/2024
592,1,27,XUAT,2,2024-09-28,BH-000967/2024
593,6,72,XUAT,1,2024-09-28,BH-001446/2024
594,2,115,XUAT,1,2024-09-28,BH-006744/2024
595,5,98,XUAT,1,2024-09-28,BH-007684/2024
596,1,59,NHAP,19,2024-09-29,
597,1,62,NHAP,24,2024-09-29,
598,2,71,NHAP,8,2024-09-29,
599,3,100,NHAP,9,2024-09-29,
600,4,171,NHAP,40,2024-09-29,
601,6,122,NHAP,27,2024-09-29,
602,5,32,XUAT,1,2024-09-29,BH-002519/2024
603,1,44,XUAT,1,2024-09-29,BH-004110/2024
604,1,24,XUAT,1,2024-09-29,BH-004375/2024
605,5,96,XUAT,2,2024-09-29,BH-004796/2024
606,6,37,XUAT,1,2024-09-29,BH-007141/2024
607,1,146,NHAP,11,2024-09-30,
608,2,9,NHAP,16,2024-09-30,
609,3,98,NHAP,6,2024-09-30,
610,4,106,NHAP,11,2024-09-30,
611,6,92,NHAP,33,2024-09-30,
612,6,175,NHAP,7,2024-09-30,
613,1,80,XUAT,1,2024-09-30,BH-001506/2024
614,5,5,XUAT,1,2024-09-30,BH-002248/2024
615,1,89,XUAT,1,2024-09-30,BH-003288/2024
616,3,95,XUAT,1,2024-09-30,BH-003410/2024
617,4,122,XUAT,1,2024-09-30,BH-004852/2024
618,3,68,NHAP,20,2024-10-01,
619,5,160,NHAP,27,2024-10-01,
620,1,180,XUAT,1,2024-10-01,BH-001563/2024
621,6,111,XUAT,1,2024-10-01,BH-001823/2024
622,2,88,XUAT,1,2024-10-01,BH-002482/2024
623,6,13,XUAT,1,2024-10-01,BH-005664/2024
624,1,82,XUAT,1,2024-10-01,BH-007523/2024
625,2,158,NHAP,21,2024-10-02,
626,3,24,NHAP,40,2024-10-02,
627,4,97,NHAP,39,2024-10-02,
628,5,40,NHAP,12,2024-10-02,
629,4,131,XUAT,1,2024-10-02,BH-000129/2024
630,2,16,XUAT,1,2024-10-02,BH-001518/2024
631,2,169,XUAT,1,2024-10-02,BH-001657/2024
632,2,139,XUAT,1,2024-10-02,BH-003423/2024
633,3,61,XUAT,1,2024-10-02,BH-003513/2024
634,3,122,XUAT,1,2024-10-02,BH-004999/2024
635,4,151,XUAT,1,2024-10-02,BH-005463/2024
636,2,157,XUAT,1,2024-10-02,BH-006191/2024
637,1,74,NHAP,14,2024-10-03,
638,2,113,NHAP,22,2024-10-03,
639,5,133,NHAP,2,2024-10-03,
640,6,18,NHAP,31,2024-10-03,
641,5,106,XUAT,1,2024-10-03,BH-001057/2024
642,5,51,XUAT,1,2024-10-03,BH-002478/2024
643,4,42,XUAT,1,2024-10-03,BH-003774/2024
644,3,63,NHAP,28,2024-10-04,
645,4,10,NHAP,31,2024-10-04,
646,6,32,NHAP,2,2024-10-04,
647,4,123,XUAT,1,2024-10-04,BH-000732/2024
648,5,93,XUAT,1,2024-10-04,BH-000893/2024
649,4,6,XUAT,2,2024-10-04,BH-000961/2024
650,6,116,XUAT,1,2024-10-04,BH-003684/2024
651,3,54,XUAT,1,2024-10-04,BH-005461/2024
652,1,158,XUAT,1,2024-10-04,BH-005799/2024
653,6,22,XUAT,1,2024-10-04,BH-007726/2024
654,1,6,NHAP,7,2024-10-05,
655,1,12,NHAP,21,2024-10-05,
656,1,141,NHAP,38,2024-10-05,
657,1,150,NHAP,16,2024-10-05,
658,1,155,NHAP,30,2024-10-05,
659,2,50,NHAP,32,2024-10-05,
660,2,68,NHAP,18,2024-10-05,
661,3,6,NHAP,3,2024-10-05,
662,4,9,NHAP,36,2024-10-05,
663,4,134,XUAT,1,2024-10-05,BH-001405/2024
664,4,17,XUAT,1,2024-10-05,BH-003077/2024
665,6,54,XUAT,1,2024-10-05,BH-004527/2024
666,4,63,XUAT,1,2024-10-05,BH-004836/2024
667,6,87,XUAT,2,2024-10-05,BH-006844/2024
668,4,105,NHAP,37,2024-10-06,
669,6,102,XUAT,1,2024-10-06,BH-001437/2024
670,6,175,XUAT,1,2024-10-06,BH-001836/2024
671,6,135,XUAT,1,2024-10-06,BH-001858/2024
672,6,111,XUAT,1,2024-10-06,BH-004476/2024
673,5,9,XUAT,1,2024-10-06,BH-004890/2024
674,1,92,XUAT,1,2024-10-06,BH-005152/2024
675,1,146,XUAT,1,2024-10-06,BH-005193/2024
676,6,73,XUAT,1,2024-10-06,BH-005880/2024
677,6,4,XUAT,1,2024-10-06,BH-006139/2024
678,3,73,NHAP,18,2024-10-07,
679,4,150,NHAP,5,2024-10-07,
680,5,2,NHAP,30,2024-10-07,
681,5,106,XUAT,1,2024-10-07,BH-000317/2024
682,1,147,XUAT,1,2024-10-07,BH-001444/2024
683,3,111,XUAT,2,2024-10-07,BH-002539/2024
684,5,103,XUAT,1,2024-10-07,BH-003083/2024
685,3,77,XUAT,1,2024-10-07,BH-004365/2024
686,4,86,XUAT,1,2024-10-07,BH-004658/2024
687,2,110,XUAT,1,2024-10-07,BH-005677/2024
688,2,48,XUAT,1,2024-10-07,BH-006017/2024
689,4,19,XUAT,1,2024-10-07,BH-006337/2024
690,1,85,NHAP,7,2024-10-08,
691,3,136,NHAP,4,2024-10-08,
692,4,83,NHAP,20,2024-10-08,
693,6,97,NHAP,32,2024-10-08,
694,6,106,NHAP,19,2024-10-08,
695,6,40,XUAT,1,2024-10-08,BH-000753/2024
696,4,102,XUAT,1,2024-10-08,BH-001863/2024
697,4,121,XUAT,1,2024-10-08,BH-002072/2024
698,2,117,XUAT,1,2024-10-08,BH-004229/2024
699,6,18,XUAT,1,2024-10-08,BH-007209/2024
700,2,139,XUAT,1,2024-10-08,BH-007748/2024
701,3,140,NHAP,12,2024-10-09,
702,4,74,NHAP,32,2024-10-09,
703,5,24,NHAP,10,2024-10-09,
704,6,9,NHAP,2,2024-10-09,
705,6,154,NHAP,14,2024-10-09,
706,6,162,NHAP,2,2024-10-09,
707,1,9,XUAT,1,2024-10-09,BH-005778/2024
708,1,110,XUAT,1,2024-10-09,BH-007581/2024
709,3,177,XUAT,1,2024-10-09,BH-007672/2024
710,1,101,XUAT,1,2024-10-09,BH-007690/2024
711,2,15,NHAP,13,2024-10-10,
712,2,59,NHAP,25,2024-10-10,
713,3,138,NHAP,14,2024-10-10,
714,6,159,NHAP,20,2024-10-10,
715,2,89,XUAT,1,2024-10-10,BH-001627/2024
716,4,174,XUAT,1,2024-10-10,BH-002077/2024
717,2,169,XUAT,1,2024-10-10,BH-003540/2024
718,3,66,XUAT,1,2024-10-10,BH-004000/2024
719,1,37,XUAT,1,2024-10-10,BH-005890/2024
720,2,17,XUAT,1,2024-10-10,BH-006270/2024
721,2,50,XUAT,1,2024-10-10,BH-006984/2024
722,1,14,NHAP,35,2024-10-11,
723,1,173,NHAP,30,2024-10-11,
724,2,23,NHAP,19,2024-10-11,
725,3,33,XUAT,1,2024-10-11,BH-000360/2024
726,6,40,XUAT,1,2024-10-11,BH-000574/2024
727,1,87,XUAT,1,2024-10-11,BH-001224/2024
728,5,5,XUAT,1,2024-10-11,BH-007239/2024
729,5,74,XUAT,1,2024-10-11,BH-007468/2024
730,1,83,NHAP,29,2024-10-12,
731,3,130,NHAP,10,2024-10-12,
732,4,8,NHAP,21,2024-10-12,
733,4,35,NHAP,40,2024-10-12,
734,2,159,XUAT,2,2024-10-12,BH-002159/2024
735,2,83,XUAT,2,2024-10-12,BH-002224/2024
736,5,167,XUAT,1,2024-10-12,BH-002460/2024
737,2,132,XUAT,1,2024-10-12,BH-003703/2024
738,4,70,XUAT,1,2024-10-12,BH-003949/2024
739,3,87,XUAT,1,2024-10-12,BH-004858/2024
740,2,122,XUAT,1,2024-10-12,BH-005212/2024
741,6,79,XUAT,1,2024-10-12,BH-005493/2024
742,6,73,XUAT,1,2024-10-12,BH-006012/2024
743,3,163,NHAP,38,2024-10-13,
744,4,143,NHAP,22,2024-10-13,
745,5,121,NHAP,26,2024-10-13,
746,6,65,NHAP,35,2024-10-13,
747,5,48,XUAT,1,2024-10-13,BH-002422/2024
748,4,118,XUAT,1,2024-10-13,BH-003081/2024
749,1,52,XUAT,1,2024-10-13,BH-006235/2024
750,3,23,XUAT,1,2024-10-13,BH-006459/2024
751,1,147,NHAP,27,2024-10-14,
752,6,5,NHAP,5,2024-10-14,
753,6,72,NHAP,5,2024-10-14,
754,6,129,NHAP,20,2024-10-14,
755,2,138,XUAT,1,2024-10-14,BH-002390/2024
756,1,90,XUAT,1,2024-10-14,BH-004991/2024
757,4,8,XUAT,1,2024-10-14,BH-005499/2024
758,4,29,XUAT,1,2024-10-14,BH-006396/2024
759,5,17,XUAT,1,2024-10-14,BH-006895/2024
760,4,126,NHAP,16,2024-10-15,
761,5,126,NHAP,14,2024-10-15,
762,5,138,NHAP,36,2024-10-15,
763,5,100,XUAT,1,2024-10-15,BH-002663/2024
764,5,67,XUAT,2,2024-10-15,BH-004659/2024
765,1,36,NHAP,4,2024-10-16,
766,1,61,NHAP,22,2024-10-16,
767,1,159,NHAP,23,2024-10-16,
768,3,137,NHAP,39,2024-10-16,
769,4,29,NHAP,17,2024-10-16,
770,6,19,NHAP,4,2024-10-16,
771,6,175,XUAT,1,2024-10-16,BH-000907/2024
772,1,94,XUAT,1,2024-10-16,BH-001600/2024
773,4,73,XUAT,1,2024-10-16,BH-002555/2024
774,2,69,XUAT,1,2024-10-16,BH-002795/2024
775,1,100,NHAP,13,2024-10-17,
776,2,92,NHAP,37,2024-10-17,
777,2,103,NHAP,19,2024-10-17,
778,5,54,NHAP,26,2024-10-17,
779,2,21,XUAT,1,2024-10-17,BH-000407/2024
780,6,87,XUAT,2,2024-10-17,BH-000438/2024
781,1,22,XUAT,1,2024-10-17,BH-001617/2024
782,2,53,XUAT,1,2024-10-17,BH-001807/2024
783,1,74,XUAT,1,2024-10-17,BH-007769/2024
784,1,88,NHAP,31,2024-10-18,
785,2,66,NHAP,3,2024-10-18,
786,4,27,NHAP,13,2024-10-18,
787,4,169,NHAP,19,2024-10-18,
788,4,115,XUAT,1,2024-10-18,BH-001055/2024
789,4,6,XUAT,1,2024-10-18,BH-003612/2024
790,4,133,XUAT,1,2024-10-18,BH-005199/2024
791,3,43,XUAT,1,2024-10-18,BH-005378/2024
792,1,3,XUAT,1,2024-10-18,BH-005406/2024
793,6,134,XUAT,1,2024-10-18,BH-005462/2024
794,4,149,XUAT,1,2024-10-18,BH-005922/2024
795,3,148,XUAT,1,2024-10-18,BH-006449/2024
796,6,150,XUAT,1,2024-10-18,BH-007097/2024
797,3,100,XUAT,1,2024-10-18,BH-007792/2024
798,2,151,NHAP,5,2024-10-19,
799,3,54,NHAP,20,2024-10-19,
800,3,177,NHAP,38,2024-10-19,
801,4,78,NHAP,35,2024-10-19,
802,4,100,NHAP,15,2024-10-19,
803,4,149,NHAP,10,2024-10-19,
804,6,105,NHAP,27,2024-10-19,
805,1,168,XUAT,1,2024-10-19,BH-004469/2024
806,4,74,XUAT,1,2024-10-19,BH-004492/2024
807,6,135,XUAT,1,2024-10-19,BH-005808/2024
808,1,62,XUAT,1,2024-10-19,BH-006361/2024
809,2,139,NHAP,23,2024-10-20,
810,3,26,NHAP,15,2024-10-20,
811,5,17,NHAP,13,2024-10-20,
812,5,112,NHAP,17,2024-10-20,
813,4,129,XUAT,1,2024-10-20,BH-000834/2024
814,6,149,XUAT,1,2024-10-20,BH-001301/2024
815,2,130,XUAT,1,2024-10-20,BH-001667/2024
816,4,74,XUAT,1,2024-10-20,BH-002485/2024
817,4,99,XUAT,1,2024-10-20,BH-002909/2024
818,4,117,XUAT,1,2024-10-20,BH-003314/2024
819,2,113,XUAT,1,2024-10-20,BH-003470/2024
820,4,107,XUAT,1,2024-10-20,BH-004271/2024
821,5,110,XUAT,1,2024-10-20,BH-006418/2024
822,6,87,XUAT,1,2024-10-20,BH-006561/2024
823,3,66,NHAP,22,2024-10-21,
824,3,135,XUAT,1,2024-10-21,BH-000431/2024
825,5,32,XUAT,1,2024-10-21,BH-001254/2024
826,6,146,XUAT,1,2024-10-21,BH-003502/2024
827,4,79,XUAT,1,2024-10-21,BH-003642/2024
828,2,19,XUAT,1,2024-10-21,BH-003978/2024
829,1,111,XUAT,1,2024-10-21,BH-005634/2024
830,4,28,XUAT,1,2024-10-21,BH-007013/2024
831,2,125,NHAP,2,2024-10-22,
832,3,33,NHAP,5,2024-10-22,
833,4,91,NHAP,29,2024-10-22,
834,5,171,NHAP,27,2024-10-22,
835,6,40,NHAP,40,2024-10-22,
836,6,60,NHAP,33,2024-10-22,
837,4,37,XUAT,1,2024-10-22,BH-000361/2024
838,2,27,XUAT,2,2024-10-22,BH-002031/2024
839,5,147,XUAT,1,2024-10-22,BH-003473/2024
840,1,75,XUAT,1,2024-10-22,BH-005520/2024
841,1,21,NHAP,18,2024-10-23,
842,1,90,NHAP,36,2024-10-23,
843,2,16,NHAP,29,2024-10-23,
844,2,172,NHAP,38,2024-10-23,
845,5,3,NHAP,13,2024-10-23,
846,5,93,NHAP,36,2024-10-23,
847,5,146,NHAP,28,2024-10-23,
848,3,108,XUAT,1,2024-10-23,BH-001873/2024
849,4,88,XUAT,1,2024-10-23,BH-003719/2024
850,3,45,XUAT,1,2024-10-23,BH-007437/2024
851,5,73,XUAT,2,2024-10-23,BH-007466/2024
852,2,96,NHAP,21,2024-10-24,
853,3,10,NHAP,5,2024-10-24,
854,4,64,NHAP,13,2024-10-24,
855,1,84,NHAP,3,2024-10-25,
856,1,145,NHAP,4,2024-10-25,
857,2,87,NHAP,6,2024-10-25,
858,2,122,NHAP,39,2024-10-25,
859,6,84,NHAP,29,2024-10-25,
860,6,135,NHAP,13,2024-10-25,
861,5,12,XUAT,1,2024-10-25,BH-000200/2024
862,6,154,XUAT,1,2024-10-25,BH-000547/2024
863,1,13,XUAT,1,2024-10-25,BH-001859/2024
864,2,67,XUAT,1,2024-10-25,BH-002297/2024
865,2,155,XUAT,1,2024-10-25,BH-003230/2024
866,6,178,XUAT,1,2024-10-25,BH-003855/2024
867,2,19,NHAP,22,2024-10-26,
868,2,165,NHAP,26,2024-10-26,
869,3,153,NHAP,40,2024-10-26,
870,4,53,NHAP,35,2024-10-26,
871,4,139,NHAP,5,2024-10-26,
872,6,91,NHAP,27,2024-10-26,
873,3,77,XUAT,1,2024-10-26,BH-000657/2024
874,3,15,XUAT,1,2024-10-26,BH-001180/2024
875,4,130,XUAT,1,2024-10-26,BH-002346/2024
876,1,83,XUAT,1,2024-10-26,BH-002750/2024
877,3,146,XUAT,1,2024-10-26,BH-003242/2024
878,1,50,NHAP,12,2024-10-27,
879,1,151,NHAP,4,2024-10-27,
880,5,63,NHAP,12,2024-10-27,
881,1,74,XUAT,1,2024-10-27,BH-001141/2024
882,4,136,XUAT,1,2024-10-27,BH-001304/2024
883,6,102,XUAT,1,2024-10-27,BH-002055/2024
884,4,63,XUAT,1,2024-10-27,BH-003302/2024
885,5,100,XUAT,1,2024-10-27,BH-004966/2024
886,3,12,XUAT,1,2024-10-27,BH-006058/2024
887,4,12,XUAT,1,2024-10-27,BH-006408/2024
888,5,162,XUAT,1,2024-10-27,BH-007142/2024
889,1,95,NHAP,39,2024-10-28,
890,2,27,NHAP,17,2024-10-28,
891,2,105,NHAP,15,2024-10-28,
892,2,108,NHAP,37,2024-10-28,
893,5,167,NHAP,8,2024-10-28,
894,5,169,NHAP,26,2024-10-28,
895,6,178,XUAT,1,2024-10-28,BH-003059/2024
896,1,136,XUAT,2,2024-10-28,BH-004109/2024
897,5,174,XUAT,1,2024-10-28,BH-004934/2024
898,5,46,XUAT,1,2024-10-28,BH-006835/2024
899,2,28,NHAP,39,2024-10-29,
900,2,89,NHAP,40,2024-10-29,
901,3,174,NHAP,4,2024-10-29,
902,4,22,NHAP,38,2024-10-29,
903,5,11,NHAP,31,2024-10-29,
904,2,66,XUAT,1,2024-10-29,BH-002328/2024
905,2,63,NHAP,24,2024-10-29,
906,3,87,XUAT,1,2024-10-29,BH-002425/2024
907,5,180,XUAT,2,2024-10-29,BH-002475/2024
908,1,145,XUAT,1,2024-10-29,BH-003948/2024
909,5,63,XUAT,1,2024-10-29,BH-006049/2024
910,6,66,XUAT,1,2024-10-29,BH-007338/2024
911,5,34,XUAT,1,2024-10-30,BH-001023/2024
912,1,16,XUAT,1,2024-10-30,BH-001065/2024
913,4,95,NHAP,5,2024-10-30,
914,3,25,XUAT,1,2024-10-30,BH-001946/2024
915,1,173,XUAT,1,2024-10-30,BH-004059/2024
916,2,74,XUAT,1,2024-10-30,BH-004531/2024
917,6,90,XUAT,1,2024-10-30,BH-006959/2024
918,2,26,XUAT,1,2024-10-31,BH-000995/2024
919,6,102,XUAT,1,2024-10-31,BH-001070/2024
920,6,27,NHAP,21,2024-10-31,
921,6,81,XUAT,1,2024-10-31,BH-002163/2024
922,3,43,XUAT,1,2024-10-31,BH-002559/2024
923,5,114,XUAT,1,2024-10-31,BH-002704/2024
924,4,28,XUAT,1,2024-10-31,BH-004332/2024
925,6,143,XUAT,1,2024-10-31,BH-004388/2024
926,4,6,XUAT,1,2024-10-31,BH-004565/2024
927,5,147,XUAT,1,2024-10-31,BH-005538/2024
928,5,63,NHAP,6,2024-10-31,
929,1,165,NHAP,24,2024-10-31,
930,3,119,XUAT,1,2024-11-01,BH-000549/2024
931,1,37,XUAT,1,2024-11-01,BH-000868/2024
932,1,92,XUAT,1,2024-11-01,BH-001683/2024
933,5,130,XUAT,1,2024-11-01,BH-002357/2024
934,3,68,XUAT,1,2024-11-01,BH-004898/2024
935,3,87,XUAT,2,2024-11-01,BH-005560/2024
936,6,76,XUAT,1,2024-11-01,BH-007522/2024
937,4,117,XUAT,1,2024-11-01,BH-007701/2024
938,3,155,XUAT,1,2024-11-02,BH-003981/2024
939,3,130,XUAT,1,2024-11-02,BH-004389/2024
940,1,23,XUAT,1,2024-11-03,BH-001793/2024
941,3,59,XUAT,1,2024-11-03,BH-003275/2024
942,1,46,NHAP,19,2024-11-03,
943,2,60,XUAT,1,2024-11-03,BH-005333/2024
944,6,10,XUAT,1,2024-11-03,BH-005690/2024
945,4,93,XUAT,1,2024-11-03,BH-006420/2024
946,6,17,XUAT,1,2024-11-04,BH-000038/2024
947,3,15,XUAT,1,2024-11-04,BH-001641/2024
948,6,54,XUAT,1,2024-11-04,BH-007255/2024
949,3,20,XUAT,1,2024-11-05,BH-000552/2024
950,4,124,XUAT,1,2024-11-05,BH-002383/2024
951,3,161,XUAT,1,2024-11-06,BH-001547/2024
952,6,109,XUAT,1,2024-11-06,BH-002212/2024
953,5,124,XUAT,1,2024-11-06,BH-003736/2024
954,6,87,XUAT,1,2024-11-06,BH-003988/2024
955,4,22,XUAT,1,2024-11-06,BH-005089/2024
956,2,45,XUAT,1,2024-11-06,BH-007617/2024
957,6,122,XUAT,1,2024-11-07,BH-001326/2024
958,6,66,XUAT,1,2024-11-07,BH-001785/2024
959,1,127,XUAT,1,2024-11-07,BH-001997/2024
960,1,81,XUAT,1,2024-11-07,BH-002999/2024
961,6,56,XUAT,1,2024-11-07,BH-005714/2024
962,2,163,XUAT,1,2024-11-07,BH-006069/2024
963,6,14,XUAT,1,2024-11-08,BH-000934/2024
964,5,28,XUAT,1,2024-11-08,BH-002363/2024
965,6,4,NHAP,11,2024-11-08,
966,3,39,XUAT,1,2024-11-08,BH-002717/2024
967,3,6,XUAT,1,2024-11-08,BH-003503/2024
968,4,102,XUAT,2,2024-11-08,BH-004013/2024
969,3,84,XUAT,1,2024-11-08,BH-006078/2024
970,1,155,XUAT,1,2024-11-08,BH-007111/2024
971,6,3,XUAT,1,2024-11-09,BH-000273/2024
972,6,22,XUAT,1,2024-11-09,BH-000558/2024
973,2,71,XUAT,1,2024-11-09,BH-002421/2024
974,1,42,XUAT,1,2024-11-09,BH-004041/2024
975,1,148,XUAT,1,2024-11-09,BH-005040/2024
976,4,174,XUAT,1,2024-11-10,BH-000653/2024
977,3,17,XUAT,2,2024-11-10,BH-000741/2024
978,6,73,XUAT,1,2024-11-10,BH-000884/2024
979,6,105,XUAT,1,2024-11-10,BH-001762/2024
980,2,56,XUAT,1,2024-11-10,BH-002894/2024
981,2,142,XUAT,1,2024-11-10,BH-004346/2024
982,5,93,XUAT,1,2024-11-10,BH-004630/2024
983,2,69,NHAP,27,2024-11-10,
984,1,129,XUAT,1,2024-11-10,BH-004887/2024
985,6,134,XUAT,1,2024-11-10,BH-007132/2024
986,1,41,XUAT,1,2024-11-10,BH-007673/2024
987,5,109,XUAT,1,2024-11-11,BH-000295/2024
988,1,92,XUAT,1,2024-11-11,BH-000559/2024
989,6,9,XUAT,1,2024-11-11,BH-002694/2024
990,4,123,XUAT,1,2024-11-11,BH-004960/2024
991,1,52,XUAT,1,2024-11-11,BH-005697/2024
992,2,62,XUAT,1,2024-11-12,BH-000197/2024
993,5,162,XUAT,1,2024-11-12,BH-000393/2024
994,4,116,XUAT,1,2024-11-12,BH-000607/2024
995,1,111,XUAT,1,2024-11-12,BH-000835/2024
996,3,168,XUAT,1,2024-11-12,BH-001982/2024
997,4,142,XUAT,2,2024-11-12,BH-002718/2024
998,5,51,XUAT,1,2024-11-12,BH-003192/2024
999,6,86,XUAT,1,2024-11-12,BH-004485/2024
1000,2,161,XUAT,1,2024-11-12,BH-005447/2024
1001,1,61,XUAT,1,2024-11-12,BH-005534/2024
1002,2,23,XUAT,1,2024-11-12,BH-006833/2024
1003,5,153,XUAT,2,2024-11-12,BH-007544/2024
1004,3,91,NHAP,19,2024-11-12,
1005,3,91,XUAT,1,2024-11-13,BH-000910/2024
1006,6,61,XUAT,1,2024-11-13,BH-003588/2024
1007,2,56,XUAT,1,2024-11-13,BH-004194/2024
1008,2,56,XUAT,1,2024-11-13,BH-004466/2024
1009,2,109,XUAT,1,2024-11-13,BH-005474/2024
1010,5,179,NHAP,14,2024-11-13,
1011,5,92,XUAT,2,2024-11-13,BH-007187/2024
1012,2,155,XUAT,1,2024-11-14,BH-000647/2024
1013,3,156,NHAP,27,2024-11-14,
1014,5,14,XUAT,1,2024-11-14,BH-001926/2024
1015,4,60,XUAT,1,2024-11-14,BH-002657/2024
1016,5,151,XUAT,1,2024-11-14,BH-002827/2024
1017,6,160,XUAT,1,2024-11-14,BH-004930/2024
1018,2,45,XUAT,1,2024-11-14,BH-006980/2024
1019,4,81,XUAT,1,2024-11-14,BH-007152/2024
1020,6,150,XUAT,1,2024-11-15,BH-000900/2024
1021,4,132,XUAT,1,2024-11-15,BH-001215/2024
1022,6,143,XUAT,1,2024-11-15,BH-001366/2024
1023,1,164,XUAT,1,2024-11-15,BH-002916/2024
1024,4,151,XUAT,1,2024-11-15,BH-005095/2024
1025,6,73,XUAT,1,2024-11-15,BH-006860/2024
1026,5,142,XUAT,1,2024-11-15,BH-007407/2024
1027,4,14,XUAT,1,2024-11-16,BH-002158/2024
1028,4,93,XUAT,1,2024-11-16,BH-002850/2024
1029,6,117,XUAT,1,2024-11-16,BH-003373/2024
1030,5,10,XUAT,1,2024-11-16,BH-004261/2024
1031,2,68,XUAT,1,2024-11-16,BH-004431/2024
1032,2,13,XUAT,1,2024-11-16,BH-006788/2024
1033,5,127,XUAT,1,2024-11-17,BH-002369/2024
1034,2,13,XUAT,1,2024-11-17,BH-003135/2024
1035,1,153,XUAT,1,2024-11-17,BH-006491/2024
1036,5,12,XUAT,1,2024-11-17,BH-006531/2024
1037,5,23,XUAT,1,2024-11-17,BH-006896/2024
1038,1,174,XUAT,1,2024-11-17,BH-007784/2024
1039,3,163,XUAT,1,2024-11-18,BH-000445/2024
1040,1,3,XUAT,1,2024-11-18,BH-000844/2024
1041,3,10,XUAT,1,2024-11-18,BH-001559/2024
1042,1,14,XUAT,1,2024-11-18,BH-001694/2024
1043,1,55,XUAT,1,2024-11-18,BH-002190/2024
1044,5,9,XUAT,1,2024-11-18,BH-003362/2024
1045,1,54,XUAT,1,2024-11-18,BH-003932/2024
1046,2,11,XUAT,1,2024-11-18,BH-004394/2024
1047,1,161,XUAT,1,2024-11-18,BH-007512/2024
1048,5,110,XUAT,1,2024-11-19,BH-002767/2024
1049,5,29,NHAP,17,2024-11-19,
1050,3,177,XUAT,1,2024-11-19,BH-007272/2024
1051,6,150,XUAT,1,2024-11-19,BH-007643/2024
1052,4,164,XUAT,1,2024-11-20,BH-000788/2024
1053,2,168,XUAT,1,2024-11-20,BH-002476/2024
1054,4,19,XUAT,2,2024-11-20,BH-003330/2024
1055,3,129,XUAT,1,2024-11-20,BH-003363/2024
1056,3,11,XUAT,1,2024-11-20,BH-004679/2024
1057,6,29,XUAT,1,2024-11-20,BH-006938/2024
1058,6,129,XUAT,1,2024-11-21,BH-000339/2024
1059,2,151,XUAT,1,2024-11-21,BH-002284/2024
1060,4,30,XUAT,1,2024-11-21,BH-005691/2024
1061,4,92,XUAT,1,2024-11-21,BH-005716/2024
1062,1,168,XUAT,1,2024-11-22,BH-000510/2024
1063,5,126,XUAT,1,2024-11-22,BH-001369/2024
1064,4,180,XUAT,1,2024-11-22,BH-006792/2024
1065,4,180,XUAT,1,2024-11-23,BH-001631/2024
1066,3,27,XUAT,1,2024-11-23,BH-001709/2024
1067,2,131,XUAT,1,2024-11-23,BH-001745/2024
1068,3,81,XUAT,1,2024-11-23,BH-002325/2024
1069,6,2,XUAT,2,2024-11-23,BH-005491/2024
1070,6,79,XUAT,1,2024-11-23,BH-006023/2024
1071,4,171,NHAP,19,2024-11-24,
1072,5,99,XUAT,1,2024-11-24,BH-001474/2024
1073,3,129,XUAT,1,2024-11-24,BH-001574/2024
1074,3,140,XUAT,1,2024-11-24,BH-001895/2024
1075,2,99,XUAT,1,2024-11-24,BH-002452/2024
1076,4,27,XUAT,1,2024-11-24,BH-007670/2024
1077,2,37,XUAT,1,2024-11-24,BH-007757/2024
1078,4,152,XUAT,1,2024-11-25,BH-000682/2024
1079,1,129,XUAT,1,2024-11-25,BH-003003/2024
1080,2,108,XUAT,1,2024-11-25,BH-004119/2024
1081,4,85,XUAT,1,2024-11-25,BH-005185/2024
1082,3,135,XUAT,1,2024-11-25,BH-005869/2024
1083,2,49,XUAT,1,2024-11-25,BH-006095/2024
1084,1,123,NHAP,19,2024-11-26,
1085,1,12,XUAT,1,2024-11-26,BH-002936/2024
1086,1,13,XUAT,1,2024-11-26,BH-003635/2024
1087,2,29,XUAT,1,2024-11-26,BH-005002/2024
1088,5,155,XUAT,1,2024-11-26,BH-005100/2024
1089,3,102,XUAT,1,2024-11-26,BH-005841/2024
1090,5,142,XUAT,1,2024-11-26,BH-005931/2024
1091,3,37,XUAT,1,2024-11-26,BH-006027/2024
1092,3,45,XUAT,1,2024-11-26,BH-006028/2024
1093,5,169,XUAT,1,2024-11-26,BH-007102/2024
1094,3,19,XUAT,1,2024-11-26,BH-007520/2024
1095,6,66,XUAT,1,2024-11-27,BH-000706/2024
1096,2,147,XUAT,1,2024-11-27,BH-001150/2024
1097,1,37,XUAT,1,2024-11-27,BH-001715/2024
1098,4,16,XUAT,2,2024-11-27,BH-002323/2024
1099,1,159,XUAT,1,2024-11-27,BH-002584/2024
1100,1,165,XUAT,1,2024-11-27,BH-004455/2024
1101,6,76,XUAT,1,2024-11-27,BH-005127/2024
1102,4,70,NHAP,8,2024-11-27,
1103,5,87,XUAT,1,2024-11-27,BH-006878/2024
1104,4,164,XUAT,1,2024-11-27,BH-007564/2024
1105,5,39,XUAT,1,2024-11-28,BH-003472/2024
1106,2,155,XUAT,1,2024-11-28,BH-005352/2024
1107,5,157,NHAP,28,2024-11-28,
1108,4,23,XUAT,1,2024-11-29,BH-000796/2024
1109,3,94,XUAT,1,2024-11-29,BH-000924/2024
1110,5,24,XUAT,1,2024-11-29,BH-004478/2024
1111,4,142,XUAT,1,2024-11-29,BH-006206/2024
1112,1,153,XUAT,1,2024-11-29,BH-006864/2024
1113,3,68,XUAT,1,2024-11-29,BH-006966/2024
1114,1,161,XUAT,1,2024-11-30,BH-000302/2024
1115,4,22,XUAT,1,2024-11-30,BH-003051/2024
1116,3,135,XUAT,2,2024-11-30,BH-003145/2024
1117,1,146,XUAT,1,2024-11-30,BH-007606/2024
1118,1,126,XUAT,1,2024-11-30,BH-007767/2024
1119,5,87,XUAT,1,2024-12-01,BH-001113/2024
1120,4,64,XUAT,1,2024-12-01,BH-003549/2024
1121,3,39,XUAT,1,2024-12-01,BH-004450/2024
1122,1,144,XUAT,1,2024-12-01,BH-006006/2024
1123,5,166,XUAT,1,2024-12-01,BH-006404/2024
1124,4,107,XUAT,1,2024-12-02,BH-002307/2024
1125,4,115,XUAT,1,2024-12-02,BH-002509/2024
1126,2,163,XUAT,1,2024-12-02,BH-002905/2024
1127,6,135,XUAT,1,2024-12-02,BH-003930/2024
1128,3,137,XUAT,1,2024-12-02,BH-005250/2024
1129,5,78,NHAP,8,2024-12-02,
1130,4,116,XUAT,1,2024-12-02,BH-006002/2024
1131,1,50,XUAT,1,2024-12-02,BH-006714/2024
1132,5,11,NHAP,15,2024-12-03,
1133,4,129,XUAT,1,2024-12-03,BH-002122/2024
1134,4,162,NHAP,14,2024-12-03,
1135,3,99,XUAT,1,2024-12-03,BH-003909/2024
1136,1,58,XUAT,1,2024-12-03,BH-005145/2024
1137,1,6,NHAP,21,2024-12-04,
1138,5,138,XUAT,1,2024-12-04,BH-001670/2024
1139,3,26,XUAT,1,2024-12-04,BH-002732/2024
1140,3,39,XUAT,1,2024-12-04,BH-004036/2024
1141,3,27,XUAT,1,2024-12-04,BH-004507/2024
1142,3,28,XUAT,2,2024-12-04,BH-006729/2024
1143,4,174,XUAT,1,2024-12-04,BH-007465/2024
1144,4,125,XUAT,1,2024-12-05,BH-000235/2024
1145,3,54,XUAT,1,2024-12-05,BH-003323/2024
1146,1,142,XUAT,1,2024-12-05,BH-003572/2024
1147,4,164,XUAT,1,2024-12-05,BH-006066/2024
1148,6,87,XUAT,1,2024-12-06,BH-002730/2024
1149,1,111,XUAT,1,2024-12-06,BH-003468/2024
1150,2,1,XUAT,1,2024-12-07,BH-000373/2024
1151,1,43,XUAT,1,2024-12-07,BH-002623/2024
1152,6,90,XUAT,1,2024-12-07,BH-004264/2024
1153,6,84,XUAT,1,2024-12-07,BH-005968/2024
1154,6,149,XUAT,1,2024-12-07,BH-006374/2024
1155,2,113,XUAT,1,2024-12-08,BH-000350/2024
1156,4,66,XUAT,1,2024-12-08,BH-000736/2024
1157,5,88,XUAT,1,2024-12-08,BH-002317/2024
1158,5,125,XUAT,1,2024-12-08,BH-002861/2024
1159,2,4,XUAT,2,2024-12-08,BH-003019/2024
1160,4,9,XUAT,1,2024-12-08,BH-006767/2024
1161,1,42,XUAT,2,2024-12-09,BH-000054/2024
1162,4,48,XUAT,1,2024-12-09,BH-000324/2024
1163,3,123,XUAT,1,2024-12-09,BH-000371/2024
1164,4,22,XUAT,1,2024-12-09,BH-000679/2024
1165,5,141,XUAT,1,2024-12-09,BH-000827/2024
1166,2,88,XUAT,1,2024-12-09,BH-001117/2024
1167,5,77,XUAT,1,2024-12-09,BH-001943/2024
1168,2,99,XUAT,1,2024-12-09,BH-002343/2024
1169,1,115,XUAT,1,2024-12-09,BH-003329/2024
1170,1,127,XUAT,1,2024-12-09,BH-004771/2024
1171,3,53,XUAT,1,2024-12-09,BH-006909/2024
1172,3,82,NHAP,8,2024-12-10,
1173,3,158,XUAT,1,2024-12-10,BH-002518/2024
1174,4,79,XUAT,1,2024-12-11,BH-000702/2024
1175,2,28,XUAT,1,2024-12-11,BH-001169/2024
1176,1,30,XUAT,1,2024-12-11,BH-002432/2024
1177,5,140,XUAT,1,2024-12-11,BH-005630/2024
1178,3,171,XUAT,1,2024-12-11,BH-006838/2024
1179,6,116,XUAT,2,2024-12-11,BH-006858/2024
1180,2,4,NHAP,29,2024-12-12,
1181,1,132,XUAT,1,2024-12-12,BH-001596/2024
1182,1,132,XUAT,1,2024-12-12,BH-002210/2024
1183,5,107,XUAT,1,2024-12-12,BH-004057/2024
1184,5,34,XUAT,1,2024-12-12,BH-006164/2024
1185,5,145,XUAT,1,2024-12-12,BH-007205/2024
1186,5,42,XUAT,1,2024-12-13,BH-003969/2024
1187,2,115,XUAT,1,2024-12-13,BH-004486/2024
1188,4,34,XUAT,1,2024-12-13,BH-005601/2024
1189,4,71,XUAT,1,2024-12-14,BH-002286/2024
1190,5,51,XUAT,1,2024-12-14,BH-003881/2024
1191,4,176,XUAT,1,2024-12-14,BH-004583/2024
1192,6,72,XUAT,1,2024-12-14,BH-005269/2024
1193,3,43,XUAT,1,2024-12-14,BH-005820/2024
1194,6,97,XUAT,1,2024-12-14,BH-006173/2024
1195,4,149,XUAT,1,2024-12-14,BH-007153/2024
1196,5,145,XUAT,1,2024-12-14,BH-007259/2024
1197,3,28,XUAT,1,2024-12-15,BH-000644/2024
1198,4,102,XUAT,1,2024-12-15,BH-001082/2024
1199,3,102,XUAT,1,2024-12-15,BH-001220/2024
1200,4,142,XUAT,2,2024-12-15,BH-002262/2024
1201,2,23,XUAT,1,2024-12-15,BH-003974/2024
1202,4,109,XUAT,1,2024-12-15,BH-004559/2024
1203,3,30,XUAT,1,2024-12-15,BH-005198/2024
1204,3,104,XUAT,1,2024-12-15,BH-005326/2024
1205,1,125,XUAT,1,2024-12-15,BH-006811/2024
1206,3,112,XUAT,1,2024-12-16,BH-000107/2024
1207,2,92,XUAT,1,2024-12-16,BH-000952/2024
1208,5,47,XUAT,1,2024-12-16,BH-002866/2024
1209,6,146,XUAT,1,2024-12-16,BH-003128/2024
1210,1,30,XUAT,1,2024-12-16,BH-003407/2024
1211,1,111,XUAT,1,2024-12-16,BH-004136/2024
1212,6,18,XUAT,1,2024-12-16,BH-005005/2024
1213,3,38,XUAT,1,2024-12-16,BH-005161/2024
1214,6,39,XUAT,1,2024-12-16,BH-006946/2024
1215,6,18,NHAP,20,2024-12-16,
1216,6,148,XUAT,1,2024-12-17,BH-000209/2024
1217,5,22,XUAT,1,2024-12-17,BH-000722/2024
1218,3,158,XUAT,1,2024-12-17,BH-000735/2024
1219,2,89,XUAT,1,2024-12-17,BH-001720/2024
1220,4,175,XUAT,1,2024-12-17,BH-002091/2024
1221,1,99,XUAT,1,2024-12-17,BH-003243/2024
1222,1,134,XUAT,1,2024-12-17,BH-006466/2024
1223,3,148,XUAT,2,2024-12-17,BH-007449/2024
1224,6,53,XUAT,1,2024-12-18,BH-000064/2024
1225,6,170,XUAT,1,2024-12-18,BH-000173/2024
1226,6,50,XUAT,1,2024-12-18,BH-001015/2024
1227,1,85,XUAT,1,2024-12-18,BH-003098/2024
1228,6,19,XUAT,1,2024-12-18,BH-003152/2024
1229,5,47,XUAT,1,2024-12-18,BH-003904/2024
1230,1,16,XUAT,1,2024-12-18,BH-004835/2024
1231,2,15,XUAT,1,2024-12-19,BH-001157/2024
1232,2,90,XUAT,1,2024-12-19,BH-001874/2024
1233,4,79,XUAT,1,2024-12-19,BH-003367/2024
1234,5,153,XUAT,1,2024-12-19,BH-004107/2024
1235,1,166,XUAT,1,2024-12-19,BH-004542/2024
1236,2,22,XUAT,1,2024-12-19,BH-005101/2024
1237,5,23,XUAT,1,2024-12-19,BH-005213/2024
1238,4,32,XUAT,1,2024-12-19,BH-006487/2024
1239,4,99,XUAT,1,2024-12-19,BH-007527/2024
1240,5,146,XUAT,1,2024-12-20,BH-000010/2024
1241,1,81,XUAT,1,2024-12-20,BH-000261/2024
1242,5,44,XUAT,1,2024-12-20,BH-001613/2024
1243,5,99,XUAT,1,2024-12-20,BH-001867/2024
1244,6,144,XUAT,1,2024-12-20,BH-002932/2024
1245,4,121,XUAT,1,2024-12-20,BH-003526/2024
1246,5,19,XUAT,1,2024-12-20,BH-003581/2024
1247,6,104,NHAP,30,2024-12-20,
1248,1,166,XUAT,1,2024-12-20,BH-005048/2024
1249,6,109,XUAT,1,2024-12-20,BH-005651/2024
1250,6,150,XUAT,1,2024-12-20,BH-006351/2024
1251,4,148,XUAT,1,2024-12-20,BH-006417/2024
1252,6,127,XUAT,1,2024-12-20,BH-006673/2024
1253,1,152,XUAT,1,2024-12-21,BH-000911/2024
1254,6,54,XUAT,1,2024-12-21,BH-005051/2024
1255,3,81,NHAP,23,2024-12-21,
1256,6,22,XUAT,1,2024-12-21,BH-007256/2024
1257,5,155,XUAT,1,2024-12-21,BH-007467/2024
1258,5,5,XUAT,1,2024-12-22,BH-001536/2024
1259,6,31,XUAT,1,2024-12-22,BH-001920/2024
1260,2,3,XUAT,1,2024-12-22,BH-002359/2024
1261,1,147,XUAT,1,2024-12-22,BH-002853/2024
1262,4,55,XUAT,1,2024-12-22,BH-007353/2024
1263,3,131,XUAT,1,2024-12-23,BH-000057/2024
1264,5,121,XUAT,1,2024-12-23,BH-000742/2024
1265,6,37,XUAT,1,2024-12-23,BH-002099/2024
1266,3,155,XUAT,1,2024-12-23,BH-002260/2024
1267,3,62,XUAT,1,2024-12-23,BH-002402/2024
1268,2,67,XUAT,1,2024-12-23,BH-003446/2024
1269,4,81,XUAT,1,2024-12-23,BH-005978/2024
1270,2,169,XUAT,2,2024-12-23,BH-006644/2024
1271,6,37,NHAP,19,2024-12-24,
1272,3,77,XUAT,1,2024-12-24,BH-001343/2024
1273,3,122,XUAT,1,2024-12-24,BH-004275/2024
1274,3,165,XUAT,1,2024-12-25,BH-002152/2024
1275,5,24,XUAT,1,2024-12-25,BH-003341/2024
1276,5,24,XUAT,1,2024-12-25,BH-003615/2024
1277,3,140,XUAT,1,2024-12-25,BH-003688/2024
1278,5,142,XUAT,1,2024-12-25,BH-003913/2024
1279,6,79,NHAP,7,2024-12-25,
1280,3,11,XUAT,1,2024-12-25,BH-005501/2024
1281,2,103,XUAT,1,2024-12-25,BH-005958/2024
1282,1,21,XUAT,1,2024-12-25,BH-006158/2024
1283,2,32,XUAT,1,2024-12-25,BH-006226/2024
1284,1,18,XUAT,1,2024-12-25,BH-006627/2024
1285,5,153,XUAT,1,2024-12-25,BH-007362/2024
1286,2,110,XUAT,1,2024-12-25,BH-007507/2024
1287,5,43,XUAT,1,2024-12-26,BH-001228/2024
1288,1,21,XUAT,1,2024-12-26,BH-002334/2024
1289,1,63,XUAT,1,2024-12-26,BH-002463/2024
1290,1,43,XUAT,1,2024-12-26,BH-003071/2024
1291,1,101,XUAT,1,2024-12-26,BH-003764/2024
1292,3,71,XUAT,1,2024-12-26,BH-003777/2024
1293,1,84,XUAT,1,2024-12-27,BH-000079/2024
1294,6,100,XUAT,1,2024-12-27,BH-001879/2024
1295,1,62,XUAT,1,2024-12-27,BH-002469/2024
1296,1,35,NHAP,19,2024-12-27,
1297,3,137,XUAT,1,2024-12-27,BH-005422/2024
1298,5,54,XUAT,1,2024-12-28,BH-000885/2024
1299,4,174,XUAT,1,2024-12-28,BH-003139/2024
1300,3,158,XUAT,1,2024-12-28,BH-003421/2024
1301,1,120,XUAT,1,2024-12-28,BH-005313/2024
1302,1,150,XUAT,2,2024-12-28,BH-006887/2024
1303,3,153,XUAT,1,2024-12-28,BH-007055/2024
1304,2,171,XUAT,1,2024-12-28,BH-007425/2024
1305,3,161,XUAT,2,2024-12-29,BH-000505/2024
1306,3,157,XUAT,1,2024-12-29,BH-001660/2024
1307,6,135,XUAT,1,2024-12-29,BH-003176/2024
1308,3,62,XUAT,1,2024-12-29,BH-005927/2024
1309,1,179,XUAT,1,2024-12-29,BH-006866/2024
1310,3,129,XUAT,1,2024-12-30,BH-001295/2024
1311,4,68,XUAT,1,2024-12-30,BH-002166/2024
1312,2,147,XUAT,1,2024-12-30,BH-002839/2024
1313,3,88,XUAT,1,2024-12-30,BH-004437/2024
1314,2,163,XUAT,1,2024-12-30,BH-006363/2024
1315,1,158,XUAT,1,2024-12-30,BH-007149/2024
1316,1,14,XUAT,1,2024-12-31,BH-001818/2024
1317,6,109,XUAT,1,2024-12-31,BH-001831/2024
1318,1,46,XUAT,1,2024-12-31,BH-005176/2024
1319,3,43,XUAT,2,2024-12-31,BH-006927/2024
1320,2,147,XUAT,2,2025-01-01,BH-002187/2025
1321,2,174,XUAT,1,2025-01-01,BH-003666/2025
1322,4,48,XUAT,1,2025-01-01,BH-004121/2025
1323,3,8,XUAT,1,2025-01-01,BH-005850/2025
1324,6,170,XUAT,1,2025-01-01,BH-006972/2025
1325,6,18,XUAT,1,2025-01-01,BH-007121/2025
1326,6,26,XUAT,1,2025-01-02,BH-000111/2025
1327,1,20,XUAT,1,2025-01-02,BH-001029/2025
1328,5,34,XUAT,1,2025-01-02,BH-003014/2025
1329,2,53,XUAT,1,2025-01-02,BH-003696/2025
1330,1,141,XUAT,1,2025-01-02,BH-003805/2025
1331,3,177,XUAT,1,2025-01-02,BH-005439/2025
1332,4,64,XUAT,1,2025-01-02,BH-006041/2025
1333,6,17,XUAT,2,2025-01-02,BH-007104/2025
1334,5,141,XUAT,2,2025-01-03,BH-000284/2025
1335,5,18,NHAP,5,2025-01-03,
1336,4,17,XUAT,2,2025-01-03,BH-001614/2025
1337,5,22,XUAT,1,2025-01-03,BH-002214/2025
1338,5,8,XUAT,1,2025-01-04,BH-000043/2025
1339,3,83,XUAT,1,2025-01-04,BH-000727/2025
1340,3,112,XUAT,1,2025-01-04,BH-002991/2025
1341,2,131,XUAT,1,2025-01-04,BH-003238/2025
1342,5,126,XUAT,1,2025-01-04,BH-003617/2025
1343,6,26,XUAT,1,2025-01-04,BH-003645/2025
1344,5,22,XUAT,1,2025-01-04,BH-003924/2025
1345,4,105,XUAT,1,2025-01-04,BH-004164/2025
1346,3,22,XUAT,2,2025-01-04,BH-004646/2025
1347,3,99,NHAP,28,2025-01-04,
1348,2,39,XUAT,1,2025-01-04,BH-004994/2025
1349,1,46,XUAT,1,2025-01-04,BH-006091/2025
1350,2,45,XUAT,1,2025-01-05,BH-001463/2025
1351,2,169,XUAT,1,2025-01-05,BH-002162/2025
1352,2,2,XUAT,1,2025-01-05,BH-002899/2025
1353,3,140,XUAT,1,2025-01-05,BH-003912/2025
1354,2,122,XUAT,1,2025-01-05,BH-006944/2025
1355,3,37,XUAT,1,2025-01-06,BH-001578/2025
1356,4,86,XUAT,1,2025-01-06,BH-002580/2025
1357,4,109,XUAT,1,2025-01-06,BH-004722/2025
1358,2,18,XUAT,1,2025-01-06,BH-005789/2025
1359,1,150,NHAP,11,2025-01-07,
1360,6,102,XUAT,1,2025-01-07,BH-000704/2025
1361,5,155,XUAT,1,2025-01-07,BH-001527/2025
1362,1,85,XUAT,1,2025-01-07,BH-003907/2025
1363,4,124,XUAT,1,2025-01-07,BH-005120/2025
1364,3,58,NHAP,28,2025-01-07,
1365,4,76,XUAT,1,2025-01-08,BH-001257/2025
1366,1,146,NHAP,11,2025-01-08,
1367,6,39,XUAT,1,2025-01-08,BH-001713/2025
1368,4,4,XUAT,1,2025-01-08,BH-001978/2025
1369,4,165,XUAT,1,2025-01-08,BH-002535/2025
1370,6,11,XUAT,1,2025-01-09,BH-000091/2025
1371,6,175,XUAT,1,2025-01-09,BH-000756/2025
1372,5,28,XUAT,1,2025-01-09,BH-000971/2025
1373,2,70,XUAT,1,2025-01-09,BH-002010/2025
1374,6,70,XUAT,1,2025-01-09,BH-002104/2025
1375,5,112,XUAT,1,2025-01-09,BH-002275/2025
1376,2,63,XUAT,1,2025-01-09,BH-002618/2025
1377,1,129,XUAT,1,2025-01-09,BH-005614/2025
1378,6,143,XUAT,1,2025-01-09,BH-006475/2025
1379,3,71,NHAP,30,2025-01-09,
1380,5,176,NHAP,12,2025-01-10,
1381,5,124,XUAT,1,2025-01-10,BH-000666/2025
1382,5,1,XUAT,1,2025-01-10,BH-001638/2025
1383,2,73,XUAT,1,2025-01-10,BH-005490/2025
1384,1,20,XUAT,1,2025-01-10,BH-005613/2025
1385,6,9,XUAT,1,2025-01-10,BH-005693/2025
1386,5,73,NHAP,14,2025-01-10,
1387,6,88,XUAT,1,2025-01-10,BH-007589/2025
1388,2,142,XUAT,1,2025-01-10,BH-007708/2025
1389,1,178,XUAT,1,2025-01-11,BH-002118/2025
1390,6,54,XUAT,1,2025-01-11,BH-002740/2025
1391,6,29,XUAT,1,2025-01-11,BH-003997/2025
1392,3,23,XUAT,1,2025-01-12,BH-006177/2025
1393,3,17,XUAT,1,2025-01-12,BH-007308/2025
1394,1,167,XUAT,1,2025-01-13,BH-002362/2025
1395,2,8,XUAT,1,2025-01-13,BH-004886/2025
1396,6,92,XUAT,1,2025-01-13,BH-007440/2025
1397,4,29,XUAT,2,2025-01-14,BH-000219/2025
1398,2,52,XUAT,1,2025-01-14,BH-001256/2025
1399,6,159,XUAT,1,2025-01-14,BH-002034/2025
1400,1,166,XUAT,2,2025-01-14,BH-002283/2025
1401,3,177,XUAT,1,2025-01-14,BH-003231/2025
1402,2,131,XUAT,1,2025-01-14,BH-003450/2025
1403,6,178,XUAT,1,2025-01-15,BH-001765/2025
1404,2,149,XUAT,1,2025-01-15,BH-003397/2025
1405,6,81,XUAT,1,2025-01-15,BH-003778/2025
1406,1,153,XUAT,1,2025-01-15,BH-004104/2025
1407,4,48,XUAT,1,2025-01-15,BH-004950/2025
1408,1,13,XUAT,1,2025-01-15,BH-006983/2025
1409,1,74,XUAT,1,2025-01-15,BH-007334/2025
1410,6,133,XUAT,1,2025-01-15,BH-007736/2025
1411,1,45,XUAT,1,2025-01-16,BH-005976/2025
1412,5,107,XUAT,1,2025-01-16,BH-007414/2025
1413,6,124,XUAT,1,2025-01-16,BH-007626/2025
1414,5,133,XUAT,1,2025-01-17,BH-000491/2025
1415,5,147,XUAT,1,2025-01-17,BH-001255/2025
1416,1,176,XUAT,2,2025-01-17,BH-001566/2025
1417,4,27,XUAT,1,2025-01-17,BH-001737/2025
1418,5,24,XUAT,1,2025-01-17,BH-004347/2025
1419,2,64,XUAT,1,2025-01-17,BH-005225/2025
1420,1,134,XUAT,1,2025-01-17,BH-005580/2025
1421,6,61,XUAT,1,2025-01-17,BH-006658/2025
1422,1,92,XUAT,1,2025-01-18,BH-005530/2025
1423,4,29,XUAT,1,2025-01-18,BH-006262/2025
1424,1,24,XUAT,1,2025-01-18,BH-007072/2025
1425,4,116,XUAT,1,2025-01-19,BH-000389/2025
1426,6,22,XUAT,1,2025-01-19,BH-001798/2025
1427,4,27,XUAT,1,2025-01-19,BH-005034/2025
1428,1,164,XUAT,1,2025-01-19,BH-005994/2025
1429,5,107,XUAT,1,2025-01-19,BH-006397/2025
1430,6,91,XUAT,1,2025-01-19,BH-007374/2025
1431,2,19,XUAT,1,2025-01-19,BH-007485/2025
1432,6,104,XUAT,1,2025-01-19,BH-007498/2025
1433,2,178,XUAT,1,2025-01-20,BH-000206/2025
1434,6,151,XUAT,1,2025-01-20,BH-002414/2025
1435,4,174,XUAT,1,2025-01-20,BH-002552/2025
1436,2,166,XUAT,1,2025-01-20,BH-002624/2025
1437,1,144,XUAT,1,2025-01-20,BH-002880/2025
1438,4,150,XUAT,1,2025-01-20,BH-004368/2025
1439,2,86,XUAT,1,2025-01-20,BH-005228/2025
1440,2,165,XUAT,1,2025-01-20,BH-007738/2025
1441,3,180,NHAP,28,2025-01-21,
1442,6,150,XUAT,2,2025-01-21,BH-003796/2025
1443,1,14,XUAT,2,2025-01-21,BH-004157/2025
1444,3,128,XUAT,2,2025-01-21,BH-004990/2025
1445,5,98,XUAT,2,2025-01-21,BH-005167/2025
1446,6,170,XUAT,1,2025-01-21,BH-006103/2025
1447,3,39,XUAT,1,2025-01-22,BH-001074/2025
1448,4,125,XUAT,1,2025-01-22,BH-002379/2025
1449,6,122,XUAT,1,2025-01-22,BH-003023/2025
1450,5,152,XUAT,1,2025-01-22,BH-003203/2025
1451,4,14,NHAP,28,2025-01-22,
1452,5,128,XUAT,1,2025-01-22,BH-007592/2025
1453,4,41,XUAT,1,2025-01-23,BH-003602/2025
1454,4,86,XUAT,1,2025-01-23,BH-004523/2025
1455,6,150,XUAT,1,2025-01-23,BH-004937/2025
1456,6,90,XUAT,1,2025-01-23,BH-005960/2025
1457,1,155,XUAT,1,2025-01-23,BH-007059/2025
1458,6,63,XUAT,1,2025-01-24,BH-000124/2025
1459,4,32,XUAT,1,2025-01-24,BH-000712/2025
1460,5,162,XUAT,1,2025-01-24,BH-001717/2025
1461,1,18,XUAT,1,2025-01-24,BH-003300/2025
1462,4,22,XUAT,1,2025-01-24,BH-003447/2025
1463,4,30,NHAP,21,2025-01-24,
1464,2,138,XUAT,1,2025-01-24,BH-003828/2025
1465,6,76,XUAT,1,2025-01-24,BH-004949/2025
1466,2,103,XUAT,1,2025-01-24,BH-005277/2025
1467,3,123,XUAT,1,2025-01-24,BH-005641/2025
1468,5,166,XUAT,1,2025-01-24,BH-005891/2025
1469,1,80,XUAT,1,2025-01-24,BH-006019/2025
1470,2,1,XUAT,2,2025-01-24,BH-007309/2025
1471,2,4,XUAT,1,2025-01-25,BH-001778/2025
1472,3,130,XUAT,1,2025-01-25,BH-001884/2025
1473,2,94,XUAT,1,2025-01-25,BH-002008/2025
1474,2,163,NHAP,15,2025-01-25,
1475,3,53,XUAT,1,2025-01-25,BH-003600/2025
1476,6,67,XUAT,1,2025-01-25,BH-004140/2025
1477,5,111,XUAT,1,2025-01-25,BH-004370/2025
1478,5,112,XUAT,1,2025-01-25,BH-004857/2025
1479,1,16,XUAT,2,2025-01-25,BH-006667/2025
1480,2,147,XUAT,1,2025-01-25,BH-006832/2025
1481,6,129,XUAT,1,2025-01-26,BH-002553/2025
1482,1,36,XUAT,2,2025-01-26,BH-003351/2025
1483,3,149,NHAP,29,2025-01-26,
1484,1,166,XUAT,1,2025-01-26,BH-005114/2025
1485,6,29,XUAT,1,2025-01-26,BH-007273/2025
1486,6,27,NHAP,22,2025-01-26,
1487,4,32,XUAT,1,2025-01-27,BH-000631/2025
1488,6,50,XUAT,1,2025-01-27,BH-000813/2025
1489,5,125,XUAT,2,2025-01-27,BH-002246/2025
1490,3,22,XUAT,1,2025-01-27,BH-002510/2025
1491,1,157,XUAT,1,2025-01-27,BH-004102/2025
1492,3,71,XUAT,1,2025-01-27,BH-004753/2025
1493,1,120,XUAT,1,2025-01-27,BH-005943/2025
1494,5,159,NHAP,17,2025-01-27,
1495,1,18,XUAT,1,2025-01-28,BH-000699/2025
1496,4,105,XUAT,1,2025-01-28,BH-000887/2025
1497,4,73,XUAT,1,2025-01-28,BH-004232/2025
1498,5,33,XUAT,1,2025-01-28,BH-006268/2025
1499,4,24,XUAT,2,2025-01-28,BH-006483/2025
1500,1,118,XUAT,1,2025-01-29,BH-001125/2025
1501,4,156,XUAT,1,2025-01-29,BH-003143/2025
1502,6,48,XUAT,1,2025-01-29,BH-003213/2025
1503,2,55,XUAT,2,2025-01-29,BH-005750/2025
1504,4,85,NHAP,9,2025-01-30,
1505,2,138,XUAT,1,2025-01-30,BH-000169/2025
1506,2,130,XUAT,1,2025-01-30,BH-001886/2025
1507,6,86,XUAT,1,2025-01-30,BH-002945/2025
1508,3,94,XUAT,1,2025-01-30,BH-003579/2025
1509,1,2,NHAP,13,2025-01-30,
1510,6,6,XUAT,1,2025-01-30,BH-005726/2025
1511,6,84,XUAT,1,2025-01-30,BH-005739/2025
1512,4,127,XUAT,1,2025-01-31,BH-000336/2025
1513,2,173,XUAT,1,2025-01-31,BH-000390/2025
1514,1,95,XUAT,1,2025-01-31,BH-004418/2025
1515,3,126,NHAP,18,2025-01-31,
1516,2,67,XUAT,1,2025-01-31,BH-006184/2025
1517,6,93,XUAT,1,2025-01-31,BH-006682/2025
1518,2,132,XUAT,1,2025-02-01,BH-002611/2025
1519,4,49,XUAT,1,2025-02-01,BH-003092/2025
1520,4,72,NHAP,5,2025-02-01,
1521,6,148,XUAT,1,2025-02-02,BH-001280/2025
1522,2,163,XUAT,1,2025-02-02,BH-004268/2025
1523,2,81,XUAT,1,2025-02-03,BH-000759/2025
1524,1,81,XUAT,1,2025-02-03,BH-001957/2025
1525,6,146,NHAP,16,2025-02-03,
1526,4,26,XUAT,1,2025-02-03,BH-003941/2025
1527,1,118,XUAT,1,2025-02-03,BH-004958/2025
1528,6,150,XUAT,1,2025-02-03,BH-004992/2025
1529,1,125,XUAT,1,2025-02-03,BH-006298/2025
1530,6,61,XUAT,1,2025-02-03,BH-006390/2025
1531,3,46,XUAT,2,2025-02-03,BH-007071/2025
1532,6,131,XUAT,1,2025-02-03,BH-007791/2025
1533,1,141,XUAT,1,2025-02-04,BH-002007/2025
1534,3,22,XUAT,1,2025-02-04,BH-002596/2025
1535,1,88,XUAT,1,2025-02-05,BH-000920/2025
1536,1,59,XUAT,1,2025-02-05,BH-002483/2025
1537,6,131,XUAT,1,2025-02-05,BH-005446/2025
1538,6,61,XUAT,1,2025-02-05,BH-005996/2025
1539,2,60,XUAT,1,2025-02-06,BH-000516/2025
1540,4,167,XUAT,1,2025-02-06,BH-000545/2025
1541,5,48,XUAT,1,2025-02-06,BH-001877/2025
1542,5,124,XUAT,1,2025-02-06,BH-001956/2025
1543,2,42,XUAT,1,2025-02-06,BH-002979/2025
1544,5,2,XUAT,1,2025-02-06,BH-006183/2025
1545,4,175,XUAT,1,2025-02-06,BH-006996/2025
1546,3,12,XUAT,1,2025-02-06,BH-007127/2025
1547,5,39,XUAT,1,2025-02-06,BH-007310/2025
1548,6,150,XUAT,2,2025-02-07,BH-002630/2025
1549,3,73,XUAT,1,2025-02-07,BH-002632/2025
1550,3,140,XUAT,1,2025-02-07,BH-005480/2025
1551,5,77,XUAT,1,2025-02-07,BH-005688/2025
1552,5,141,XUAT,1,2025-02-07,BH-006654/2025
1553,2,137,XUAT,1,2025-02-07,BH-006982/2025
1554,3,157,XUAT,1,2025-02-07,BH-007283/2025
1555,4,78,XUAT,1,2025-02-08,BH-000127/2025
1556,4,34,XUAT,1,2025-02-08,BH-000687/2025
1557,6,100,XUAT,1,2025-02-08,BH-000890/2025
1558,4,146,XUAT,1,2025-02-08,BH-001585/2025
1559,2,92,XUAT,1,2025-02-08,BH-005414/2025
1560,4,119,XUAT,1,2025-02-09,BH-000019/2025
1561,3,97,XUAT,1,2025-02-09,BH-000248/2025
1562,6,37,XUAT,1,2025-02-09,BH-001885/2025
1563,1,1,XUAT,1,2025-02-09,BH-002985/2025
1564,5,60,NHAP,23,2025-02-09,
1565,1,24,XUAT,1,2025-02-09,BH-004029/2025
1566,1,158,NHAP,11,2025-02-09,
1567,6,151,XUAT,1,2025-02-10,BH-000816/2025
1568,5,166,XUAT,1,2025-02-10,BH-001075/2025
1569,2,94,XUAT,1,2025-02-10,BH-002500/2025
1570,4,122,XUAT,1,2025-02-10,BH-003122/2025
1571,6,79,XUAT,1,2025-02-10,BH-003368/2025
1572,2,46,XUAT,1,2025-02-10,BH-004398/2025
1573,6,126,XUAT,1,2025-02-10,BH-005009/2025
1574,5,111,XUAT,1,2025-02-10,BH-007458/2025
1575,4,107,XUAT,1,2025-02-10,BH-007568/2025
1576,1,83,XUAT,1,2025-02-11,BH-000928/2025
1577,3,80,XUAT,1,2025-02-11,BH-001646/2025
1578,3,135,XUAT,1,2025-02-11,BH-001913/2025
1579,1,179,NHAP,5,2025-02-11,
1580,4,66,XUAT,1,2025-02-12,BH-000132/2025
1581,1,159,XUAT,1,2025-02-12,BH-000152/2025
1582,2,72,XUAT,2,2025-02-12,BH-000557/2025
1583,6,63,XUAT,1,2025-02-12,BH-001690/2025
1584,2,18,XUAT,1,2025-02-12,BH-002437/2025
1585,2,68,XUAT,1,2025-02-12,BH-003309/2025
1586,6,53,XUAT,1,2025-02-12,BH-003444/2025
1587,2,88,XUAT,1,2025-02-12,BH-004378/2025
1588,5,33,XUAT,2,2025-02-12,BH-005417/2025
1589,2,168,XUAT,1,2025-02-12,BH-006508/2025
1590,5,157,XUAT,2,2025-02-12,BH-006569/2025
1591,6,160,XUAT,1,2025-02-13,BH-000396/2025
1592,6,5,XUAT,1,2025-02-13,BH-001759/2025
1593,5,142,XUAT,1,2025-02-13,BH-002271/2025
1594,6,27,XUAT,1,2025-02-13,BH-002844/2025
1595,4,102,XUAT,1,2025-02-13,BH-003159/2025
1596,5,88,XUAT,1,2025-02-13,BH-004526/2025
1597,3,105,XUAT,1,2025-02-13,BH-004828/2025
1598,3,164,XUAT,1,2025-02-13,BH-006147/2025
1599,6,11,XUAT,1,2025-02-14,BH-000329/2025
1600,6,37,XUAT,1,2025-02-14,BH-001521/2025
1601,1,180,XUAT,1,2025-02-14,BH-002633/2025
1602,1,127,NHAP,23,2025-02-15,
1603,2,108,XUAT,1,2025-02-15,BH-002329/2025
1604,1,119,XUAT,1,2025-02-15,BH-004638/2025
1605,1,144,XUAT,1,2025-02-16,BH-000403/2025
1606,5,160,XUAT,1,2025-02-16,BH-000913/2025
1607,2,109,XUAT,1,2025-02-16,BH-001909/2025
1608,3,20,XUAT,1,2025-02-16,BH-002374/2025
1609,3,174,XUAT,1,2025-02-16,BH-003016/2025
1610,5,175,XUAT,1,2025-02-16,BH-003765/2025
1611,6,106,XUAT,1,2025-02-16,BH-004575/2025
1612,3,122,XUAT,1,2025-02-16,BH-006347/2025
1613,5,9,XUAT,1,2025-02-16,BH-006555/2025
1614,4,22,XUAT,1,2025-02-16,BH-006678/2025
1615,6,27,XUAT,1,2025-02-16,BH-006915/2025
1616,1,101,XUAT,1,2025-02-16,BH-007794/2025
1617,4,164,XUAT,1,2025-02-17,BH-001974/2025
1618,3,94,XUAT,1,2025-02-17,BH-003506/2025
1619,4,148,XUAT,1,2025-02-17,BH-004328/2025
1620,4,83,XUAT,1,2025-02-17,BH-004449/2025
1621,5,138,XUAT,1,2025-02-17,BH-005118/2025
1622,4,132,XUAT,1,2025-02-17,BH-005265/2025
1623,4,116,XUAT,1,2025-02-17,BH-007357/2025
1624,6,151,XUAT,1,2025-02-18,BH-001222/2025
1625,4,62,NHAP,18,2025-02-18,
1626,1,9,XUAT,2,2025-02-18,BH-003751/2025
1627,3,171,XUAT,1,2025-02-18,BH-004550/2025
1628,3,99,XUAT,2,2025-02-18,BH-005908/2025
1629,3,82,XUAT,1,2025-02-18,BH-006335/2025
1630,1,158,XUAT,1,2025-02-19,BH-000680/2025
1631,4,91,XUAT,1,2025-02-19,BH-002075/2025
1632,2,109,XUAT,1,2025-02-19,BH-002401/2025
1633,1,81,XUAT,1,2025-02-19,BH-005329/2025
1634,2,56,XUAT,1,2025-02-19,BH-007528/2025
1635,6,170,XUAT,1,2025-02-20,BH-000575/2025
1636,3,51,XUAT,1,2025-02-20,BH-002089/2025
1637,3,69,XUAT,2,2025-02-20,BH-003381/2025
1638,5,101,XUAT,1,2025-02-20,BH-003487/2025
1639,1,166,XUAT,1,2025-02-20,BH-004473/2025
1640,1,120,XUAT,2,2025-02-20,BH-004651/2025
1641,3,168,XUAT,1,2025-02-21,BH-004073/2025
1642,6,170,XUAT,1,2025-02-21,BH-004245/2025
1643,3,69,XUAT,1,2025-02-21,BH-007002/2025
1644,3,19,XUAT,1,2025-02-21,BH-007659/2025
1645,3,172,XUAT,1,2025-02-21,BH-007771/2025
1646,3,63,XUAT,2,2025-02-22,BH-001856/2025
1647,5,166,XUAT,1,2025-02-22,BH-002957/2025
1648,4,152,XUAT,1,2025-02-22,BH-006099/2025
1649,6,35,XUAT,1,2025-02-22,BH-007705/2025
1650,6,1,XUAT,1,2025-02-23,BH-000092/2025
1651,6,72,XUAT,1,2025-02-23,BH-000493/2025
1652,1,83,XUAT,1,2025-02-23,BH-006133/2025
1653,5,103,XUAT,1,2025-02-23,BH-007664/2025
1654,4,42,XUAT,2,2025-02-24,BH-003432/2025
1655,5,1,XUAT,1,2025-02-24,BH-004046/2025
1656,1,167,XUAT,1,2025-02-24,BH-004468/2025
1657,5,40,XUAT,1,2025-02-24,BH-004751/2025
1658,6,43,XUAT,1,2025-02-24,BH-004912/2025
1659,2,64,XUAT,1,2025-02-24,BH-006861/2025
1660,1,137,XUAT,1,2025-02-24,BH-007603/2025
1661,2,74,XUAT,1,2025-02-25,BH-002525/2025
1662,4,5,XUAT,1,2025-02-25,BH-004173/2025
1663,2,36,XUAT,1,2025-02-25,BH-005810/2025
1664,6,102,XUAT,1,2025-02-26,BH-000767/2025
1665,4,180,XUAT,2,2025-02-26,BH-000921/2025
1666,5,96,XUAT,1,2025-02-26,BH-001106/2025
1667,3,68,XUAT,1,2025-02-26,BH-001392/2025
1668,5,116,XUAT,1,2025-02-26,BH-001826/2025
1669,4,110,XUAT,1,2025-02-26,BH-005877/2025
1670,4,60,XUAT,1,2025-02-26,BH-006758/2025
1671,3,177,XUAT,1,2025-02-26,BH-007478/2025
1672,1,144,XUAT,1,2025-02-27,BH-002836/2025
1673,6,67,XUAT,2,2025-02-27,BH-003745/2025
1674,6,132,XUAT,1,2025-02-27,BH-004162/2025
1675,3,165,XUAT,1,2025-02-27,BH-004540/2025
1676,5,102,NHAP,18,2025-02-27,
1677,2,21,XUAT,1,2025-02-28,BH-000953/2025
1678,6,126,XUAT,1,2025-02-28,BH-001682/2025
1679,6,127,XUAT,1,2025-02-28,BH-003658/2025
1680,2,9,XUAT,2,2025-02-28,BH-004668/2025
1681,4,26,XUAT,1,2025-03-01,BH-001299/2025
1682,3,123,XUAT,1,2025-03-01,BH-001644/2025
1683,3,102,XUAT,1,2025-03-01,BH-002609/2025
1684,6,175,XUAT,1,2025-03-01,BH-003374/2025
1685,2,73,XUAT,1,2025-03-01,BH-005421/2025
1686,5,171,XUAT,1,2025-03-01,BH-006747/2025
1687,3,93,XUAT,1,2025-03-01,BH-006918/2025
1688,6,106,XUAT,1,2025-03-02,BH-000059/2025
1689,3,102,XUAT,1,2025-03-02,BH-000397/2025
1690,5,124,XUAT,1,2025-03-02,BH-002143/2025
1691,1,120,XUAT,1,2025-03-02,BH-002780/2025
1692,5,74,XUAT,1,2025-03-02,BH-003771/2025
1693,3,54,XUAT,1,2025-03-02,BH-005489/2025
1694,3,57,XUAT,1,2025-03-02,BH-005842/2025
1695,3,31,XUAT,1,2025-03-02,BH-006171/2025
1696,6,104,XUAT,1,2025-03-02,BH-006409/2025
1697,1,96,XUAT,1,2025-03-02,BH-007556/2025
1698,1,88,XUAT,1,2025-03-03,BH-000335/2025
1699,5,39,XUAT,1,2025-03-03,BH-001453/2025
1700,5,111,XUAT,2,2025-03-03,BH-003383/2025
1701,4,94,XUAT,1,2025-03-03,BH-003939/2025
1702,5,116,XUAT,2,2025-03-03,BH-004612/2025
1703,2,24,XUAT,2,2025-03-03,BH-005206/2025
1704,4,62,XUAT,2,2025-03-03,BH-006437/2025
1705,2,99,XUAT,1,2025-03-03,BH-007077/2025
1706,1,116,XUAT,1,2025-03-04,BH-001248/2025
1707,5,141,XUAT,1,2025-03-04,BH-002565/2025
1708,6,173,XUAT,1,2025-03-04,BH-002729/2025
1709,5,43,XUAT,1,2025-03-04,BH-003933/2025
1710,5,3,XUAT,1,2025-03-04,BH-007026/2025
1711,5,146,XUAT,1,2025-03-05,BH-001361/2025
1712,1,121,XUAT,1,2025-03-05,BH-001398/2025
1713,3,140,XUAT,1,2025-03-05,BH-001755/2025
1714,1,132,XUAT,1,2025-03-05,BH-003867/2025
1715,5,71,XUAT,1,2025-03-05,BH-004201/2025
1716,6,135,XUAT,1,2025-03-05,BH-004774/2025
1717,2,149,XUAT,1,2025-03-05,BH-005512/2025
1718,6,161,XUAT,1,2025-03-05,BH-006574/2025
1719,5,23,XUAT,2,2025-03-05,BH-006753/2025
1720,3,81,XUAT,1,2025-03-06,BH-001062/2025
1721,4,180,XUAT,1,2025-03-06,BH-002490/2025
1722,1,88,XUAT,1,2025-03-06,BH-002526/2025
1723,5,74,NHAP,10,2025-03-06,
1724,1,5,XUAT,1,2025-03-06,BH-004010/2025
1725,4,69,NHAP,21,2025-03-06,
1726,3,20,XUAT,1,2025-03-06,BH-007475/2025
1727,5,128,XUAT,1,2025-03-06,BH-007566/2025
1728,1,72,XUAT,2,2025-03-07,BH-000950/2025
1729,3,33,XUAT,1,2025-03-07,BH-001328/2025
1730,5,175,XUAT,1,2025-03-07,BH-002793/2025
1731,1,99,XUAT,1,2025-03-07,BH-003406/2025
1732,4,78,XUAT,2,2025-03-07,BH-003460/2025
1733,2,38,XUAT,1,2025-03-07,BH-005132/2025
1734,5,107,XUAT,1,2025-03-07,BH-005774/2025
1735,5,96,XUAT,1,2025-03-07,BH-006350/2025
1736,6,87,XUAT,1,2025-03-07,BH-006519/2025
1737,2,95,XUAT,2,2025-03-07,BH-007106/2025
1738,2,73,XUAT,1,2025-03-08,BH-001081/2025
1739,4,119,XUAT,1,2025-03-08,BH-002114/2025
1740,4,94,XUAT,1,2025-03-08,BH-007223/2025
1741,5,151,XUAT,1,2025-03-09,BH-004250/2025
1742,3,61,XUAT,1,2025-03-09,BH-005910/2025
1743,3,58,XUAT,1,2025-03-09,BH-006532/2025
1744,1,37,XUAT,1,2025-03-09,BH-006876/2025
1745,1,176,XUAT,1,2025-03-09,BH-007650/2025
1746,3,138,NHAP,13,2025-03-10,
1747,2,89,NHAP,11,2025-03-10,
1748,3,165,XUAT,1,2025-03-10,BH-003022/2025
1749,2,1,NHAP,28,2025-03-10,
1750,2,32,XUAT,1,2025-03-10,BH-006381/2025
1751,4,127,XUAT,1,2025-03-10,BH-007126/2025
1752,3,149,XUAT,1,2025-03-10,BH-007316/2025
1753,4,83,XUAT,1,2025-03-10,BH-007681/2025
1754,4,125,XUAT,1,2025-03-11,BH-000814/2025
1755,5,151,XUAT,1,2025-03-11,BH-000996/2025
1756,3,82,XUAT,1,2025-03-11,BH-001514/2025
1757,4,5,XUAT,1,2025-03-11,BH-002700/2025
1758,6,149,XUAT,1,2025-03-11,BH-004530/2025
1759,6,53,XUAT,1,2025-03-11,BH-005554/2025
1760,6,81,XUAT,1,2025-03-11,BH-006271/2025
1761,3,102,XUAT,1,2025-03-12,BH-000534/2025
1762,3,66,XUAT,1,2025-03-12,BH-001912/2025
1763,3,91,NHAP,18,2025-03-12,
1764,3,111,XUAT,1,2025-03-12,BH-007647/2025
1765,3,97,XUAT,2,2025-03-13,BH-001095/2025
1766,6,9,XUAT,2,2025-03-13,BH-001725/2025
1767,4,132,XUAT,1,2025-03-13,BH-002344/2025
1768,1,55,XUAT,1,2025-03-13,BH-003453/2025
1769,1,53,XUAT,1,2025-03-13,BH-003504/2025
1770,3,41,XUAT,1,2025-03-13,BH-004005/2025
1771,2,56,XUAT,2,2025-03-13,BH-004161/2025
1772,1,129,XUAT,1,2025-03-13,BH-004827/2025
1773,5,167,XUAT,1,2025-03-13,BH-006230/2025
1774,1,46,XUAT,1,2025-03-13,BH-006626/2025
1775,5,151,XUAT,1,2025-03-13,BH-006680/2025
1776,6,6,NHAP,23,2025-03-13,
1777,1,153,XUAT,1,2025-03-13,BH-006937/2025
1778,1,28,XUAT,1,2025-03-13,BH-007671/2025
1779,5,175,XUAT,1,2025-03-14,BH-001485/2025
1780,3,161,XUAT,1,2025-03-14,BH-003893/2025
1781,4,152,XUAT,1,2025-03-14,BH-003994/2025
1782,1,146,XUAT,1,2025-03-14,BH-004738/2025
1783,4,76,XUAT,1,2025-03-14,BH-005615/2025
1784,4,110,XUAT,1,2025-03-14,BH-005946/2025
1785,4,41,XUAT,1,2025-03-14,BH-007480/2025
1786,5,19,XUAT,1,2025-03-15,BH-001955/2025
1787,6,56,XUAT,1,2025-03-15,BH-005215/2025
1788,5,39,XUAT,1,2025-03-15,BH-005273/2025
1789,2,24,XUAT,1,2025-03-15,BH-006398/2025
1790,4,24,XUAT,1,2025-03-15,BH-006988/2025
1791,5,23,XUAT,1,2025-03-15,BH-007430/2025
1792,6,5,XUAT,1,2025-03-16,BH-000747/2025
1793,2,112,XUAT,1,2025-03-16,BH-000986/2025
1794,6,135,XUAT,1,2025-03-16,BH-001156/2025
1795,3,171,XUAT,1,2025-03-16,BH-003170/2025
1796,4,58,XUAT,1,2025-03-16,BH-004810/2025
1797,1,40,XUAT,1,2025-03-17,BH-000052/2025
1798,1,173,XUAT,1,2025-03-17,BH-000487/2025
1799,6,35,XUAT,2,2025-03-17,BH-000774/2025
1800,3,53,XUAT,1,2025-03-17,BH-000833/2025
1801,6,99,XUAT,2,2025-03-17,BH-003767/2025
1802,6,3,XUAT,1,2025-03-17,BH-005412/2025
1803,5,127,XUAT,1,2025-03-18,BH-001464/2025
1804,3,49,NHAP,19,2025-03-18,
1805,5,33,XUAT,1,2025-03-18,BH-004434/2025
1806,1,37,XUAT,1,2025-03-18,BH-004905/2025
1807,3,164,XUAT,1,2025-03-18,BH-005276/2025
1808,1,3,XUAT,1,2025-03-18,BH-006602/2025
1809,1,100,NHAP,17,2025-03-18,
1810,5,17,XUAT,1,2025-03-19,BH-000198/2025
1811,4,78,XUAT,1,2025-03-19,BH-001322/2025
1812,4,121,XUAT,1,2025-03-19,BH-002278/2025
1813,6,61,XUAT,1,2025-03-19,BH-003695/2025
1814,4,12,NHAP,6,2025-03-19,
1815,2,81,XUAT,1,2025-03-19,BH-006152/2025
1816,6,35,XUAT,1,2025-03-19,BH-007291/2025
1817,6,158,NHAP,16,2025-03-19,
1818,6,154,XUAT,1,2025-03-20,BH-001149/2025
1819,1,165,XUAT,2,2025-03-20,BH-004311/2025
1820,5,22,XUAT,1,2025-03-20,BH-006507/2025
1821,5,26,XUAT,1,2025-03-20,BH-006957/2025
1822,5,176,XUAT,1,2025-03-20,BH-007612/2025
1823,6,124,XUAT,1,2025-03-21,BH-000110/2025
1824,4,9,XUAT,1,2025-03-21,BH-001127/2025
1825,3,80,XUAT,1,2025-03-21,BH-001994/2025
1826,5,110,XUAT,1,2025-03-21,BH-002254/2025
1827,2,163,XUAT,1,2025-03-21,BH-004416/2025
1828,6,86,XUAT,1,2025-03-21,BH-004902/2025
1829,5,72,NHAP,21,2025-03-21,
1830,3,81,XUAT,1,2025-03-22,BH-000435/2025
1831,2,27,XUAT,1,2025-03-22,BH-001325/2025
1832,4,137,XUAT,1,2025-03-22,BH-001581/2025
1833,2,52,XUAT,1,2025-03-22,BH-002486/2025
1834,2,155,XUAT,1,2025-03-22,BH-003084/2025
1835,3,22,NHAP,17,2025-03-22,
1836,3,22,XUAT,1,2025-03-22,BH-005537/2025
1837,4,93,XUAT,1,2025-03-23,BH-000740/2025
1838,2,84,XUAT,1,2025-03-23,BH-002654/2025
1839,2,39,XUAT,1,2025-03-23,BH-004361/2025
1840,4,133,XUAT,1,2025-03-24,BH-000677/2025
1841,3,105,XUAT,1,2025-03-24,BH-000750/2025
1842,2,135,NHAP,15,2025-03-24,
1843,4,29,XUAT,1,2025-03-24,BH-003220/2025
1844,5,128,XUAT,1,2025-03-24,BH-003476/2025
1845,4,62,XUAT,1,2025-03-24,BH-003753/2025
1846,4,2,XUAT,1,2025-03-24,BH-004213/2025
1847,1,137,XUAT,1,2025-03-24,BH-004300/2025
1848,4,172,XUAT,1,2025-03-24,BH-005433/2025
1849,4,149,XUAT,1,2025-03-24,BH-007115/2025
1850,2,1,XUAT,1,2025-03-25,BH-001422/2025
1851,5,3,XUAT,1,2025-03-25,BH-001750/2025
1852,3,129,XUAT,1,2025-03-25,BH-002336/2025
1853,6,141,XUAT,1,2025-03-25,BH-004750/2025
1854,5,111,XUAT,1,2025-03-26,BH-000518/2025
1855,4,4,XUAT,1,2025-03-26,BH-003320/2025
1856,6,63,XUAT,1,2025-03-26,BH-003954/2025
1857,6,143,XUAT,1,2025-03-26,BH-005141/2025
1858,1,16,XUAT,1,2025-03-27,BH-000251/2025
1859,6,109,XUAT,1,2025-03-27,BH-001031/2025
1860,5,74,XUAT,1,2025-03-27,BH-003826/2025
1861,5,74,XUAT,1,2025-03-27,BH-004479/2025
1862,3,59,XUAT,1,2025-03-27,BH-005405/2025
1863,2,64,XUAT,1,2025-03-27,BH-005713/2025
1864,5,100,XUAT,1,2025-03-27,BH-005892/2025
1865,4,19,XUAT,1,2025-03-27,BH-007511/2025
1866,6,54,XUAT,1,2025-03-28,BH-000444/2025
1867,3,172,XUAT,1,2025-03-28,BH-000809/2025
1868,4,165,XUAT,1,2025-03-28,BH-001572/2025
1869,2,26,XUAT,1,2025-03-28,BH-002120/2025
1870,6,91,XUAT,1,2025-03-28,BH-002191/2025
1871,6,159,XUAT,1,2025-03-28,BH-003265/2025
1872,1,129,XUAT,1,2025-03-28,BH-003846/2025
1873,5,111,XUAT,2,2025-03-28,BH-004281/2025
1874,1,83,XUAT,1,2025-03-28,BH-005854/2025
1875,3,63,NHAP,22,2025-03-29,
1876,4,71,XUAT,1,2025-03-29,BH-004552/2025
1877,1,71,XUAT,1,2025-03-29,BH-004963/2025
1878,6,39,XUAT,1,2025-03-30,BH-000075/2025
1879,2,69,XUAT,1,2025-03-30,BH-001998/2025
1880,6,111,XUAT,1,2025-03-30,BH-003889/2025
1881,6,87,XUAT,1,2025-03-30,BH-005479/2025
1882,5,168,XUAT,1,2025-03-30,BH-007301/2025
1883,6,46,XUAT,1,2025-03-31,BH-001493/2025
1884,3,100,XUAT,1,2025-03-31,BH-001629/2025
1885,4,75,XUAT,1,2025-03-31,BH-002557/2025
1886,5,103,XUAT,1,2025-03-31,BH-004445/2025
1887,2,143,XUAT,1,2025-03-31,BH-007365/2025
1888,4,9,XUAT,1,2025-04-01,BH-000223/2025
1889,4,4,NHAP,23,2025-04-01,
1890,1,27,XUAT,1,2025-04-01,BH-001436/2025
1891,6,170,XUAT,1,2025-04-01,BH-002403/2025
1892,1,127,XUAT,1,2025-04-01,BH-003862/2025
1893,1,135,NHAP,7,2025-04-01,
1894,5,111,XUAT,1,2025-04-01,BH-005231/2025
1895,6,124,XUAT,1,2025-04-02,BH-001407/2025
1896,5,87,XUAT,1,2025-04-02,BH-004850/2025
1897,3,149,XUAT,1,2025-04-02,BH-005666/2025
1898,4,12,XUAT,1,2025-04-02,BH-005736/2025
1899,5,37,XUAT,1,2025-04-02,BH-005934/2025
1900,5,76,XUAT,1,2025-04-02,BH-006949/2025
1901,5,43,XUAT,1,2025-04-03,BH-001979/2025
1902,2,16,XUAT,1,2025-04-03,BH-002487/2025
1903,5,83,XUAT,1,2025-04-03,BH-003844/2025
1904,2,158,XUAT,2,2025-04-03,BH-005782/2025
1905,5,82,XUAT,1,2025-04-04,BH-000465/2025
1906,2,139,XUAT,1,2025-04-04,BH-001283/2025
1907,2,96,XUAT,1,2025-04-04,BH-002345/2025
1908,5,45,XUAT,1,2025-04-04,BH-002774/2025
1909,4,14,XUAT,1,2025-04-04,BH-004736/2025
1910,3,122,XUAT,1,2025-04-04,BH-004854/2025
1911,3,112,XUAT,1,2025-04-04,BH-005907/2025
1912,5,138,XUAT,1,2025-04-05,BH-001795/2025
1913,4,94,XUAT,2,2025-04-05,BH-002165/2025
1914,5,155,XUAT,1,2025-04-05,BH-004727/2025
1915,1,28,XUAT,1,2025-04-05,BH-006945/2025
1916,1,30,XUAT,1,2025-04-06,BH-000855/2025
1917,6,143,XUAT,1,2025-04-06,BH-002202/2025
1918,6,43,XUAT,2,2025-04-06,BH-002796/2025
1919,6,63,XUAT,1,2025-04-06,BH-003256/2025
1920,2,38,XUAT,1,2025-04-06,BH-005122/2025
1921,3,148,XUAT,1,2025-04-06,BH-005680/2025
1922,1,137,XUAT,1,2025-04-06,BH-006455/2025
1923,4,171,XUAT,2,2025-04-07,BH-000925/2025
1924,4,173,XUAT,1,2025-04-07,BH-001468/2025
1925,5,32,XUAT,1,2025-04-07,BH-001534/2025
1926,5,98,XUAT,1,2025-04-07,BH-001556/2025
1927,3,45,XUAT,1,2025-04-07,BH-002397/2025
1928,1,87,XUAT,1,2025-04-07,BH-006322/2025
1929,2,105,XUAT,1,2025-04-07,BH-007319/2025
1930,3,33,XUAT,1,2025-04-08,BH-000883/2025
1931,1,75,XUAT,1,2025-04-08,BH-002226/2025
1932,1,20,XUAT,2,2025-04-08,BH-002302/2025
1933,1,144,XUAT,1,2025-04-08,BH-002649/2025
1934,5,155,XUAT,1,2025-04-08,BH-002817/2025
1935,6,42,XUAT,1,2025-04-08,BH-003987/2025
1936,6,84,XUAT,1,2025-04-08,BH-005640/2025
1937,1,53,XUAT,1,2025-04-08,BH-006257/2025
1938,3,88,XUAT,1,2025-04-08,BH-006368/2025
1939,6,6,NHAP,6,2025-04-08,
1940,5,76,XUAT,2,2025-04-09,BH-000877/2025
1941,2,83,XUAT,1,2025-04-09,BH-001622/2025
1942,6,40,XUAT,1,2025-04-09,BH-003843/2025
1943,4,99,XUAT,1,2025-04-09,BH-004295/2025
1944,3,31,XUAT,1,2025-04-09,BH-006421/2025
1945,2,47,NHAP,20,2025-04-09,
1946,4,164,XUAT,2,2025-04-10,BH-000112/2025
1947,2,68,XUAT,1,2025-04-10,BH-000415/2025
1948,1,145,XUAT,2,2025-04-10,BH-000945/2025
1949,1,63,NHAP,20,2025-04-10,
1950,6,50,XUAT,1,2025-04-10,BH-002735/2025
1951,3,177,XUAT,1,2025-04-10,BH-003945/2025
1952,3,123,XUAT,1,2025-04-10,BH-004151/2025
1953,3,137,XUAT,1,2025-04-10,BH-006851/2025
1954,1,28,XUAT,1,2025-04-11,BH-000229/2025
1955,4,6,NHAP,13,2025-04-11,
1956,5,120,XUAT,1,2025-04-11,BH-000469/2025
1957,6,161,XUAT,1,2025-04-11,BH-000553/2025
1958,5,63,XUAT,1,2025-04-11,BH-001077/2025
1959,3,128,XUAT,1,2025-04-11,BH-006784/2025
1960,4,60,XUAT,2,2025-04-12,BH-000262/2025
1961,5,37,XUAT,1,2025-04-12,BH-001346/2025
1962,5,175,XUAT,1,2025-04-12,BH-001747/2025
1963,4,41,XUAT,1,2025-04-12,BH-003255/2025
1964,2,92,XUAT,1,2025-04-12,BH-003301/2025
1965,4,20,XUAT,1,2025-04-12,BH-007621/2025
1966,4,74,XUAT,1,2025-04-13,BH-001330/2025
1967,2,19,XUAT,1,2025-04-13,BH-003091/2025
1968,3,99,XUAT,1,2025-04-13,BH-004272/2025
1969,2,139,XUAT,1,2025-04-13,BH-006840/2025
1970,6,109,XUAT,2,2025-04-13,BH-006974/2025
1971,4,92,XUAT,1,2025-04-14,BH-005449/2025
1972,6,92,XUAT,1,2025-04-14,BH-007190/2025
1973,3,31,XUAT,1,2025-04-15,BH-000191/2025
1974,1,164,XUAT,1,2025-04-15,BH-000246/2025
1975,6,40,XUAT,1,2025-04-15,BH-005289/2025
1976,3,39,XUAT,1,2025-04-15,BH-005349/2025
1977,3,20,XUAT,1,2025-04-15,BH-007035/2025
1978,4,142,XUAT,1,2025-04-15,BH-007719/2025
1979,3,146,XUAT,1,2025-04-16,BH-001368/2025
1980,1,139,XUAT,1,2025-04-16,BH-004224/2025
1981,6,17,XUAT,1,2025-04-16,BH-005939/2025
1982,4,133,XUAT,1,2025-04-16,BH-006039/2025
1983,3,31,XUAT,1,2025-04-16,BH-006048/2025
1984,1,164,XUAT,1,2025-04-16,BH-007344/2025
1985,5,72,XUAT,1,2025-04-17,BH-000392/2025
1986,4,62,XUAT,1,2025-04-17,BH-000875/2025
1987,5,156,XUAT,1,2025-04-17,BH-003392/2025
1988,5,107,XUAT,1,2025-04-17,BH-003483/2025
1989,3,146,XUAT,1,2025-04-18,BH-001265/2025
1990,1,3,XUAT,1,2025-04-18,BH-002250/2025
1991,3,164,XUAT,1,2025-04-18,BH-004635/2025
1992,6,134,XUAT,1,2025-04-18,BH-005963/2025
1993,1,88,XUAT,1,2025-04-18,BH-007279/2025
1994,5,66,NHAP,28,2025-04-18,
1995,1,18,NHAP,12,2025-04-19,
1996,6,170,XUAT,2,2025-04-19,BH-002264/2025
1997,2,42,XUAT,1,2025-04-19,BH-002608/2025
1998,2,103,XUAT,1,2025-04-19,BH-003929/2025
1999,2,158,XUAT,1,2025-04-19,BH-004864/2025
2000,6,64,XUAT,2,2025-04-19,BH-006356/2025
2001,2,73,XUAT,1,2025-04-19,BH-007238/2025
2002,1,150,XUAT,1,2025-04-20,BH-001033/2025
2003,1,7,XUAT,1,2025-04-20,BH-002651/2025
2004,4,55,XUAT,1,2025-04-20,BH-004684/2025
2005,3,165,XUAT,1,2025-04-20,BH-006165/2025
2006,5,140,XUAT,1,2025-04-20,BH-007027/2025
2007,1,83,XUAT,1,2025-04-21,BH-001639/2025
2008,6,117,XUAT,1,2025-04-21,BH-002571/2025
2009,6,91,XUAT,1,2025-04-21,BH-002794/2025
2010,5,94,XUAT,1,2025-04-22,BH-000917/2025
2011,6,93,XUAT,1,2025-04-22,BH-003078/2025
2012,3,54,XUAT,1,2025-04-22,BH-004124/2025
2013,5,140,XUAT,1,2025-04-22,BH-006942/2025
2014,2,129,XUAT,1,2025-04-22,BH-007022/2025
2015,5,178,XUAT,1,2025-04-23,BH-000305/2025
2016,4,81,XUAT,1,2025-04-23,BH-002563/2025
2017,6,1,XUAT,1,2025-04-23,BH-003454/2025
2018,2,22,XUAT,1,2025-04-23,BH-003680/2025
2019,5,169,XUAT,1,2025-04-23,BH-003896/2025
2020,1,159,XUAT,1,2025-04-23,BH-005244/2025
2021,5,85,XUAT,1,2025-04-23,BH-005882/2025
2022,1,70,NHAP,27,2025-04-23,
2023,2,145,XUAT,1,2025-04-23,BH-007101/2025
2024,1,41,XUAT,1,2025-04-23,BH-007207/2025
2025,1,119,XUAT,2,2025-04-24,BH-000641/2025
2026,1,22,XUAT,1,2025-04-24,BH-001047/2025
2027,1,126,XUAT,1,2025-04-24,BH-001162/2025
2028,5,24,XUAT,1,2025-04-24,BH-001680/2025
2029,1,36,NHAP,7,2025-04-24,
2030,6,117,XUAT,1,2025-04-24,BH-002924/2025
2031,5,39,XUAT,1,2025-04-24,BH-003728/2025
2032,2,18,XUAT,1,2025-04-24,BH-003740/2025
2033,6,111,NHAP,17,2025-04-24,
2034,5,176,XUAT,1,2025-04-24,BH-006138/2025
2035,3,104,XUAT,1,2025-04-25,BH-002291/2025
2036,5,172,XUAT,1,2025-04-25,BH-005539/2025
2037,2,16,XUAT,1,2025-04-25,BH-005965/2025
2038,6,99,XUAT,1,2025-04-25,BH-006863/2025
2039,3,82,XUAT,1,2025-04-25,BH-007687/2025
2040,2,18,XUAT,1,2025-04-26,BH-002136/2025
2041,3,59,XUAT,1,2025-04-26,BH-003233/2025
2042,6,65,XUAT,1,2025-04-26,BH-005985/2025
2043,5,99,XUAT,1,2025-04-26,BH-006586/2025
2044,1,9,XUAT,1,2025-04-27,BH-000713/2025
2045,5,1,XUAT,1,2025-04-27,BH-001792/2025
2046,4,91,XUAT,1,2025-04-27,BH-002501/2025
2047,3,53,XUAT,1,2025-04-27,BH-002503/2025
2048,5,39,XUAT,1,2025-04-27,BH-002570/2025
2049,4,23,XUAT,1,2025-04-27,BH-004100/2025
2050,5,146,XUAT,1,2025-04-27,BH-004204/2025
2051,2,53,XUAT,1,2025-04-27,BH-004251/2025
2052,1,95,XUAT,1,2025-04-27,BH-005747/2025
2053,5,46,XUAT,1,2025-04-28,BH-001249/2025
2054,1,75,XUAT,1,2025-04-28,BH-001461/2025
2055,6,43,XUAT,1,2025-04-28,BH-002891/2025
2056,4,141,XUAT,1,2025-04-28,BH-003291/2025
2057,6,61,XUAT,2,2025-04-28,BH-004514/2025
2058,5,17,XUAT,1,2025-04-28,BH-004947/2025
2059,3,163,XUAT,1,2025-04-28,BH-006384/2025
2060,4,122,XUAT,1,2025-04-29,BH-000157/2025
2061,5,26,XUAT,2,2025-04-29,BH-001652/2025
2062,6,14,XUAT,1,2025-04-29,BH-003237/2025
2063,5,135,XUAT,1,2025-04-29,BH-003239/2025
2064,4,174,XUAT,1,2025-04-29,BH-003555/2025
2065,4,137,XUAT,1,2025-04-29,BH-005528/2025
2066,4,137,XUAT,1,2025-04-30,BH-002699/2025
2067,2,142,XUAT,1,2025-04-30,BH-002897/2025
2068,4,99,XUAT,1,2025-04-30,BH-004834/2025
2069,3,28,XUAT,1,2025-04-30,BH-004855/2025
2070,3,120,XUAT,1,2025-04-30,BH-005126/2025
2071,5,112,XUAT,1,2025-04-30,BH-005226/2025
2072,5,172,XUAT,1,2025-05-01,BH-000601/2025
2073,2,87,XUAT,2,2025-05-01,BH-000612/2025
2074,2,99,XUAT,1,2025-05-01,BH-001625/2025
2075,4,8,XUAT,1,2025-05-01,BH-002004/2025
2076,3,63,XUAT,2,2025-05-01,BH-002693/2025
2077,5,94,XUAT,1,2025-05-01,BH-005001/2025
2078,1,42,XUAT,1,2025-05-01,BH-006000/2025
2079,5,97,XUAT,1,2025-05-01,BH-007454/2025
2080,5,83,XUAT,1,2025-05-02,BH-000948/2025
2081,6,111,XUAT,1,2025-05-02,BH-001305/2025
2082,2,88,XUAT,1,2025-05-02,BH-003304/2025
2083,5,96,XUAT,1,2025-05-02,BH-004611/2025
2084,6,48,XUAT,1,2025-05-02,BH-005469/2025
2085,3,62,XUAT,1,2025-05-02,BH-006981/2025
2086,1,173,XUAT,1,2025-05-02,BH-007546/2025
2087,5,155,XUAT,1,2025-05-03,BH-000938/2025
2088,1,175,XUAT,1,2025-05-03,BH-001036/2025
2089,4,22,XUAT,1,2025-05-03,BH-002172/2025
2090,6,39,XUAT,1,2025-05-03,BH-002875/2025
2091,1,85,XUAT,1,2025-05-03,BH-004770/2025
2092,1,60,XUAT,1,2025-05-03,BH-006319/2025
2093,2,174,XUAT,1,2025-05-03,BH-006819/2025
2094,2,42,NHAP,11,2025-05-03,
2095,6,150,XUAT,1,2025-05-04,BH-000193/2025
2096,4,117,XUAT,1,2025-05-04,BH-000662/2025
2097,5,108,XUAT,1,2025-05-04,BH-004544/2025
2098,2,174,XUAT,1,2025-05-04,BH-004745/2025
2099,1,5,XUAT,1,2025-05-04,BH-004979/2025
2100,5,152,XUAT,1,2025-05-04,BH-006181/2025
2101,1,12,XUAT,1,2025-05-04,BH-006685/2025
2102,6,53,XUAT,1,2025-05-04,BH-007649/2025
2103,1,92,XUAT,1,2025-05-05,BH-000673/2025
2104,3,95,NHAP,12,2025-05-05,
2105,1,42,XUAT,1,2025-05-05,BH-001936/2025
2106,4,140,XUAT,1,2025-05-05,BH-002112/2025
2107,2,64,XUAT,1,2025-05-05,BH-003024/2025
2108,3,99,XUAT,1,2025-05-05,BH-006186/2025
2109,3,84,XUAT,1,2025-05-05,BH-007595/2025
2110,4,39,XUAT,1,2025-05-06,BH-000081/2025
2111,1,6,XUAT,1,2025-05-06,BH-002382/2025
2112,2,59,XUAT,1,2025-05-06,BH-002672/2025
2113,2,83,XUAT,1,2025-05-06,BH-003648/2025
2114,3,30,XUAT,1,2025-05-06,BH-004578/2025
2115,3,23,XUAT,1,2025-05-06,BH-005357/2025
2116,2,72,XUAT,1,2025-05-06,BH-005737/2025
2117,1,12,XUAT,1,2025-05-06,BH-006061/2025
2118,1,158,XUAT,1,2025-05-06,BH-006537/2025
2119,5,17,XUAT,1,2025-05-07,BH-000161/2025
2120,3,41,XUAT,1,2025-05-07,BH-005741/2025
2121,5,19,XUAT,1,2025-05-07,BH-006651/2025
2122,6,6,XUAT,1,2025-05-07,BH-007461/2025
2123,6,84,XUAT,1,2025-05-07,BH-007492/2025
2124,4,178,XUAT,1,2025-05-08,BH-000175/2025
2125,5,22,XUAT,1,2025-05-08,BH-000903/2025
2126,3,6,XUAT,1,2025-05-08,BH-002073/2025
2127,1,138,XUAT,1,2025-05-08,BH-003632/2025
2128,1,52,XUAT,1,2025-05-08,BH-005035/2025
2129,4,4,XUAT,1,2025-05-08,BH-005280/2025
2130,1,46,XUAT,1,2025-05-08,BH-005598/2025
2131,2,151,XUAT,1,2025-05-09,BH-000551/2025
2132,6,27,XUAT,1,2025-05-09,BH-004092/2025
2133,4,5,XUAT,1,2025-05-10,BH-000632/2025
2134,6,159,XUAT,1,2025-05-10,BH-001821/2025
2135,1,101,XUAT,2,2025-05-10,BH-002322/2025
2136,5,168,XUAT,1,2025-05-10,BH-004755/2025
2137,2,70,XUAT,1,2025-05-11,BH-000820/2025
2138,6,50,XUAT,1,2025-05-11,BH-002881/2025
2139,1,3,XUAT,1,2025-05-11,BH-005578/2025
2140,1,14,XUAT,1,2025-05-12,BH-003250/2025
2141,2,73,XUAT,1,2025-05-12,BH-003267/2025
2142,2,19,XUAT,1,2025-05-12,BH-003445/2025
2143,1,71,XUAT,1,2025-05-12,BH-004179/2025
2144,3,148,XUAT,1,2025-05-12,BH-004341/2025
2145,2,67,XUAT,1,2025-05-12,BH-006330/2025
2146,5,10,NHAP,15,2025-05-12,
2147,3,80,XUAT,1,2025-05-12,BH-006958/2025
2148,1,61,XUAT,1,2025-05-12,BH-007550/2025
2149,3,73,XUAT,1,2025-05-13,BH-000822/2025
2150,6,89,NHAP,9,2025-05-13,
2151,6,175,XUAT,1,2025-05-13,BH-004632/2025
2152,5,30,XUAT,1,2025-05-13,BH-005395/2025
2153,6,67,XUAT,1,2025-05-13,BH-007182/2025
2154,4,51,XUAT,1,2025-05-14,BH-004806/2025
2155,2,26,XUAT,1,2025-05-14,BH-005839/2025
2156,2,68,XUAT,1,2025-05-14,BH-006240/2025
2157,2,122,XUAT,1,2025-05-14,BH-006451/2025
2158,2,145,XUAT,1,2025-05-14,BH-007103/2025
2159,3,68,XUAT,1,2025-05-14,BH-007412/2025
2160,4,119,XUAT,1,2025-05-15,BH-000421/2025
2161,5,59,XUAT,1,2025-05-15,BH-000482/2025
2162,6,147,XUAT,1,2025-05-15,BH-001316/2025
2163,5,169,XUAT,1,2025-05-15,BH-001645/2025
2164,6,151,XUAT,1,2025-05-15,BH-002986/2025
2165,2,117,XUAT,1,2025-05-15,BH-003013/2025
2166,6,65,XUAT,1,2025-05-15,BH-007720/2025
2167,3,43,XUAT,1,2025-05-16,BH-003228/2025
2168,3,102,XUAT,2,2025-05-16,BH-004687/2025
2169,1,90,XUAT,1,2025-05-16,BH-005945/2025
2170,2,14,XUAT,1,2025-05-17,BH-000095/2025
2171,2,73,XUAT,1,2025-05-17,BH-002380/2025
2172,4,53,XUAT,1,2025-05-17,BH-003959/2025
2173,4,146,XUAT,1,2025-05-17,BH-004489/2025
2174,6,110,XUAT,1,2025-05-17,BH-005653/2025
2175,6,104,XUAT,1,2025-05-17,BH-006552/2025
2176,3,148,XUAT,1,2025-05-17,BH-007076/2025
2177,3,39,NHAP,13,2025-05-18,
2178,3,150,XUAT,1,2025-05-18,BH-002606/2025
2179,3,82,NHAP,8,2025-05-18,
2180,5,26,XUAT,1,2025-05-18,BH-004243/2025
2181,4,41,XUAT,1,2025-05-18,BH-006339/2025
2182,5,122,XUAT,1,2025-05-19,BH-001083/2025
2183,4,29,XUAT,1,2025-05-19,BH-001268/2025
2184,3,168,XUAT,1,2025-05-19,BH-005029/2025
2185,2,62,XUAT,1,2025-05-20,BH-001167/2025
2186,5,13,XUAT,1,2025-05-20,BH-001905/2025
2187,6,46,XUAT,1,2025-05-20,BH-004301/2025
2188,1,132,XUAT,1,2025-05-20,BH-005457/2025
2189,3,53,XUAT,2,2025-05-21,BH-000524/2025
2190,6,88,XUAT,1,2025-05-21,BH-000791/2025
2191,6,79,XUAT,2,2025-05-21,BH-004961/2025
2192,3,63,XUAT,1,2025-05-21,BH-004964/2025
2193,5,37,XUAT,1,2025-05-21,BH-005434/2025
2194,2,42,XUAT,1,2025-05-22,BH-000554/2025
2195,6,17,XUAT,1,2025-05-22,BH-000985/2025
2196,6,13,NHAP,20,2025-05-22,
2197,3,136,XUAT,1,2025-05-22,BH-002153/2025
2198,1,63,XUAT,1,2025-05-22,BH-003800/2025
2199,4,154,XUAT,1,2025-05-22,BH-005987/2025
2200,1,110,NHAP,13,2025-05-22,
2201,4,107,XUAT,1,2025-05-22,BH-007025/2025
2202,3,66,XUAT,2,2025-05-23,BH-001864/2025
2203,2,138,XUAT,1,2025-05-23,BH-002333/2025
2204,3,88,XUAT,1,2025-05-23,BH-006249/2025
2205,5,87,XUAT,1,2025-05-23,BH-007060/2025
2206,2,90,XUAT,1,2025-05-24,BH-001538/2025
2207,6,97,XUAT,1,2025-05-24,BH-003816/2025
2208,4,48,XUAT,1,2025-05-24,BH-004165/2025
2209,2,55,XUAT,1,2025-05-24,BH-005107/2025
2210,4,12,XUAT,1,2025-05-24,BH-005654/2025
2211,2,2,XUAT,1,2025-05-24,BH-007599/2025
2212,5,107,XUAT,1,2025-05-25,BH-000141/2025
2213,4,60,XUAT,1,2025-05-25,BH-001091/2025
2214,6,108,XUAT,1,2025-05-25,BH-003317/2025
2215,1,1,XUAT,1,2025-05-25,BH-004222/2025
2216,6,108,XUAT,1,2025-05-25,BH-005004/2025
2217,3,180,XUAT,1,2025-05-25,BH-005036/2025
2218,2,33,XUAT,1,2025-05-25,BH-006816/2025
2219,1,23,XUAT,1,2025-05-26,BH-000283/2025
2220,2,89,XUAT,1,2025-05-26,BH-001026/2025
2221,3,153,XUAT,1,2025-05-26,BH-001917/2025
2222,2,149,XUAT,1,2025-05-26,BH-002045/2025
2223,1,134,NHAP,26,2025-05-26,
2224,4,2,XUAT,1,2025-05-26,BH-003344/2025
2225,2,174,XUAT,1,2025-05-26,BH-004801/2025
2226,3,165,XUAT,1,2025-05-26,BH-005592/2025
2227,4,6,XUAT,1,2025-05-26,BH-006040/2025
2228,6,33,XUAT,1,2025-05-26,BH-006732/2025
2229,1,143,XUAT,2,2025-05-27,BH-001512/2025
2230,1,176,XUAT,1,2025-05-27,BH-001619/2025
2231,1,141,XUAT,2,2025-05-27,BH-001729/2025
2232,6,31,XUAT,1,2025-05-27,BH-002661/2025
2233,1,71,XUAT,1,2025-05-27,BH-005659/2025
2234,6,81,XUAT,1,2025-05-27,BH-005702/2025
2235,1,136,XUAT,1,2025-05-27,BH-006140/2025
2236,6,65,XUAT,1,2025-05-27,BH-006391/2025
2237,2,69,XUAT,1,2025-05-27,BH-006948/2025
2238,1,55,XUAT,1,2025-05-28,BH-000652/2025
2239,3,43,XUAT,1,2025-05-28,BH-000669/2025
2240,1,47,XUAT,1,2025-05-28,BH-001286/2025
2241,3,157,XUAT,1,2025-05-28,BH-001787/2025
2242,2,147,XUAT,1,2025-05-28,BH-002605/2025
2243,1,152,XUAT,1,2025-05-28,BH-004520/2025
2244,4,56,XUAT,1,2025-05-28,BH-006826/2025
2245,4,99,XUAT,2,2025-05-29,BH-002568/2025
2246,2,89,XUAT,1,2025-05-29,BH-003492/2025
2247,5,110,XUAT,1,2025-05-29,BH-005315/2025
2248,5,17,XUAT,1,2025-05-29,BH-005938/2025
2249,5,122,XUAT,1,2025-05-29,BH-006553/2025
2250,1,53,XUAT,1,2025-05-29,BH-006748/2025
2251,3,172,XUAT,1,2025-05-29,BH-007429/2025
2252,2,172,XUAT,1,2025-05-30,BH-000980/2025
2253,1,176,XUAT,1,2025-05-30,BH-003034/2025
2254,1,76,XUAT,1,2025-05-30,BH-004519/2025
2255,5,96,XUAT,1,2025-05-30,BH-004548/2025
2256,6,110,XUAT,1,2025-05-30,BH-005149/2025
2257,2,60,XUAT,1,2025-05-31,BH-000765/2025
2258,4,124,XUAT,1,2025-05-31,BH-000889/2025
2259,2,119,XUAT,2,2025-05-31,BH-001964/2025
2260,6,105,XUAT,1,2025-05-31,BH-002040/2025
2261,1,146,XUAT,1,2025-06-01,BH-000589/2025
2262,4,55,XUAT,1,2025-06-01,BH-001170/2025
2263,5,60,XUAT,1,2025-06-01,BH-001263/2025
2264,3,120,XUAT,1,2025-06-01,BH-001344/2025
2265,1,160,XUAT,1,2025-06-01,BH-001502/2025
2266,4,109,NHAP,26,2025-06-01,
2267,6,159,XUAT,1,2025-06-01,BH-002058/2025
2268,2,8,XUAT,1,2025-06-01,BH-003054/2025
2269,1,135,XUAT,1,2025-06-01,BH-007593/2025
2270,5,98,XUAT,1,2025-06-02,BH-000906/2025
2271,1,120,XUAT,1,2025-06-02,BH-001093/2025
2272,2,64,NHAP,28,2025-06-02,
2273,3,61,XUAT,1,2025-06-02,BH-003088/2025
2274,2,108,XUAT,1,2025-06-02,BH-003525/2025
2275,3,20,XUAT,1,2025-06-02,BH-004604/2025
2276,2,151,XUAT,1,2025-06-02,BH-004804/2025
2277,5,174,XUAT,1,2025-06-02,BH-004926/2025
2278,1,13,XUAT,1,2025-06-02,BH-005712/2025
2279,2,149,XUAT,1,2025-06-02,BH-006495/2025
2280,4,110,XUAT,1,2025-06-02,BH-006496/2025
2281,3,80,XUAT,1,2025-06-03,BH-000780/2025
2282,6,93,XUAT,1,2025-06-03,BH-000836/2025
2283,1,81,XUAT,1,2025-06-03,BH-001229/2025
2284,1,126,XUAT,1,2025-06-03,BH-001699/2025
2285,2,114,XUAT,1,2025-06-03,BH-001811/2025
2286,3,99,XUAT,1,2025-06-03,BH-002151/2025
2287,5,14,XUAT,1,2025-06-03,BH-002930/2025
2288,1,92,XUAT,1,2025-06-03,BH-006540/2025
2289,1,144,XUAT,1,2025-06-03,BH-006550/2025
2290,3,128,XUAT,1,2025-06-03,BH-007634/2025
2291,2,155,XUAT,2,2025-06-04,BH-004241/2025
2292,2,44,XUAT,1,2025-06-04,BH-005211/2025
2293,4,83,XUAT,1,2025-06-04,BH-005458/2025
2294,1,28,XUAT,2,2025-06-04,BH-006035/2025
2295,6,54,XUAT,1,2025-06-04,BH-007588/2025
2296,3,149,XUAT,1,2025-06-05,BH-000184/2025
2297,3,82,XUAT,2,2025-06-05,BH-001927/2025
2298,1,99,XUAT,1,2025-06-05,BH-003240/2025
2299,3,96,XUAT,1,2025-06-05,BH-003244/2025
2300,3,68,XUAT,1,2025-06-05,BH-005202/2025
2301,5,140,XUAT,1,2025-06-05,BH-006032/2025
2302,3,108,XUAT,1,2025-06-05,BH-006825/2025
2303,2,64,XUAT,1,2025-06-05,BH-007745/2025
2304,6,71,XUAT,2,2025-06-06,BH-003404/2025
2305,1,61,XUAT,1,2025-06-06,BH-004790/2025
2306,6,143,XUAT,1,2025-06-06,BH-004995/2025
2307,4,117,XUAT,1,2025-06-06,BH-005272/2025
2308,2,132,XUAT,1,2025-06-06,BH-006135/2025
2309,2,30,XUAT,1,2025-06-07,BH-001471/2025
2310,5,1,XUAT,1,2025-06-07,BH-001695/2025
2311,1,100,XUAT,1,2025-06-07,BH-002459/2025
2312,4,81,XUAT,2,2025-06-07,BH-004190/2025
2313,5,32,XUAT,1,2025-06-07,BH-004832/2025
2314,2,68,XUAT,1,2025-06-08,BH-003709/2025
2315,5,116,XUAT,1,2025-06-08,BH-004787/2025
2316,6,89,XUAT,1,2025-06-08,BH-005274/2025
2317,1,139,XUAT,1,2025-06-08,BH-006142/2025
2318,6,40,XUAT,1,2025-06-08,BH-006636/2025
2319,2,138,NHAP,25,2025-06-09,
2320,5,106,XUAT,1,2025-06-09,BH-000659/2025
2321,1,137,XUAT,1,2025-06-09,BH-001412/2025
2322,5,153,XUAT,1,2025-06-09,BH-001601/2025
2323,4,133,XUAT,1,2025-06-09,BH-002389/2025
2324,6,60,XUAT,1,2025-06-09,BH-004055/2025
2325,5,100,XUAT,1,2025-06-09,BH-005603/2025
2326,1,9,XUAT,1,2025-06-09,BH-006529/2025
2327,6,100,XUAT,1,2025-06-09,BH-006570/2025
2328,2,149,XUAT,1,2025-06-09,BH-007039/2025
2329,3,80,XUAT,1,2025-06-10,BH-000016/2025
2330,2,45,XUAT,1,2025-06-10,BH-000792/2025
2331,3,112,XUAT,1,2025-06-10,BH-000989/2025
2332,6,131,XUAT,1,2025-06-10,BH-001233/2025
2333,3,28,XUAT,1,2025-06-10,BH-001418/2025
2334,1,158,NHAP,28,2025-06-10,
2335,5,98,XUAT,1,2025-06-10,BH-003386/2025
2336,6,171,XUAT,2,2025-06-10,BH-004615/2025
2337,5,172,XUAT,1,2025-06-10,BH-005993/2025
2338,2,86,XUAT,1,2025-06-10,BH-006727/2025
2339,5,135,XUAT,1,2025-06-10,BH-006985/2025
2340,2,17,XUAT,1,2025-06-10,BH-007587/2025
2341,2,23,XUAT,1,2025-06-11,BH-000014/2025
2342,4,20,XUAT,1,2025-06-11,BH-000474/2025
2343,1,102,XUAT,2,2025-06-11,BH-002418/2025
2344,6,56,XUAT,1,2025-06-11,BH-002758/2025
2345,2,18,XUAT,1,2025-06-11,BH-003359/2025
2346,3,39,XUAT,1,2025-06-11,BH-003768/2025
2347,4,131,XUAT,1,2025-06-11,BH-003835/2025
2348,5,29,XUAT,1,2025-06-11,BH-003926/2025
2349,4,69,NHAP,9,2025-06-11,
2350,3,83,XUAT,1,2025-06-11,BH-007469/2025
2351,3,102,XUAT,1,2025-06-12,BH-000088/2025
2352,2,80,NHAP,29,2025-06-12,
2353,1,139,NHAP,10,2025-06-12,
2354,4,102,XUAT,2,2025-06-12,BH-001092/2025
2355,3,43,XUAT,1,2025-06-12,BH-001623/2025
2356,1,18,XUAT,2,2025-06-12,BH-002650/2025
2357,3,100,XUAT,1,2025-06-12,BH-003724/2025
2358,3,108,XUAT,1,2025-06-12,BH-004302/2025
2359,4,108,XUAT,1,2025-06-13,BH-000342/2025
2360,5,23,XUAT,1,2025-06-13,BH-002249/2025
2361,4,165,XUAT,1,2025-06-13,BH-002660/2025
2362,1,164,XUAT,1,2025-06-13,BH-004148/2025
2363,3,17,NHAP,29,2025-06-13,
2364,6,32,XUAT,1,2025-06-13,BH-005590/2025
2365,5,24,XUAT,2,2025-06-14,BH-000726/2025
2366,1,81,XUAT,1,2025-06-14,BH-001114/2025
2367,2,142,XUAT,1,2025-06-14,BH-001952/2025
2368,6,87,XUAT,1,2025-06-14,BH-003079/2025
2369,4,93,XUAT,1,2025-06-14,BH-004178/2025
2370,3,30,XUAT,1,2025-06-15,BH-000383/2025
2371,3,153,XUAT,1,2025-06-15,BH-001726/2025
2372,2,13,XUAT,1,2025-06-15,BH-001813/2025
2373,3,31,XUAT,1,2025-06-15,BH-002069/2025
2374,6,133,XUAT,1,2025-06-15,BH-002394/2025
2375,6,81,XUAT,1,2025-06-15,BH-002968/2025
2376,6,154,XUAT,1,2025-06-15,BH-004352/2025
2377,1,137,XUAT,1,2025-06-15,BH-006670/2025
2378,4,176,XUAT,1,2025-06-15,BH-007193/2025
2379,2,161,XUAT,1,2025-06-15,BH-007261/2025
2380,5,30,XUAT,1,2025-06-15,BH-007768/2025
2381,6,111,XUAT,1,2025-06-16,BH-001576/2025
2382,2,73,XUAT,1,2025-06-16,BH-002090/2025
2383,1,95,XUAT,1,2025-06-16,BH-002698/2025
2384,4,41,XUAT,1,2025-06-16,BH-002883/2025
2385,3,59,XUAT,1,2025-06-16,BH-003866/2025
2386,2,138,XUAT,1,2025-06-16,BH-005731/2025
2387,1,167,XUAT,1,2025-06-17,BH-000548/2025
2388,5,41,XUAT,1,2025-06-17,BH-000770/2025
2389,2,112,XUAT,1,2025-06-17,BH-001466/2025
2390,1,81,XUAT,1,2025-06-17,BH-004411/2025
2391,3,158,XUAT,1,2025-06-17,BH-004560/2025
2392,2,8,XUAT,1,2025-06-17,BH-004737/2025
2393,6,109,XUAT,1,2025-06-17,BH-005886/2025
2394,5,160,XUAT,1,2025-06-17,BH-005942/2025
2395,6,117,XUAT,1,2025-06-17,BH-006975/2025
2396,4,108,XUAT,1,2025-06-18,BH-002376/2025
2397,5,107,XUAT,1,2025-06-18,BH-006387/2025
2398,2,49,XUAT,1,2025-06-19,BH-001693/2025
2399,2,180,XUAT,2,2025-06-19,BH-002592/2025
2400,2,3,XUAT,1,2025-06-19,BH-005435/2025
2401,4,30,XUAT,1,2025-06-19,BH-006563/2025
2402,2,53,XUAT,1,2025-06-19,BH-007775/2025
2403,3,98,XUAT,1,2025-06-20,BH-003429/2025
2404,3,20,XUAT,1,2025-06-20,BH-004035/2025
2405,3,82,XUAT,1,2025-06-20,BH-005257/2025
2406,5,100,XUAT,1,2025-06-20,BH-005510/2025
2407,1,9,XUAT,1,2025-06-21,BH-002265/2025
2408,1,121,XUAT,1,2025-06-21,BH-003030/2025
2409,5,37,XUAT,1,2025-06-21,BH-003977/2025
2410,1,100,XUAT,1,2025-06-21,BH-004168/2025
2411,4,70,XUAT,2,2025-06-21,BH-004353/2025
2412,2,4,XUAT,1,2025-06-21,BH-005052/2025
2413,4,123,XUAT,1,2025-06-21,BH-005504/2025
2414,1,143,XUAT,1,2025-06-22,BH-002035/2025
2415,5,22,XUAT,1,2025-06-22,BH-002047/2025
2416,6,146,XUAT,1,2025-06-22,BH-003268/2025
2417,3,158,XUAT,2,2025-06-22,BH-006119/2025
2418,1,1,XUAT,1,2025-06-23,BH-000976/2025
2419,3,165,XUAT,1,2025-06-23,BH-002585/2025
2420,3,84,XUAT,1,2025-06-23,BH-007203/2025
2421,3,104,XUAT,1,2025-06-24,BH-000555/2025
2422,3,98,XUAT,1,2025-06-24,BH-001264/2025
2423,6,81,NHAP,27,2025-06-24,
2424,5,18,XUAT,1,2025-06-24,BH-002951/2025
2425,2,66,XUAT,1,2025-06-24,BH-003186/2025
2426,1,144,XUAT,1,2025-06-24,BH-003312/2025
2427,5,74,XUAT,1,2025-06-24,BH-004539/2025
2428,5,113,XUAT,1,2025-06-24,BH-005178/2025
2429,4,60,XUAT,1,2025-06-24,BH-005875/2025
2430,4,99,XUAT,1,2025-06-24,BH-006516/2025
2431,2,7,XUAT,1,2025-06-24,BH-007400/2025
2432,6,117,XUAT,2,2025-06-25,BH-001449/2025
2433,2,87,XUAT,1,2025-06-25,BH-003393/2025
2434,1,89,XUAT,1,2025-06-25,BH-005678/2025
2435,3,146,XUAT,1,2025-06-26,BH-001648/2025
2436,1,72,XUAT,1,2025-06-26,BH-002442/2025
2437,6,128,XUAT,1,2025-06-26,BH-004356/2025
2438,4,22,XUAT,1,2025-06-26,BH-005990/2025
2439,6,50,NHAP,16,2025-06-26,
2440,3,87,XUAT,1,2025-06-27,BH-000070/2025
2441,4,6,XUAT,1,2025-06-27,BH-001147/2025
2442,3,20,XUAT,1,2025-06-27,BH-003474/2025
2443,6,54,XUAT,1,2025-06-27,BH-005223/2025
2444,6,143,XUAT,1,2025-06-27,BH-005957/2025
2445,3,148,XUAT,1,2025-06-28,BH-003408/2025
2446,1,121,XUAT,1,2025-06-28,BH-004924/2025
2447,5,98,XUAT,1,2025-06-29,BH-001359/2025
2448,5,44,XUAT,1,2025-06-29,BH-001569/2025
2449,3,99,NHAP,8,2025-06-29,
2450,4,48,XUAT,1,2025-06-29,BH-002018/2025
2451,5,138,XUAT,1,2025-06-29,BH-004627/2025
2452,3,5,XUAT,1,2025-06-29,BH-006083/2025
2453,3,146,XUAT,1,2025-06-29,BH-006617/2025
2454,5,83,XUAT,2,2025-06-29,BH-007441/2025
2455,6,147,XUAT,1,2025-06-29,BH-007718/2025
2456,2,142,XUAT,1,2025-06-30,BH-000196/2025
2457,6,111,XUAT,1,2025-06-30,BH-000663/2025
2458,1,157,XUAT,1,2025-06-30,BH-001002/2025
2459,2,92,XUAT,1,2025-06-30,BH-001488/2025
2460,2,166,XUAT,1,2025-06-30,BH-002021/2025
2461,3,146,XUAT,2,2025-06-30,BH-006598/2025
2462,6,29,XUAT,1,2025-06-30,BH-007431/2025
2463,2,132,XUAT,2,2025-07-01,BH-000099/2025
2464,5,18,XUAT,1,2025-07-01,BH-001789/2025
2465,5,141,XUAT,1,2025-07-01,BH-002430/2025
2466,5,171,XUAT,1,2025-07-01,BH-003026/2025
2467,3,148,XUAT,1,2025-07-01,BH-003761/2025
2468,4,4,XUAT,1,2025-07-01,BH-004830/2025
2469,4,105,XUAT,1,2025-07-01,BH-004993/2025
2470,1,178,XUAT,1,2025-07-01,BH-005472/2025
2471,2,29,XUAT,1,2025-07-01,BH-006097/2025
2472,5,14,XUAT,1,2025-07-01,BH-007424/2025
2473,2,122,XUAT,1,2025-07-02,BH-001500/2025
2474,1,101,XUAT,1,2025-07-02,BH-006219/2025
2475,6,154,XUAT,2,2025-07-02,BH-006557/2025
2476,1,7,XUAT,1,2025-07-03,BH-004291/2025
2477,4,127,XUAT,1,2025-07-03,BH-006029/2025
2478,3,177,XUAT,1,2025-07-03,BH-006756/2025
2479,5,174,XUAT,1,2025-07-04,BH-000263/2025
2480,4,8,XUAT,1,2025-07-04,BH-002863/2025
2481,6,73,XUAT,1,2025-07-04,BH-003160/2025
2482,1,59,XUAT,1,2025-07-04,BH-004344/2025
2483,4,94,XUAT,1,2025-07-04,BH-004866/2025
2484,6,128,XUAT,1,2025-07-05,BH-001825/2025
2485,2,38,XUAT,1,2025-07-05,BH-003965/2025
2486,2,92,XUAT,1,2025-07-05,BH-005575/2025
2487,1,139,XUAT,1,2025-07-05,BH-005632/2025
2488,5,178,XUAT,1,2025-07-06,BH-000691/2025
2489,3,172,XUAT,1,2025-07-06,BH-000700/2025
2490,3,12,XUAT,1,2025-07-06,BH-001317/2025
2491,6,88,XUAT,1,2025-07-06,BH-002560/2025
2492,4,53,XUAT,1,2025-07-06,BH-002642/2025
2493,3,23,XUAT,1,2025-07-06,BH-002662/2025
2494,5,166,XUAT,1,2025-07-06,BH-003668/2025
2495,3,43,XUAT,2,2025-07-06,BH-007143/2025
2496,4,4,XUAT,1,2025-07-07,BH-000365/2025
2497,6,26,XUAT,1,2025-07-07,BH-003820/2025
2498,4,37,XUAT,1,2025-07-07,BH-004677/2025
2499,6,11,XUAT,1,2025-07-07,BH-005547/2025
2500,4,143,XUAT,1,2025-07-07,BH-007433/2025
2501,3,12,XUAT,1,2025-07-08,BH-000345/2025
2502,4,121,XUAT,1,2025-07-08,BH-001339/2025
2503,2,157,XUAT,1,2025-07-08,BH-001345/2025
2504,4,88,XUAT,1,2025-07-08,BH-006416/2025
2505,3,69,NHAP,26,2025-07-09,
2506,1,23,XUAT,1,2025-07-09,BH-003056/2025
2507,3,28,XUAT,1,2025-07-09,BH-004079/2025
2508,2,24,XUAT,1,2025-07-09,BH-004112/2025
2509,5,13,XUAT,1,2025-07-09,BH-004467/2025
2510,1,59,XUAT,2,2025-07-10,BH-000060/2025
2511,3,96,XUAT,1,2025-07-10,BH-001212/2025
2512,1,120,XUAT,1,2025-07-10,BH-004940/2025
2513,4,83,XUAT,2,2025-07-10,BH-005386/2025
2514,3,26,XUAT,1,2025-07-11,BH-000404/2025
2515,3,119,XUAT,2,2025-07-11,BH-000446/2025
2516,5,122,XUAT,1,2025-07-11,BH-004624/2025
2517,3,137,XUAT,1,2025-07-12,BH-000037/2025
2518,2,19,XUAT,1,2025-07-12,BH-000621/2025
2519,1,164,NHAP,10,2025-07-12,
2520,5,34,XUAT,2,2025-07-12,BH-004298/2025
2521,1,46,NHAP,18,2025-07-12,
2522,4,74,XUAT,1,2025-07-12,BH-006804/2025
2523,3,171,XUAT,2,2025-07-12,BH-007322/2025
2524,6,105,XUAT,1,2025-07-13,BH-000683/2025
2525,5,127,XUAT,1,2025-07-13,BH-000728/2025
2526,1,44,XUAT,1,2025-07-13,BH-001846/2025
2527,2,52,XUAT,1,2025-07-13,BH-003590/2025
2528,3,153,XUAT,1,2025-07-13,BH-004451/2025
2529,2,109,XUAT,1,2025-07-13,BH-005529/2025
2530,3,23,XUAT,1,2025-07-13,BH-005531/2025
2531,6,81,XUAT,1,2025-07-13,BH-006192/2025
2532,1,36,XUAT,1,2025-07-13,BH-006479/2025
2533,3,108,XUAT,1,2025-07-14,BH-002029/2025
2534,4,14,NHAP,5,2025-07-14,
2535,6,65,XUAT,1,2025-07-14,BH-003798/2025
2536,3,108,XUAT,1,2025-07-14,BH-005130/2025
2537,4,66,XUAT,1,2025-07-14,BH-007222/2025
2538,6,26,XUAT,1,2025-07-14,BH-007776/2025
2539,5,10,XUAT,1,2025-07-15,BH-001270/2025
2540,6,144,XUAT,2,2025-07-15,BH-002453/2025
2541,1,50,XUAT,1,2025-07-15,BH-005568/2025
2542,1,55,XUAT,1,2025-07-16,BH-001408/2025
2543,1,9,XUAT,1,2025-07-16,BH-003708/2025
2544,3,157,XUAT,1,2025-07-16,BH-004821/2025
2545,2,17,NHAP,28,2025-07-16,
2546,3,171,XUAT,1,2025-07-16,BH-006053/2025
2547,2,37,XUAT,1,2025-07-16,BH-006244/2025
2548,6,93,XUAT,2,2025-07-17,BH-000692/2025
2549,6,42,XUAT,1,2025-07-17,BH-003523/2025
2550,3,37,XUAT,1,2025-07-17,BH-004129/2025
2551,1,153,XUAT,1,2025-07-17,BH-004242/2025
2552,3,22,XUAT,1,2025-07-17,BH-004501/2025
2553,4,5,XUAT,1,2025-07-17,BH-005762/2025
2554,3,12,XUAT,2,2025-07-17,BH-006234/2025
2555,1,143,XUAT,1,2025-07-18,BH-000222/2025
2556,4,140,NHAP,26,2025-07-18,
2557,6,173,XUAT,1,2025-07-18,BH-001592/2025
2558,3,120,NHAP,30,2025-07-18,
2559,3,73,XUAT,1,2025-07-18,BH-003485/2025
2560,2,22,XUAT,1,2025-07-18,BH-007286/2025
2561,5,138,XUAT,1,2025-07-19,BH-002904/2025
2562,5,94,XUAT,1,2025-07-19,BH-003630/2025
2563,1,52,XUAT,1,2025-07-19,BH-003841/2025
2564,1,35,XUAT,2,2025-07-19,BH-004815/2025
2565,3,128,XUAT,1,2025-07-19,BH-004841/2025
2566,1,132,XUAT,1,2025-07-19,BH-005920/2025
2567,6,66,XUAT,1,2025-07-19,BH-006064/2025
2568,5,144,XUAT,1,2025-07-19,BH-007575/2025
2569,3,82,XUAT,1,2025-07-20,BH-000975/2025
2570,3,38,XUAT,1,2025-07-20,BH-002181/2025
2571,2,103,XUAT,1,2025-07-20,BH-003396/2025
2572,5,15,XUAT,1,2025-07-20,BH-003537/2025
2573,4,124,XUAT,1,2025-07-20,BH-006198/2025
2574,3,27,XUAT,1,2025-07-20,BH-007419/2025
2575,2,143,XUAT,1,2025-07-20,BH-007497/2025
2576,1,23,XUAT,2,2025-07-20,BH-007638/2025
2577,4,23,XUAT,1,2025-07-21,BH-000034/2025
2578,4,148,XUAT,1,2025-07-21,BH-000418/2025
2579,6,1,XUAT,1,2025-07-21,BH-002466/2025
2580,6,151,XUAT,1,2025-07-21,BH-002590/2025
2581,6,9,XUAT,1,2025-07-21,BH-002965/2025
2582,4,21,XUAT,1,2025-07-21,BH-003166/2025
2583,3,137,XUAT,1,2025-07-21,BH-005438/2025
2584,4,58,XUAT,1,2025-07-21,BH-005486/2025
2585,1,53,XUAT,1,2025-07-22,BH-000240/2025
2586,3,24,XUAT,1,2025-07-22,BH-001577/2025
2587,3,95,XUAT,1,2025-07-22,BH-002696/2025
2588,3,59,XUAT,1,2025-07-22,BH-004483/2025
2589,2,46,XUAT,1,2025-07-22,BH-005626/2025
2590,2,28,XUAT,1,2025-07-23,BH-000108/2025
2591,1,6,XUAT,1,2025-07-23,BH-000512/2025
2592,4,20,XUAT,1,2025-07-23,BH-001356/2025
2593,3,77,XUAT,1,2025-07-23,BH-001911/2025
2594,2,21,NHAP,9,2025-07-23,
2595,1,120,XUAT,1,2025-07-23,BH-006824/2025
2596,2,139,XUAT,1,2025-07-24,BH-000236/2025
2597,1,27,XUAT,1,2025-07-24,BH-000280/2025
2598,5,171,XUAT,1,2025-07-24,BH-002826/2025
2599,2,96,XUAT,1,2025-07-24,BH-005074/2025
2600,4,62,XUAT,2,2025-07-25,BH-001598/2025
2601,6,117,XUAT,1,2025-07-25,BH-001854/2025
2602,1,126,XUAT,1,2025-07-25,BH-002169/2025
2603,4,2,XUAT,1,2025-07-26,BH-000242/2025
2604,2,132,XUAT,1,2025-07-26,BH-002101/2025
2605,3,51,XUAT,1,2025-07-26,BH-003811/2025
2606,4,51,XUAT,1,2025-07-27,BH-000031/2025
2607,2,39,XUAT,1,2025-07-27,BH-001673/2025
2608,5,167,XUAT,2,2025-07-27,BH-002304/2025
2609,5,157,XUAT,1,2025-07-27,BH-003663/2025
2610,1,101,XUAT,1,2025-07-27,BH-006279/2025
2611,2,84,XUAT,1,2025-07-27,BH-007094/2025
2612,3,128,NHAP,11,2025-07-27,
2613,5,141,XUAT,1,2025-07-28,BH-002094/2025
2614,4,51,XUAT,1,2025-07-28,BH-002160/2025
2615,5,10,XUAT,1,2025-07-28,BH-002523/2025
2616,5,113,NHAP,25,2025-07-28,
2617,6,159,XUAT,1,2025-07-28,BH-004070/2025
2618,3,163,XUAT,1,2025-07-28,BH-004125/2025
2619,1,142,XUAT,1,2025-07-28,BH-005294/2025
2620,1,50,XUAT,1,2025-07-28,BH-005889/2025
2621,6,31,XUAT,1,2025-07-28,BH-006157/2025
2622,1,151,XUAT,1,2025-07-29,BH-000517/2025
2623,3,128,XUAT,1,2025-07-29,BH-003173/2025
2624,5,146,XUAT,1,2025-07-29,BH-005536/2025
2625,6,52,XUAT,1,2025-07-29,BH-006968/2025
2626,6,39,XUAT,1,2025-07-29,BH-007053/2025
2627,6,132,XUAT,1,2025-07-29,BH-007696/2025
2628,5,147,XUAT,1,2025-07-29,BH-007777/2025
2629,3,148,XUAT,1,2025-07-30,BH-001668/2025
2630,3,140,XUAT,1,2025-07-30,BH-003629/2025
2631,2,36,NHAP,28,2025-07-30,
2632,3,88,XUAT,1,2025-07-30,BH-005105/2025
2633,3,87,XUAT,1,2025-07-30,BH-005246/2025
2634,4,93,XUAT,1,2025-07-31,BH-001112/2025
2635,3,63,XUAT,1,2025-07-31,BH-003257/2025
2636,2,13,XUAT,1,2025-08-01,BH-001761/2025
2637,3,130,XUAT,1,2025-08-01,BH-003195/2025
2638,5,155,XUAT,1,2025-08-01,BH-006311/2025
2639,1,164,XUAT,1,2025-08-01,BH-007628/2025
2640,2,28,XUAT,1,2025-08-02,BH-001395/2025
2641,4,47,XUAT,1,2025-08-02,BH-003040/2025
2642,6,60,XUAT,1,2025-08-02,BH-005609/2025
2643,5,157,XUAT,1,2025-08-02,BH-005721/2025
2644,2,78,NHAP,21,2025-08-02,
2645,1,23,XUAT,1,2025-08-03,BH-002025/2025
2646,1,82,XUAT,1,2025-08-03,BH-004120/2025
2647,5,63,XUAT,1,2025-08-03,BH-005374/2025
2648,4,143,XUAT,1,2025-08-04,BH-002812/2025
2649,2,5,NHAP,11,2025-08-04,
2650,4,149,XUAT,1,2025-08-04,BH-006769/2025
2651,6,141,XUAT,1,2025-08-05,BH-001360/2025
2652,1,127,XUAT,1,2025-08-05,BH-001983/2025
2653,1,71,XUAT,1,2025-08-05,BH-003069/2025
2654,3,51,XUAT,1,2025-08-06,BH-000424/2025
2655,6,26,XUAT,1,2025-08-06,BH-001930/2025
2656,4,8,XUAT,1,2025-08-06,BH-003665/2025
2657,5,9,XUAT,1,2025-08-06,BH-006030/2025
2658,2,72,XUAT,1,2025-08-07,BH-001227/2025
2659,1,146,XUAT,1,2025-08-07,BH-001985/2025
2660,1,3,XUAT,1,2025-08-07,BH-003208/2025
2661,5,6,NHAP,17,2025-08-07,
2662,4,171,XUAT,1,2025-08-07,BH-006478/2025
2663,3,71,XUAT,1,2025-08-07,BH-007311/2025
2664,3,123,XUAT,1,2025-08-08,BH-000498/2025
2665,4,165,XUAT,1,2025-08-08,BH-002874/2025
2666,1,173,XUAT,1,2025-08-08,BH-005607/2025
2667,2,21,XUAT,1,2025-08-08,BH-007317/2025
2668,1,59,XUAT,1,2025-08-08,BH-007633/2025
2669,4,109,NHAP,23,2025-08-09,
2670,6,31,XUAT,1,2025-08-09,BH-003508/2025
2671,4,6,XUAT,1,2025-08-09,BH-003946/2025
2672,6,54,XUAT,1,2025-08-09,BH-007292/2025
2673,6,132,NHAP,27,2025-08-10,
2674,6,37,XUAT,1,2025-08-10,BH-005848/2025
2675,1,153,NHAP,11,2025-08-11,
2676,5,97,XUAT,1,2025-08-11,BH-001007/2025
2677,1,7,XUAT,2,2025-08-11,BH-002987/2025
2678,5,41,XUAT,1,2025-08-12,BH-002494/2025
2679,5,149,XUAT,1,2025-08-12,BH-003029/2025
2680,2,173,XUAT,1,2025-08-12,BH-003235/2025
2681,6,146,XUAT,2,2025-08-12,BH-004034/2025
2682,6,89,XUAT,1,2025-08-12,BH-004681/2025
2683,3,163,XUAT,1,2025-08-13,BH-000758/2025
2684,3,131,XUAT,1,2025-08-13,BH-000873/2025
2685,6,159,XUAT,1,2025-08-13,BH-001580/2025
2686,3,27,XUAT,1,2025-08-13,BH-002499/2025
2687,5,71,XUAT,1,2025-08-13,BH-002811/2025
2688,1,6,XUAT,1,2025-08-13,BH-004616/2025
2689,6,19,XUAT,1,2025-08-14,BH-001480/2025
2690,6,141,XUAT,1,2025-08-14,BH-002508/2025
2691,1,50,XUAT,1,2025-08-14,BH-006125/2025
2692,1,132,XUAT,1,2025-08-14,BH-007007/2025
2693,6,89,XUAT,1,2025-08-15,BH-000508/2025
2694,5,93,XUAT,1,2025-08-15,BH-000935/2025
2695,5,22,NHAP,14,2025-08-15,
2696,6,111,XUAT,1,2025-08-15,BH-004185/2025
2697,1,52,XUAT,1,2025-08-15,BH-004667/2025
2698,6,90,NHAP,24,2025-08-15,
2699,2,149,XUAT,1,2025-08-15,BH-007363/2025
2700,3,37,XUAT,1,2025-08-15,BH-007676/2025
2701,4,27,XUAT,1,2025-08-15,BH-007689/2025
2702,3,179,XUAT,2,2025-08-16,BH-002392/2025
2703,2,29,NHAP,20,2025-08-16,
2704,2,17,XUAT,1,2025-08-16,BH-004376/2025
2705,5,98,XUAT,1,2025-08-16,BH-005041/2025
2706,3,155,XUAT,1,2025-08-16,BH-005811/2025
2707,2,145,XUAT,1,2025-08-17,BH-000041/2025
2708,5,88,XUAT,1,2025-08-17,BH-000068/2025
2709,1,158,XUAT,2,2025-08-17,BH-000270/2025
2710,1,36,XUAT,1,2025-08-17,BH-001260/2025
2711,4,171,XUAT,1,2025-08-17,BH-002551/2025
2712,6,92,XUAT,1,2025-08-17,BH-003636/2025
2713,3,94,XUAT,1,2025-08-17,BH-007281/2025
2714,2,88,XUAT,1,2025-08-18,BH-004335/2025
2715,5,23,XUAT,2,2025-08-18,BH-005090/2025
2716,3,57,XUAT,1,2025-08-18,BH-006011/2025
2717,6,67,XUAT,1,2025-08-18,BH-006343/2025
2718,1,146,XUAT,1,2025-08-18,BH-006474/2025
2719,4,51,XUAT,1,2025-08-18,BH-007780/2025
2720,2,151,XUAT,1,2025-08-19,BH-002148/2025
2721,6,54,XUAT,1,2025-08-19,BH-002739/2025
2722,5,13,XUAT,1,2025-08-19,BH-002825/2025
2723,1,52,XUAT,1,2025-08-19,BH-003310/2025
2724,6,117,XUAT,1,2025-08-19,BH-003804/2025
2725,5,124,XUAT,1,2025-08-19,BH-004184/2025
2726,1,59,XUAT,1,2025-08-19,BH-006543/2025
2727,1,71,XUAT,1,2025-08-19,BH-006845/2025
2728,1,123,XUAT,1,2025-08-20,BH-001383/2025
2729,5,67,XUAT,1,2025-08-20,BH-002128/2025
2730,3,130,XUAT,1,2025-08-20,BH-004001/2025
2731,6,146,XUAT,1,2025-08-20,BH-004500/2025
2732,1,136,XUAT,1,2025-08-20,BH-004551/2025
2733,5,45,XUAT,1,2025-08-20,BH-005338/2025
2734,6,2,XUAT,1,2025-08-20,BH-005970/2025
2735,3,179,XUAT,1,2025-08-20,BH-006071/2025
2736,3,122,XUAT,1,2025-08-20,BH-007257/2025
2737,2,110,XUAT,1,2025-08-21,BH-000664/2025
2738,1,161,XUAT,1,2025-08-21,BH-002714/2025
2739,5,151,XUAT,1,2025-08-21,BH-007548/2025
2740,4,162,XUAT,1,2025-08-21,BH-007756/2025
2741,1,92,XUAT,1,2025-08-22,BH-000688/2025
2742,5,101,NHAP,10,2025-08-22,
2743,2,19,XUAT,1,2025-08-22,BH-002197/2025
2744,5,94,XUAT,1,2025-08-22,BH-002622/2025
2745,5,5,XUAT,1,2025-08-22,BH-004067/2025
2746,2,149,XUAT,1,2025-08-22,BH-004541/2025
2747,2,103,XUAT,1,2025-08-22,BH-005605/2025
2748,2,76,XUAT,1,2025-08-22,BH-005745/2025
2749,4,28,XUAT,1,2025-08-22,BH-006538/2025
2750,2,163,XUAT,1,2025-08-22,BH-006585/2025
2751,2,110,XUAT,1,2025-08-22,BH-007715/2025
2752,6,81,NHAP,13,2025-08-23,
2753,3,82,XUAT,1,2025-08-23,BH-007698/2025
2754,5,106,XUAT,1,2025-08-24,BH-000932/2025
2755,6,141,XUAT,1,2025-08-24,BH-001266/2025
2756,1,105,XUAT,1,2025-08-24,BH-001969/2025
2757,3,130,XUAT,2,2025-08-24,BH-003996/2025
2758,5,41,XUAT,1,2025-08-24,BH-005853/2025
2759,6,84,XUAT,1,2025-08-24,BH-005899/2025
2760,2,72,XUAT,1,2025-08-25,BH-001609/2025
2761,6,175,XUAT,1,2025-08-25,BH-001937/2025
2762,6,128,NHAP,26,2025-08-25,
2763,2,52,XUAT,1,2025-08-25,BH-004038/2025
2764,1,72,XUAT,1,2025-08-25,BH-004758/2025
2765,4,133,XUAT,1,2025-08-25,BH-005884/2025
2766,1,144,XUAT,1,2025-08-25,BH-006001/2025
2767,3,94,XUAT,1,2025-08-25,BH-007731/2025
2768,2,39,XUAT,1,2025-08-26,BH-005112/2025
2769,2,71,XUAT,1,2025-08-26,BH-006657/2025
2770,5,12,XUAT,1,2025-08-26,BH-006772/2025
2771,4,20,NHAP,19,2025-08-27,
2772,2,78,XUAT,1,2025-08-27,BH-000433/2025
2773,5,146,XUAT,1,2025-08-27,BH-003254/2025
2774,5,43,XUAT,1,2025-08-27,BH-003706/2025
2775,5,23,XUAT,1,2025-08-27,BH-005172/2025
2776,6,91,XUAT,1,2025-08-27,BH-005204/2025
2777,4,178,XUAT,2,2025-08-27,BH-006087/2025
2778,1,127,XUAT,1,2025-08-27,BH-007509/2025
2779,6,149,XUAT,1,2025-08-27,BH-007591/2025
2780,4,100,XUAT,1,2025-08-28,BH-000159/2025
2781,4,129,NHAP,9,2025-08-28,
2782,2,80,NHAP,21,2025-08-28,
2783,3,22,XUAT,1,2025-08-28,BH-005410/2025
2784,4,106,XUAT,1,2025-08-28,BH-006875/2025
2785,2,74,XUAT,1,2025-08-29,BH-000154/2025
2786,1,139,XUAT,2,2025-08-29,BH-000695/2025
2787,4,28,XUAT,1,2025-08-29,BH-000829/2025
2788,5,11,NHAP,22,2025-08-29,
2789,2,4,NHAP,29,2025-08-29,
2790,3,63,XUAT,1,2025-08-29,BH-001869/2025
2791,4,21,XUAT,1,2025-08-29,BH-002084/2025
2792,3,38,XUAT,1,2025-08-29,BH-002388/2025
2793,2,119,XUAT,1,2025-08-29,BH-002769/2025
2794,1,155,XUAT,1,2025-08-29,BH-004880/2025
2795,3,137,XUAT,1,2025-08-29,BH-006633/2025
2796,3,27,XUAT,1,2025-08-30,BH-000772/2025
2797,2,99,XUAT,1,2025-08-30,BH-001769/2025
2798,2,2,XUAT,1,2025-08-30,BH-002062/2025
2799,1,52,XUAT,1,2025-08-30,BH-002962/2025
2800,5,109,XUAT,1,2025-08-30,BH-003890/2025
2801,6,170,XUAT,1,2025-08-30,BH-004296/2025
2802,3,129,XUAT,1,2025-08-30,BH-004303/2025
2803,3,112,XUAT,1,2025-08-30,BH-004720/2025
2804,4,4,XUAT,2,2025-08-30,BH-005203/2025
2805,3,30,XUAT,1,2025-08-30,BH-006305/2025
2806,4,90,XUAT,1,2025-08-30,BH-007343/2025
2807,2,18,XUAT,1,2025-08-31,BH-000247/2025
2808,5,54,XUAT,1,2025-08-31,BH-000459/2025
2809,4,34,XUAT,1,2025-08-31,BH-000922/2025
2810,3,83,XUAT,2,2025-08-31,BH-002068/2025
2811,6,135,XUAT,1,2025-08-31,BH-002690/2025
2812,1,144,XUAT,1,2025-08-31,BH-003832/2025
2813,3,149,XUAT,1,2025-08-31,BH-005046/2025
2814,3,1,NHAP,28,2025-08-31,
2815,1,76,XUAT,1,2025-09-01,BH-000328/2025
2816,5,13,XUAT,1,2025-09-01,BH-000374/2025
2817,3,128,XUAT,1,2025-09-01,BH-001166/2025
2818,3,98,XUAT,1,2025-09-01,BH-002300/2025
2819,5,107,XUAT,1,2025-09-01,BH-003754/2025
2820,4,88,XUAT,1,2025-09-01,BH-005761/2025
2821,1,24,NHAP,13,2025-09-01,
2822,1,121,XUAT,1,2025-09-02,BH-001034/2025
2823,1,150,XUAT,1,2025-09-02,BH-001046/2025
2824,3,22,NHAP,18,2025-09-02,
2825,4,66,XUAT,1,2025-09-02,BH-001812/2025
2826,4,150,XUAT,1,2025-09-02,BH-003157/2025
2827,6,76,NHAP,27,2025-09-02,
2828,6,3,XUAT,1,2025-09-02,BH-006726/2025
2829,3,126,XUAT,1,2025-09-02,BH-006812/2025
2830,6,6,XUAT,2,2025-09-02,BH-006916/2025
2831,5,121,XUAT,1,2025-09-03,BH-000984/2025
2832,4,23,XUAT,1,2025-09-03,BH-001203/2025
2833,1,115,XUAT,1,2025-09-03,BH-001321/2025
2834,1,92,XUAT,1,2025-09-03,BH-002621/2025
2835,6,50,XUAT,1,2025-09-03,BH-002715/2025
2836,6,22,XUAT,1,2025-09-03,BH-004998/2025
2837,6,60,XUAT,1,2025-09-04,BH-000528/2025
2838,5,110,XUAT,2,2025-09-04,BH-001294/2025
2839,4,150,XUAT,2,2025-09-04,BH-001503/2025
2840,3,177,XUAT,1,2025-09-04,BH-002198/2025
2841,1,36,XUAT,1,2025-09-04,BH-002784/2025
2842,2,24,XUAT,1,2025-09-04,BH-003050/2025
2843,3,41,XUAT,1,2025-09-04,BH-003471/2025
2844,3,156,XUAT,2,2025-09-04,BH-003742/2025
2845,2,86,NHAP,29,2025-09-04,
2846,2,131,XUAT,1,2025-09-04,BH-004214/2025
2847,6,84,XUAT,1,2025-09-04,BH-005783/2025
2848,6,71,XUAT,1,2025-09-04,BH-005915/2025
2849,5,76,XUAT,1,2025-09-05,BH-006664/2025
2850,6,91,XUAT,1,2025-09-05,BH-006787/2025
2851,5,10,XUAT,1,2025-09-05,BH-006919/2025
2852,3,137,XUAT,1,2025-09-05,BH-007100/2025
2853,4,176,XUAT,1,2025-09-05,BH-007303/2025
2854,5,144,XUAT,1,2025-09-06,BH-001806/2025
2855,2,155,XUAT,1,2025-09-06,BH-002889/2025
2856,5,11,XUAT,1,2025-09-06,BH-002896/2025
2857,2,13,XUAT,1,2025-09-06,BH-003261/2025
2858,4,79,XUAT,1,2025-09-06,BH-004203/2025
2859,1,55,XUAT,1,2025-09-06,BH-004294/2025
2860,3,61,XUAT,1,2025-09-06,BH-004861/2025
2861,6,92,XUAT,1,2025-09-06,BH-006342/2025
2862,6,48,XUAT,1,2025-09-06,BH-007347/2025
2863,6,40,XUAT,1,2025-09-07,BH-000794/2025
2864,3,73,XUAT,1,2025-09-07,BH-002315/2025
2865,6,50,XUAT,1,2025-09-07,BH-005775/2025
2866,3,171,XUAT,1,2025-09-08,BH-002130/2025
2867,6,40,XUAT,1,2025-09-08,BH-005290/2025
2868,5,147,XUAT,1,2025-09-08,BH-007297/2025
2869,2,86,XUAT,1,2025-09-08,BH-007453/2025
2870,6,124,NHAP,13,2025-09-09,
2871,2,37,XUAT,1,2025-09-09,BH-001803/2025
2872,6,22,XUAT,1,2025-09-09,BH-002548/2025
2873,1,100,XUAT,2,2025-09-09,BH-005179/2025
2874,1,44,XUAT,2,2025-09-09,BH-005507/2025
2875,6,55,XUAT,1,2025-09-09,BH-005555/2025
2876,2,131,XUAT,1,2025-09-10,BH-000642/2025
2877,2,23,XUAT,1,2025-09-10,BH-002316/2025
2878,2,46,XUAT,1,2025-09-10,BH-002913/2025
2879,1,134,XUAT,1,2025-09-10,BH-003134/2025
2880,6,89,XUAT,1,2025-09-10,BH-003640/2025
2881,5,104,XUAT,1,2025-09-10,BH-004277/2025
2882,3,100,XUAT,1,2025-09-10,BH-004648/2025
2883,1,111,XUAT,1,2025-09-10,BH-005268/2025
2884,1,142,XUAT,1,2025-09-10,BH-005633/2025
2885,6,55,XUAT,1,2025-09-10,BH-007224/2025
2886,3,69,XUAT,1,2025-09-10,BH-007624/2025
2887,3,73,XUAT,1,2025-09-11,BH-002235/2025
2888,2,178,XUAT,1,2025-09-11,BH-003569/2025
2889,4,42,XUAT,1,2025-09-11,BH-006218/2025
2890,1,149,NHAP,12,2025-09-11,
2891,6,124,XUAT,1,2025-09-11,BH-007368/2025
2892,3,81,XUAT,1,2025-09-12,BH-003664/2025
2893,5,32,NHAP,14,2025-09-12,
2894,1,85,XUAT,1,2025-09-12,BH-004989/2025
2895,3,148,XUAT,2,2025-09-12,BH-007408/2025
2896,5,111,NHAP,21,2025-09-13,
2897,5,67,NHAP,7,2025-09-13,
2898,2,83,XUAT,1,2025-09-13,BH-002833/2025
2899,4,148,XUAT,1,2025-09-13,BH-002843/2025
2900,4,65,XUAT,1,2025-09-13,BH-005844/2025
2901,3,59,XUAT,1,2025-09-13,BH-007081/2025
2902,1,141,XUAT,1,2025-09-13,BH-007318/2025
2903,2,138,XUAT,1,2025-09-13,BH-007686/2025
2904,1,23,XUAT,1,2025-09-14,BH-002716/2025
2905,4,178,XUAT,1,2025-09-15,BH-006310/2025
2906,5,98,XUAT,1,2025-09-15,BH-006930/2025
2907,3,71,XUAT,1,2025-09-16,BH-000165/2025
2908,6,65,XUAT,1,2025-09-16,BH-000643/2025
2909,5,176,XUAT,1,2025-09-16,BH-001944/2025
2910,6,126,XUAT,1,2025-09-16,BH-004636/2025
2911,4,116,XUAT,1,2025-09-16,BH-005704/2025
2912,2,72,XUAT,1,2025-09-17,BH-002613/2025
2913,3,5,XUAT,1,2025-09-17,BH-006713/2025
2914,1,36,XUAT,1,2025-09-18,BH-002711/2025
2915,6,102,XUAT,2,2025-09-18,BH-003209/2025
2916,3,122,XUAT,1,2025-09-18,BH-004789/2025
2917,3,24,XUAT,1,2025-09-19,BH-000069/2025
2918,2,15,NHAP,5,2025-09-19,
2919,6,31,XUAT,1,2025-09-19,BH-002288/2025
2920,3,149,XUAT,1,2025-09-19,BH-005027/2025
2921,3,128,XUAT,1,2025-09-19,BH-006022/2025
2922,5,124,XUAT,1,2025-09-20,BH-001397/2025
2923,1,14,XUAT,1,2025-09-20,BH-002218/2025
2924,3,59,XUAT,1,2025-09-20,BH-004169/2025
2925,1,62,XUAT,1,2025-09-20,BH-005543/2025
2926,4,143,XUAT,1,2025-09-20,BH-007230/2025
2927,4,47,NHAP,7,2025-09-21,
2928,4,127,XUAT,1,2025-09-21,BH-003354/2025
2929,5,93,XUAT,1,2025-09-21,BH-003514/2025
2930,1,152,XUAT,1,2025-09-21,BH-005709/2025
2931,2,110,XUAT,1,2025-09-22,BH-001441/2025
2932,6,3,XUAT,1,2025-09-22,BH-002360/2025
2933,4,173,XUAT,1,2025-09-22,BH-003563/2025
2934,2,73,XUAT,2,2025-09-22,BH-004304/2025
2935,1,132,XUAT,1,2025-09-22,BH-005525/2025
2936,5,167,XUAT,1,2025-09-22,BH-005700/2025
2937,3,156,XUAT,1,2025-09-22,BH-006419/2025
2938,5,159,XUAT,1,2025-09-22,BH-007652/2025
2939,6,89,XUAT,1,2025-09-23,BH-000468/2025
2940,6,127,XUAT,1,2025-09-23,BH-003350/2025
2941,3,82,XUAT,1,2025-09-23,BH-004014/2025
2942,5,155,XUAT,1,2025-09-23,BH-004625/2025
2943,4,21,XUAT,1,2025-09-23,BH-006151/2025
2944,1,59,XUAT,1,2025-09-23,BH-007307/2025
2945,5,111,XUAT,1,2025-09-23,BH-007613/2025
2946,2,5,NHAP,27,2025-09-24,
2947,3,61,XUAT,1,2025-09-24,BH-005061/2025
2948,5,14,XUAT,2,2025-09-24,BH-005980/2025
2949,5,100,NHAP,20,2025-09-25,
2950,4,39,XUAT,1,2025-09-25,BH-001275/2025
2951,6,5,XUAT,1,2025-09-25,BH-001738/2025
2952,5,46,XUAT,1,2025-09-25,BH-005115/2025
2953,1,158,XUAT,1,2025-09-26,BH-000050/2025
2954,2,71,XUAT,1,2025-09-26,BH-001187/2025
2955,5,30,XUAT,1,2025-09-26,BH-003246/2025
2956,4,100,XUAT,1,2025-09-26,BH-006304/2025
2957,5,94,XUAT,2,2025-09-26,BH-006619/2025
2958,1,82,XUAT,2,2025-09-26,BH-007146/2025
2959,6,110,XUAT,1,2025-09-26,BH-007704/2025
2960,4,146,XUAT,2,2025-09-27,BH-000264/2025
2961,4,129,XUAT,1,2025-09-27,BH-000586/2025
2962,2,115,XUAT,1,2025-09-27,BH-001206/2025
2963,5,176,XUAT,1,2025-09-27,BH-001478/2025
2964,1,115,XUAT,1,2025-09-27,BH-002124/2025
2965,2,178,XUAT,1,2025-09-27,BH-003894/2025
2966,6,108,XUAT,1,2025-09-27,BH-004460/2025
2967,2,27,XUAT,1,2025-09-27,BH-005498/2025
2968,4,97,XUAT,1,2025-09-28,BH-001839/2025
2969,5,99,NHAP,18,2025-09-28,
2970,4,167,XUAT,1,2025-09-28,BH-002906/2025
2971,5,120,XUAT,1,2025-09-28,BH-004602/2025
2972,3,129,XUAT,1,2025-09-29,BH-000245/2025
2973,5,28,XUAT,1,2025-09-29,BH-000298/2025
2974,1,142,XUAT,1,2025-09-29,BH-001273/2025
2975,2,131,XUAT,1,2025-09-29,BH-001385/2025
2976,3,164,XUAT,1,2025-09-29,BH-002517/2025
2977,4,142,XUAT,1,2025-09-29,BH-005833/2025
2978,6,99,XUAT,1,2025-09-30,BH-000831/2025
2979,2,173,XUAT,1,2025-09-30,BH-000997/2025
2980,2,117,XUAT,1,2025-09-30,BH-003538/2025
2981,2,89,XUAT,1,2025-09-30,BH-004618/2025
2982,5,112,XUAT,1,2025-09-30,BH-005924/2025
2983,4,99,XUAT,1,2025-10-01,BH-000195/2025
2984,1,53,NHAP,17,2025-10-01,
2985,3,17,XUAT,1,2025-10-01,BH-002643/2025
2986,3,155,XUAT,1,2025-10-01,BH-005164/2025
2987,2,27,XUAT,1,2025-10-01,BH-005411/2025
2988,6,84,XUAT,1,2025-10-01,BH-006962/2025
2989,4,76,XUAT,1,2025-10-02,BH-000939/2025
2990,3,179,XUAT,1,2025-10-02,BH-003544/2025
2991,4,156,XUAT,1,2025-10-02,BH-003915/2025
2992,3,8,XUAT,1,2025-10-02,BH-005220/2025
2993,5,1,NHAP,14,2025-10-02,
2994,6,173,XUAT,1,2025-10-02,BH-005392/2025
2995,5,138,XUAT,1,2025-10-02,BH-006572/2025
2996,3,131,XUAT,1,2025-10-03,BH-001908/2025
2997,6,48,NHAP,14,2025-10-03,
2998,3,87,XUAT,1,2025-10-03,BH-004127/2025
2999,2,145,XUAT,1,2025-10-03,BH-006193/2025
3000,5,75,NHAP,6,2025-10-03,
3001,1,5,XUAT,1,2025-10-04,BH-003437/2025
3002,2,105,XUAT,1,2025-10-04,BH-005577/2025
3003,5,15,XUAT,1,2025-10-04,BH-005898/2025
3004,4,41,XUAT,1,2025-10-04,BH-005977/2025
3005,5,141,XUAT,1,2025-10-05,BH-000183/2025
3006,1,144,XUAT,2,2025-10-05,BH-001005/2025
3007,6,43,XUAT,1,2025-10-05,BH-001849/2025
3008,3,5,XUAT,2,2025-10-05,BH-005825/2025
3009,5,138,XUAT,1,2025-10-05,BH-005955/2025
3010,1,157,XUAT,1,2025-10-05,BH-006961/2025
3011,5,11,XUAT,1,2025-10-05,BH-007265/2025
3012,5,116,XUAT,2,2025-10-06,BH-001827/2025
3013,3,77,XUAT,1,2025-10-06,BH-002305/2025
3014,2,69,XUAT,1,2025-10-06,BH-002682/2025
3015,5,106,XUAT,1,2025-10-06,BH-003422/2025
3016,1,167,XUAT,1,2025-10-06,BH-003823/2025
3017,6,95,XUAT,1,2025-10-06,BH-006847/2025
3018,1,166,XUAT,1,2025-10-07,BH-002734/2025
3019,6,79,XUAT,1,2025-10-07,BH-005039/2025
3020,2,72,XUAT,2,2025-10-07,BH-005467/2025
3021,5,112,XUAT,1,2025-10-08,BH-001931/2025
3022,4,65,NHAP,17,2025-10-08,
3023,6,48,NHAP,24,2025-10-08,
3024,6,18,XUAT,1,2025-10-08,BH-005631/2025
3025,2,180,XUAT,1,2025-10-08,BH-006446/2025
3026,2,49,XUAT,1,2025-10-08,BH-007451/2025
3027,6,39,XUAT,1,2025-10-09,BH-000694/2025
3028,6,159,XUAT,1,2025-10-09,BH-000869/2025
3029,5,72,XUAT,1,2025-10-09,BH-003498/2025
3030,5,48,XUAT,1,2025-10-09,BH-006913/2025
3031,5,2,XUAT,1,2025-10-10,BH-002113/2025
3032,1,59,XUAT,1,2025-10-10,BH-002429/2025
3033,4,131,XUAT,1,2025-10-10,BH-004030/2025
3034,6,17,XUAT,1,2025-10-10,BH-004114/2025
3035,4,161,XUAT,1,2025-10-10,BH-006438/2025
3036,6,138,NHAP,22,2025-10-10,
3037,3,31,XUAT,1,2025-10-10,BH-007675/2025
3038,4,75,XUAT,2,2025-10-11,BH-000738/2025
3039,4,167,XUAT,1,2025-10-11,BH-002408/2025
3040,5,18,XUAT,1,2025-10-11,BH-002684/2025
3041,5,175,XUAT,2,2025-10-11,BH-002869/2025
3042,2,82,XUAT,1,2025-10-11,BH-002948/2025
3043,2,132,XUAT,1,2025-10-11,BH-004423/2025
3044,4,17,XUAT,1,2025-10-11,BH-007348/2025
3045,3,41,XUAT,1,2025-10-12,BH-000981/2025
3046,5,155,XUAT,1,2025-10-12,BH-000990/2025
3047,6,42,XUAT,1,2025-10-12,BH-005336/2025
3048,3,15,XUAT,2,2025-10-12,BH-007090/2025
3049,2,8,XUAT,1,2025-10-13,BH-001337/2025
3050,1,99,XUAT,1,2025-10-13,BH-002753/2025
3051,2,147,XUAT,1,2025-10-13,BH-003789/2025
3052,3,41,XUAT,1,2025-10-14,BH-001384/2025
3053,4,60,XUAT,1,2025-10-14,BH-004417/2025
3054,5,157,XUAT,1,2025-10-14,BH-005676/2025
3055,5,17,XUAT,1,2025-10-14,BH-007565/2025
3056,4,132,XUAT,1,2025-10-15,BH-000749/2025
3057,6,72,XUAT,1,2025-10-15,BH-000760/2025
3058,1,22,XUAT,1,2025-10-15,BH-001829/2025
3059,1,13,XUAT,1,2025-10-15,BH-002524/2025
3060,2,45,XUAT,1,2025-10-15,BH-002841/2025
3061,2,145,XUAT,2,2025-10-15,BH-004475/2025
3062,3,168,XUAT,1,2025-10-15,BH-005819/2025
3063,4,71,XUAT,1,2025-10-15,BH-006297/2025
3064,5,29,XUAT,1,2025-10-15,BH-006879/2025
3065,5,176,XUAT,1,2025-10-15,BH-007047/2025
3066,6,79,XUAT,1,2025-10-16,BH-000733/2025
3067,1,136,XUAT,1,2025-10-16,BH-001953/2025
3068,5,72,XUAT,2,2025-10-16,BH-002741/2025
3069,5,157,NHAP,23,2025-10-16,
3070,6,129,XUAT,1,2025-10-16,BH-005154/2025
3071,3,45,XUAT,1,2025-10-16,BH-005509/2025
3072,5,168,XUAT,1,2025-10-16,BH-006808/2025
3073,3,104,XUAT,1,2025-10-17,BH-002050/2025
3074,4,180,XUAT,1,2025-10-17,BH-003072/2025
3075,6,1,XUAT,1,2025-10-17,BH-005409/2025
3076,5,119,XUAT,1,2025-10-17,BH-007133/2025
3077,3,20,XUAT,1,2025-10-18,BH-000216/2025
3078,2,132,XUAT,1,2025-10-18,BH-001681/2025
3079,2,90,XUAT,1,2025-10-18,BH-002093/2025
3080,4,106,XUAT,1,2025-10-18,BH-002407/2025
3081,5,34,XUAT,1,2025-10-18,BH-003420/2025
3082,6,126,XUAT,1,2025-10-18,BH-004111/2025
3083,6,50,XUAT,1,2025-10-18,BH-004954/2025
3084,1,119,XUAT,1,2025-10-18,BH-007001/2025
3085,6,143,XUAT,1,2025-10-19,BH-002059/2025
3086,1,21,XUAT,1,2025-10-19,BH-002450/2025
3087,4,65,XUAT,1,2025-10-19,BH-004499/2025
3088,1,93,XUAT,1,2025-10-19,BH-005196/2025
3089,6,43,XUAT,1,2025-10-19,BH-006422/2025
3090,1,54,XUAT,1,2025-10-19,BH-007426/2025
3091,2,56,XUAT,2,2025-10-20,BH-001032/2025
3092,5,180,XUAT,1,2025-10-20,BH-001297/2025
3093,2,22,XUAT,1,2025-10-20,BH-003424/2025
3094,1,175,XUAT,2,2025-10-20,BH-003693/2025
3095,5,106,XUAT,1,2025-10-20,BH-003851/2025
3096,5,130,XUAT,1,2025-10-20,BH-004935/2025
3097,6,37,XUAT,2,2025-10-20,BH-005878/2025
3098,1,138,XUAT,1,2025-10-20,BH-006156/2025
3099,6,97,XUAT,1,2025-10-21,BH-000030/2025
3100,6,40,XUAT,1,2025-10-21,BH-002135/2025
3101,1,116,XUAT,1,2025-10-21,BH-004607/2025
3102,2,33,XUAT,1,2025-10-21,BH-005912/2025
3103,3,129,XUAT,1,2025-10-22,BH-000395/2025
3104,1,43,XUAT,1,2025-10-22,BH-001730/2025
3105,4,178,XUAT,1,2025-10-22,BH-002818/2025
3106,3,99,XUAT,1,2025-10-22,BH-003114/2025
3107,3,135,XUAT,1,2025-10-22,BH-005298/2025
3108,3,130,XUAT,1,2025-10-22,BH-005992/2025
3109,2,7,NHAP,12,2025-10-22,
3110,6,65,XUAT,1,2025-10-22,BH-007525/2025
3111,1,165,XUAT,1,2025-10-23,BH-001710/2025
3112,2,138,XUAT,1,2025-10-23,BH-003361/2025
3113,4,28,XUAT,1,2025-10-23,BH-003547/2025
3114,2,157,XUAT,1,2025-10-23,BH-003950/2025
3115,2,143,XUAT,1,2025-10-24,BH-000274/2025
3116,3,146,NHAP,15,2025-10-24,
3117,6,8,XUAT,1,2025-10-24,BH-006042/2025
3118,4,104,NHAP,19,2025-10-24,
3119,3,135,NHAP,26,2025-10-25,
3120,5,144,XUAT,1,2025-10-25,BH-000940/2025
3121,3,177,XUAT,1,2025-10-25,BH-002462/2025
3122,4,75,XUAT,1,2025-10-25,BH-003286/2025
3123,6,27,XUAT,1,2025-10-25,BH-004209/2025
3124,6,8,NHAP,6,2025-10-25,
3125,4,109,XUAT,1,2025-10-25,BH-005331/2025
3126,4,97,XUAT,1,2025-10-26,BH-000347/2025
3127,6,53,XUAT,1,2025-10-26,BH-001028/2025
3128,3,41,XUAT,1,2025-10-26,BH-005367/2025
3129,6,170,XUAT,1,2025-10-26,BH-005658/2025
3130,2,18,XUAT,1,2025-10-26,BH-007108/2025
3131,1,55,XUAT,1,2025-10-26,BH-007448/2025
3132,1,132,XUAT,1,2025-10-27,BH-000303/2025
3133,3,105,XUAT,1,2025-10-27,BH-000696/2025
3134,3,82,XUAT,1,2025-10-27,BH-001971/2025
3135,6,76,XUAT,1,2025-10-27,BH-003001/2025
3136,3,123,XUAT,2,2025-10-28,BH-000181/2025
3137,1,60,XUAT,1,2025-10-28,BH-002071/2025
3138,5,85,XUAT,1,2025-10-28,BH-003552/2025
3139,2,22,XUAT,1,2025-10-28,BH-004237/2025
3140,3,51,XUAT,1,2025-10-28,BH-004695/2025
3141,4,64,XUAT,1,2025-10-28,BH-005402/2025
3142,4,126,XUAT,1,2025-10-28,BH-006544/2025
3143,3,164,NHAP,10,2025-10-29,
3144,4,47,NHAP,18,2025-10-29,
3145,3,17,XUAT,1,2025-10-29,BH-002627/2025
3146,3,84,NHAP,21,2025-10-29,
3147,1,12,XUAT,1,2025-10-29,BH-003585/2025
3148,2,113,XUAT,1,2025-10-29,BH-003669/2025
3149,4,139,XUAT,1,2025-10-29,BH-006210/2025
3150,3,138,XUAT,1,2025-10-29,BH-007012/2025
3151,1,111,XUAT,2,2025-10-29,BH-007320/2025
3152,4,22,XUAT,1,2025-10-30,BH-000285/2025
3153,4,116,XUAT,1,2025-10-30,BH-001096/2025
3154,5,171,XUAT,1,2025-10-30,BH-001459/2025
3155,2,113,XUAT,1,2025-10-30,BH-003364/2025
3156,3,12,XUAT,1,2025-10-30,BH-004672/2025
3157,2,161,XUAT,1,2025-10-30,BH-004895/2025
3158,3,119,XUAT,1,2025-10-30,BH-005044/2025
3159,3,165,XUAT,1,2025-10-30,BH-005481/2025
3160,3,146,XUAT,1,2025-10-31,BH-003379/2025
3161,5,5,XUAT,1,2025-10-31,BH-006334/2025
3162,5,107,NHAP,25,2025-10-31,
3163,5,109,XUAT,1,2025-10-31,BH-007474/2025
3164,1,174,XUAT,1,2025-10-31,BH-007560/2025
3165,2,81,XUAT,1,2025-11-01,BH-000147/2025
3166,6,93,XUAT,1,2025-11-01,BH-002587/2025
3167,2,45,XUAT,1,2025-11-01,BH-003402/2025
3168,6,159,XUAT,1,2025-11-01,BH-004276/2025
3169,1,36,XUAT,1,2025-11-01,BH-004380/2025
3170,2,62,NHAP,27,2025-11-02,
3171,4,10,XUAT,1,2025-11-02,BH-007058/2025
3172,6,61,XUAT,1,2025-11-02,BH-007138/2025
3173,6,55,XUAT,1,2025-11-03,BH-001781/2025
3174,4,173,XUAT,1,2025-11-03,BH-002410/2025
3175,4,152,XUAT,1,2025-11-03,BH-002575/2025
3176,3,53,XUAT,1,2025-11-03,BH-002667/2025
3177,6,13,XUAT,1,2025-11-03,BH-002755/2025
3178,5,141,XUAT,1,2025-11-03,BH-002805/2025
3179,3,11,XUAT,2,2025-11-03,BH-005834/2025
3180,5,37,XUAT,1,2025-11-03,BH-007760/2025
3181,4,139,XUAT,1,2025-11-04,BH-000422/2025
3182,5,37,NHAP,19,2025-11-04,
3183,2,145,XUAT,1,2025-11-04,BH-001880/2025
3184,3,146,XUAT,1,2025-11-04,BH-002637/2025
3185,1,143,XUAT,1,2025-11-04,BH-002877/2025
3186,4,21,XUAT,1,2025-11-04,BH-004160/2025
3187,6,37,XUAT,1,2025-11-04,BH-004175/2025
3188,5,176,XUAT,1,2025-11-04,BH-005075/2025
3189,2,16,XUAT,1,2025-11-04,BH-006953/2025
3190,4,134,XUAT,1,2025-11-05,BH-000585/2025
3191,5,1,XUAT,1,2025-11-05,BH-000941/2025
3192,1,22,XUAT,1,2025-11-05,BH-001196/2025
3193,4,156,XUAT,1,2025-11-05,BH-001661/2025
3194,6,50,XUAT,1,2025-11-05,BH-003678/2025
3195,3,38,XUAT,1,2025-11-05,BH-003917/2025
3196,3,73,XUAT,1,2025-11-05,BH-007495/2025
3197,5,160,XUAT,1,2025-11-06,BH-000734/2025
3198,5,119,NHAP,9,2025-11-06,
3199,2,8,XUAT,1,2025-11-06,BH-004386/2025
3200,2,105,XUAT,1,2025-11-06,BH-005972/2025
3201,4,118,XUAT,1,2025-11-06,BH-006284/2025
3202,5,3,XUAT,2,2025-11-06,BH-007697/2025
3203,1,58,XUAT,1,2025-11-07,BH-000311/2025
3204,2,145,XUAT,1,2025-11-07,BH-001018/2025
3205,5,96,XUAT,1,2025-11-07,BH-001452/2025
3206,1,143,XUAT,1,2025-11-07,BH-002066/2025
3207,2,165,XUAT,1,2025-11-07,BH-002308/2025
3208,6,60,XUAT,2,2025-11-07,BH-002847/2025
3209,6,162,XUAT,1,2025-11-07,BH-002900/2025
3210,4,9,XUAT,2,2025-11-07,BH-004016/2025
3211,4,56,NHAP,13,2025-11-07,
3212,4,100,XUAT,1,2025-11-08,BH-000085/2025
3213,3,24,XUAT,1,2025-11-08,BH-001494/2025
3214,2,1,XUAT,1,2025-11-08,BH-002505/2025
3215,5,168,XUAT,1,2025-11-08,BH-003219/2025
3216,1,75,XUAT,1,2025-11-08,BH-004377/2025
3217,3,83,XUAT,1,2025-11-08,BH-004517/2025
3218,6,63,XUAT,1,2025-11-08,BH-004701/2025
3219,4,64,XUAT,1,2025-11-08,BH-005343/2025
3220,1,102,XUAT,1,2025-11-08,BH-007384/2025
3221,5,130,XUAT,1,2025-11-09,BH-001008/2025
3222,4,131,XUAT,1,2025-11-09,BH-002373/2025
3223,3,31,XUAT,2,2025-11-09,BH-003307/2025
3224,4,81,XUAT,1,2025-11-09,BH-004287/2025
3225,2,135,XUAT,1,2025-11-09,BH-004717/2025
3226,2,44,XUAT,1,2025-11-09,BH-005060/2025
3227,1,179,XUAT,1,2025-11-09,BH-006267/2025
3228,3,49,XUAT,1,2025-11-10,BH-003357/2025
3229,4,21,XUAT,1,2025-11-10,BH-003574/2025
3230,2,2,XUAT,2,2025-11-10,BH-003647/2025
3231,1,24,XUAT,2,2025-11-10,BH-003920/2025
3232,6,26,XUAT,1,2025-11-10,BH-005485/2025
3233,4,169,XUAT,1,2025-11-10,BH-006371/2025
3234,5,166,XUAT,2,2025-11-10,BH-007107/2025
3235,5,3,XUAT,1,2025-11-10,BH-007240/2025
3236,6,134,XUAT,1,2025-11-11,BH-001758/2025
3237,5,104,XUAT,1,2025-11-11,BH-003469/2025
3238,4,22,XUAT,2,2025-11-11,BH-004290/2025
3239,3,150,XUAT,1,2025-11-11,BH-005006/2025
3240,2,149,XUAT,1,2025-11-11,BH-005784/2025
3241,4,16,NHAP,28,2025-11-12,
3242,6,9,NHAP,21,2025-11-12,
3243,2,71,XUAT,1,2025-11-12,BH-001364/2025
3244,5,63,XUAT,1,2025-11-12,BH-002433/2025
3245,5,47,XUAT,1,2025-11-12,BH-004975/2025
3246,4,180,XUAT,1,2025-11-12,BH-007605/2025
3247,4,167,NHAP,8,2025-11-13,
3248,6,173,XUAT,1,2025-11-13,BH-001571/2025
3249,5,59,XUAT,1,2025-11-13,BH-004585/2025
3250,3,68,XUAT,2,2025-11-13,BH-005687/2025
3251,4,75,XUAT,1,2025-11-13,BH-006072/2025
3252,4,55,XUAT,1,2025-11-13,BH-006482/2025
3253,1,3,NHAP,8,2025-11-14,
3254,4,137,XUAT,1,2025-11-14,BH-001651/2025
3255,1,38,XUAT,2,2025-11-14,BH-003741/2025
3256,5,9,XUAT,1,2025-11-14,BH-003891/2025
3257,3,5,NHAP,17,2025-11-14,
3258,5,32,XUAT,2,2025-11-14,BH-007391/2025
3259,5,2,XUAT,1,2025-11-14,BH-007572/2025
3260,4,2,XUAT,1,2025-11-15,BH-002048/2025
3261,6,139,XUAT,1,2025-11-15,BH-002707/2025
3262,2,109,XUAT,1,2025-11-15,BH-002759/2025
3263,2,13,XUAT,1,2025-11-15,BH-003689/2025
3264,2,129,NHAP,30,2025-11-15,
3265,3,87,XUAT,1,2025-11-15,BH-007003/2025
3266,1,88,NHAP,22,2025-11-16,
3267,4,142,XUAT,1,2025-11-16,BH-001380/2025
3268,4,38,NHAP,16,2025-11-16,
3269,5,45,NHAP,28,2025-11-16,
3270,5,34,XUAT,1,2025-11-16,BH-001837/2025
3271,6,26,XUAT,1,2025-11-16,BH-002953/2025
3272,2,73,XUAT,1,2025-11-16,BH-004018/2025
3273,1,147,XUAT,1,2025-11-16,BH-004502/2025
3274,2,96,XUAT,1,2025-11-16,BH-004847/2025
3275,6,93,XUAT,1,2025-11-16,BH-007028/2025
3276,3,51,XUAT,1,2025-11-17,BH-000278/2025
3277,6,9,XUAT,2,2025-11-17,BH-000409/2025
3278,2,132,XUAT,1,2025-11-17,BH-000998/2025
3279,5,171,XUAT,1,2025-11-17,BH-001698/2025
3280,3,140,XUAT,1,2025-11-17,BH-001783/2025
3281,4,85,NHAP,20,2025-11-17,
3282,4,79,XUAT,1,2025-11-17,BH-006526/2025
3283,3,137,XUAT,2,2025-11-17,BH-007228/2025
3284,5,84,NHAP,7,2025-11-18,
3285,1,28,XUAT,1,2025-11-18,BH-003366/2025
3286,2,49,XUAT,1,2025-11-19,BH-005252/2025
3287,5,44,NHAP,22,2025-11-19,
3288,1,7,XUAT,1,2025-11-20,BH-000032/2025
3289,4,165,XUAT,1,2025-11-20,BH-000402/2025
3290,2,99,XUAT,2,2025-11-20,BH-000479/2025
3291,5,133,XUAT,1,2025-11-20,BH-000960/2025
3292,4,129,XUAT,1,2025-11-20,BH-003190/2025
3293,6,87,XUAT,1,2025-11-20,BH-004433/2025
3294,6,104,XUAT,1,2025-11-20,BH-004488/2025
3295,3,100,XUAT,1,2025-11-20,BH-006775/2025
3296,6,6,XUAT,1,2025-11-21,BH-005032/2025
3297,4,30,XUAT,1,2025-11-21,BH-005165/2025
3298,5,144,XUAT,1,2025-11-21,BH-005995/2025
3299,5,100,XUAT,1,2025-11-22,BH-004022/2025
3300,2,110,XUAT,1,2025-11-22,BH-005720/2025
3301,4,94,XUAT,1,2025-11-22,BH-007752/2025
3302,3,27,XUAT,1,2025-11-23,BH-000447/2025
3303,2,69,XUAT,1,2025-11-23,BH-001372/2025
3304,6,175,XUAT,1,2025-11-23,BH-001495/2025
3305,4,22,XUAT,1,2025-11-23,BH-002447/2025
3306,5,76,XUAT,1,2025-11-23,BH-005933/2025
3307,6,66,XUAT,2,2025-11-23,BH-006195/2025
3308,6,10,XUAT,1,2025-11-23,BH-007742/2025
3309,6,91,XUAT,1,2025-11-24,BH-003221/2025
3310,5,44,XUAT,1,2025-11-24,BH-006556/2025
3311,1,123,XUAT,1,2025-11-24,BH-007196/2025
3312,2,180,XUAT,1,2025-11-25,BH-000118/2025
3313,5,152,NHAP,20,2025-11-25,
3314,2,80,XUAT,1,2025-11-25,BH-001768/2025
3315,6,49,XUAT,1,2025-11-25,BH-003164/2025
3316,4,95,XUAT,1,2025-11-25,BH-004047/2025
3317,6,117,XUAT,1,2025-11-25,BH-004284/2025
3318,5,84,XUAT,1,2025-11-25,BH-004586/2025
3319,6,42,XUAT,1,2025-11-26,BH-000253/2025
3320,3,8,XUAT,1,2025-11-26,BH-000860/2025
3321,6,99,XUAT,1,2025-11-26,BH-003151/2025
3322,2,119,XUAT,1,2025-11-26,BH-005043/2025
3323,1,81,XUAT,1,2025-11-27,BH-000304/2025
3324,3,23,XUAT,1,2025-11-27,BH-001039/2025
3325,6,146,XUAT,1,2025-11-27,BH-001799/2025
3326,4,5,XUAT,1,2025-11-27,BH-001942/2025
3327,3,128,NHAP,18,2025-11-27,
3328,3,83,XUAT,1,2025-11-27,BH-004563/2025
3329,4,32,XUAT,1,2025-11-27,BH-006238/2025
3330,4,72,XUAT,1,2025-11-27,BH-006362/2025
3331,2,96,XUAT,2,2025-11-27,BH-007033/2025
3332,4,162,XUAT,1,2025-11-28,BH-001298/2025
3333,5,106,XUAT,1,2025-11-28,BH-004576/2025
3334,6,33,XUAT,1,2025-11-28,BH-005420/2025
3335,2,72,XUAT,1,2025-11-28,BH-006703/2025
3336,4,24,XUAT,1,2025-11-29,BH-000633/2025
3337,6,171,XUAT,1,2025-11-29,BH-001269/2025
3338,6,60,XUAT,1,2025-11-29,BH-002356/2025
3339,3,31,XUAT,1,2025-11-29,BH-004762/2025
3340,1,18,XUAT,1,2025-11-29,BH-004981/2025
3341,3,150,XUAT,1,2025-11-29,BH-006093/2025
3342,1,120,XUAT,1,2025-11-29,BH-007385/2025
3343,1,138,NHAP,27,2025-11-30,
3344,4,146,XUAT,1,2025-11-30,BH-003061/2025
3345,1,142,XUAT,1,2025-11-30,BH-003875/2025
3346,6,42,XUAT,1,2025-11-30,BH-005264/2025
3347,5,138,XUAT,1,2025-11-30,BH-005351/2025
3348,2,145,XUAT,1,2025-11-30,BH-005723/2025
3349,5,32,XUAT,1,2025-11-30,BH-005959/2025
3350,2,157,XUAT,1,2025-11-30,BH-006521/2025
3351,6,150,XUAT,1,2025-11-30,BH-006822/2025
3352,1,180,XUAT,1,2025-11-30,BH-006837/2025
3353,4,2,XUAT,1,2025-12-01,BH-000839/2025
3354,4,55,XUAT,1,2025-12-01,BH-006096/2025
3355,1,96,NHAP,5,2025-12-01,
3356,2,139,XUAT,1,2025-12-01,BH-007711/2025
3357,2,76,XUAT,1,2025-12-02,BH-000556/2025
3358,6,13,XUAT,1,2025-12-02,BH-002164/2025
3359,5,162,XUAT,1,2025-12-02,BH-004078/2025
3360,2,16,XUAT,1,2025-12-02,BH-004421/2025
3361,1,160,XUAT,2,2025-12-02,BH-004702/2025
3362,3,128,XUAT,1,2025-12-03,BH-003318/2025
3363,3,102,XUAT,1,2025-12-03,BH-006922/2025
3364,3,63,XUAT,1,2025-12-04,BH-002736/2025
3365,2,32,NHAP,15,2025-12-04,
3366,3,98,XUAT,1,2025-12-04,BH-004198/2025
3367,2,13,XUAT,1,2025-12-04,BH-004566/2025
3368,4,85,XUAT,1,2025-12-04,BH-006891/2025
3369,2,86,XUAT,1,2025-12-04,BH-007044/2025
3370,3,57,XUAT,1,2025-12-05,BH-000492/2025
3371,5,59,XUAT,1,2025-12-05,BH-003027/2025
3372,6,88,XUAT,1,2025-12-05,BH-004105/2025
3373,6,104,XUAT,1,2025-12-05,BH-005278/2025
3374,3,84,XUAT,1,2025-12-05,BH-007750/2025
3375,2,27,XUAT,1,2025-12-06,BH-000506/2025
3376,3,43,XUAT,1,2025-12-06,BH-001845/2025
3377,2,26,XUAT,1,2025-12-06,BH-006559/2025
3378,5,23,XUAT,1,2025-12-06,BH-007156/2025
3379,1,161,XUAT,1,2025-12-07,BH-002884/2025
3380,3,24,XUAT,1,2025-12-07,BH-005812/2025
3381,5,45,XUAT,1,2025-12-07,BH-006440/2025
3382,6,65,XUAT,1,2025-12-07,BH-006759/2025
3383,6,105,XUAT,1,2025-12-07,BH-007092/2025
3384,5,178,XUAT,1,2025-12-07,BH-007335/2025
3385,5,169,XUAT,1,2025-12-08,BH-001178/2025
3386,1,117,NHAP,29,2025-12-08,
3387,3,27,XUAT,1,2025-12-08,BH-004647/2025
3388,2,125,XUAT,2,2025-12-09,BH-000876/2025
3389,6,133,XUAT,1,2025-12-09,BH-003066/2025
3390,4,167,XUAT,1,2025-12-09,BH-003439/2025
3391,6,64,NHAP,15,2025-12-09,
3392,2,119,NHAP,18,2025-12-10,
3393,1,3,XUAT,1,2025-12-10,BH-004240/2025
3394,4,102,XUAT,1,2025-12-10,BH-004708/2025
3395,1,61,NHAP,7,2025-12-10,
3396,4,42,XUAT,1,2025-12-10,BH-007788/2025
3397,6,61,XUAT,1,2025-12-11,BH-001342/2025
3398,3,102,XUAT,1,2025-12-11,BH-001739/2025
3399,3,128,XUAT,1,2025-12-11,BH-007120/2025
3400,6,144,XUAT,1,2025-12-11,BH-007299/2025
3401,4,97,XUAT,1,2025-12-12,BH-000224/2025
3402,6,116,NHAP,30,2025-12-12,
3403,1,166,XUAT,1,2025-12-12,BH-002801/2025
3404,3,174,XUAT,1,2025-12-12,BH-004293/2025
3405,2,14,XUAT,1,2025-12-12,BH-004664/2025
3406,6,8,XUAT,1,2025-12-12,BH-006194/2025
3407,6,151,XUAT,1,2025-12-12,BH-006576/2025
3408,6,60,XUAT,1,2025-12-14,BH-004929/2025
3409,5,46,XUAT,2,2025-12-14,BH-005210/2025
3410,1,167,XUAT,1,2025-12-14,BH-005495/2025
3411,6,104,XUAT,2,2025-12-14,BH-007574/2025
3412,4,73,XUAT,1,2025-12-15,BH-001815/2025
3413,6,40,XUAT,1,2025-12-15,BH-003245/2025
3414,1,102,XUAT,1,2025-12-15,BH-003775/2025
3415,1,115,XUAT,1,2025-12-15,BH-006005/2025
3416,1,129,XUAT,2,2025-12-15,BH-006316/2025
3417,3,39,NHAP,18,2025-12-16,
3418,6,54,XUAT,1,2025-12-16,BH-001431/2025
3419,4,131,XUAT,1,2025-12-16,BH-002908/2025
3420,2,4,XUAT,1,2025-12-16,BH-003101/2025
3421,5,85,XUAT,1,2025-12-16,BH-003528/2025
3422,2,62,XUAT,1,2025-12-16,BH-005077/2025
3423,2,138,XUAT,1,2025-12-16,BH-006063/2025
3424,3,120,XUAT,1,2025-12-16,BH-006506/2025
3425,6,143,XUAT,1,2025-12-16,BH-006528/2025
3426,2,119,XUAT,1,2025-12-17,BH-002186/2025
3427,4,23,XUAT,1,2025-12-17,BH-004172/2025
3428,3,131,XUAT,1,2025-12-17,BH-005359/2025
3429,2,46,XUAT,1,2025-12-17,BH-006745/2025
3430,2,39,XUAT,1,2025-12-17,BH-007413/2025
3431,6,138,XUAT,1,2025-12-17,BH-007710/2025
3432,3,24,XUAT,1,2025-12-18,BH-006109/2025
3433,3,12,XUAT,1,2025-12-18,BH-007135/2025
3434,6,85,NHAP,5,2025-12-18,
3435,1,13,XUAT,1,2025-12-19,BH-000782/2025
3436,4,131,XUAT,1,2025-12-19,BH-002751/2025
3437,1,101,XUAT,1,2025-12-19,BH-003834/2025
3438,1,40,XUAT,1,2025-12-19,BH-006425/2025
3439,1,87,XUAT,1,2025-12-19,BH-007151/2025
3440,4,167,XUAT,1,2025-12-20,BH-000400/2025
3441,1,178,XUAT,1,2025-12-20,BH-000686/2025
3442,4,151,XUAT,1,2025-12-20,BH-001455/2025
3443,6,170,XUAT,1,2025-12-20,BH-002119/2025
3444,3,80,XUAT,1,2025-12-20,BH-004414/2025
3445,3,81,XUAT,1,2025-12-20,BH-004533/2025
3446,6,65,XUAT,1,2025-12-20,BH-005551/2025
3447,4,139,XUAT,1,2025-12-21,BH-000289/2025
3448,4,97,XUAT,1,2025-12-21,BH-002096/2025
3449,4,130,XUAT,1,2025-12-21,BH-003686/2025
3450,2,161,XUAT,1,2025-12-21,BH-003726/2025
3451,2,137,XUAT,1,2025-12-21,BH-006389/2025
3452,5,35,NHAP,17,2025-12-21,
3453,2,71,XUAT,1,2025-12-21,BH-006906/2025
3454,6,65,XUAT,1,2025-12-22,BH-000594/2025
3455,6,18,XUAT,1,2025-12-22,BH-001742/2025
3456,1,89,XUAT,1,2025-12-22,BH-001800/2025
3457,2,50,XUAT,1,2025-12-22,BH-003305/2025
3458,5,44,XUAT,1,2025-12-22,BH-003365/2025
3459,6,42,XUAT,1,2025-12-22,BH-004012/2025
3460,2,46,XUAT,1,2025-12-22,BH-004306/2025
3461,6,11,XUAT,1,2025-12-22,BH-005983/2025
3462,1,13,XUAT,1,2025-12-22,BH-006214/2025
3463,5,175,XUAT,1,2025-12-22,BH-006991/2025
3464,2,110,XUAT,1,2025-12-23,BH-000442/2025
3465,2,56,XUAT,1,2025-12-23,BH-001163/2025
3466,3,73,XUAT,1,2025-12-23,BH-006436/2025
3467,6,173,XUAT,1,2025-12-24,BH-003205/2025
3468,1,7,NHAP,18,2025-12-24,
3469,4,10,XUAT,1,2025-12-24,BH-004516/2025
3470,3,57,XUAT,1,2025-12-24,BH-004703/2025
3471,4,117,XUAT,1,2025-12-24,BH-006444/2025
3472,1,137,XUAT,2,2025-12-24,BH-006524/2025
3473,6,55,XUAT,1,2025-12-24,BH-006615/2025
3474,3,63,XUAT,1,2025-12-24,BH-006746/2025
3475,3,82,XUAT,1,2025-12-25,BH-002537/2025
3476,3,157,XUAT,1,2025-12-25,BH-003714/2025
3477,6,132,XUAT,1,2025-12-25,BH-005346/2025
3478,1,178,XUAT,1,2025-12-25,BH-005492/2025
3479,3,58,XUAT,1,2025-12-25,BH-006216/2025
3480,5,141,NHAP,18,2025-12-25,
3481,2,168,XUAT,1,2025-12-25,BH-007665/2025
3482,1,94,XUAT,1,2025-12-26,BH-000470/2025
3483,3,153,XUAT,1,2025-12-26,BH-004063/2025
3484,6,79,XUAT,1,2025-12-26,BH-006754/2025
3485,1,82,XUAT,1,2025-12-27,BH-000142/2025
3486,6,37,NHAP,23,2025-12-27,
3487,5,145,XUAT,2,2025-12-27,BH-004655/2025
3488,3,81,XUAT,1,2025-12-27,BH-005515/2025
3489,3,150,XUAT,1,2025-12-27,BH-006106/2025
3490,6,91,XUAT,1,2025-12-27,BH-006241/2025
3491,2,88,XUAT,1,2025-12-27,BH-006253/2025
3492,4,171,XUAT,1,2025-12-28,BH-001143/2025
3493,1,174,XUAT,2,2025-12-28,BH-001445/2025
3494,4,172,XUAT,1,2025-12-28,BH-002299/2025
3495,2,60,NHAP,17,2025-12-28,
3496,6,124,XUAT,1,2025-12-28,BH-004591/2025
3497,1,35,XUAT,1,2025-12-28,BH-006277/2025
3498,6,173,XUAT,1,2025-12-28,BH-006332/2025
3499,1,94,XUAT,1,2025-12-29,BH-000538/2025
3500,6,13,XUAT,1,2025-12-29,BH-005242/2025
3501,2,145,XUAT,1,2025-12-29,BH-006366/2025
3502,2,24,XUAT,1,2025-12-30,BH-000146/2025
3503,4,180,XUAT,1,2025-12-30,BH-002578/2025
3504,5,10,XUAT,1,2025-12-30,BH-004931/2025
3505,4,133,XUAT,1,2025-12-30,BH-007289/2025
3506,6,4,XUAT,1,2025-12-30,BH-007596/2025
3507,6,160,NHAP,24,2025-12-31,
3508,3,38,XUAT,2,2025-12-31,BH-003690/2025
3509,5,153,XUAT,1,2025-12-31,BH-005419/2025
3510,6,127,XUAT,1,2025-12-31,BH-006898/2025
3511,4,123,XUAT,1,2026-01-01,BH-000560/2026
3512,6,18,XUAT,1,2026-01-01,BH-003554/2026
3513,6,39,NHAP,7,2026-01-01,
3514,1,142,XUAT,1,2026-01-01,BH-005399/2026
3515,1,20,XUAT,1,2026-01-01,BH-006923/2026
3516,5,13,XUAT,2,2026-01-02,BH-004087/2026
3517,4,8,XUAT,1,2026-01-03,BH-005171/2026
3518,5,175,XUAT,1,2026-01-03,BH-005683/2026
3519,5,92,XUAT,1,2026-01-04,BH-000325/2026
3520,3,41,XUAT,1,2026-01-04,BH-001391/2026
3521,5,99,XUAT,1,2026-01-04,BH-001523/2026
3522,5,59,XUAT,1,2026-01-04,BH-003065/2026
3523,1,30,XUAT,1,2026-01-04,BH-004594/2026
3524,2,19,XUAT,1,2026-01-04,BH-004971/2026
3525,3,91,XUAT,1,2026-01-05,BH-000886/2026
3526,1,53,XUAT,1,2026-01-05,BH-002646/2026
3527,1,42,XUAT,1,2026-01-06,BH-000630/2026
3528,1,117,XUAT,1,2026-01-06,BH-001357/2026
3529,1,36,XUAT,1,2026-01-06,BH-001896/2026
3530,2,105,XUAT,1,2026-01-06,BH-001929/2026
3531,5,47,XUAT,1,2026-01-06,BH-002534/2026
3532,4,41,XUAT,1,2026-01-06,BH-006435/2026
3533,1,155,XUAT,1,2026-01-07,BH-000588/2026
3534,2,139,XUAT,1,2026-01-07,BH-000956/2026
3535,5,127,XUAT,1,2026-01-07,BH-003214/2026
3536,1,136,XUAT,2,2026-01-07,BH-003442/2026
3537,6,52,XUAT,1,2026-01-08,BH-000979/2026
3538,6,56,XUAT,1,2026-01-08,BH-002513/2026
3539,4,37,XUAT,1,2026-01-08,BH-002541/2026
3540,5,153,XUAT,1,2026-01-08,BH-003519/2026
3541,5,157,XUAT,2,2026-01-08,BH-004064/2026
3542,6,170,XUAT,1,2026-01-08,BH-004316/2026
3543,2,2,XUAT,1,2026-01-08,BH-006209/2026
3544,6,76,XUAT,1,2026-01-08,BH-007179/2026
3545,6,147,XUAT,1,2026-01-09,BH-000658/2026
3546,1,97,XUAT,1,2026-01-09,BH-002588/2026
3547,4,167,XUAT,1,2026-01-09,BH-002848/2026
3548,2,22,XUAT,1,2026-01-09,BH-003565/2026
3549,5,130,XUAT,1,2026-01-09,BH-004133/2026
3550,1,47,XUAT,1,2026-01-09,BH-005786/2026
3551,3,58,XUAT,1,2026-01-09,BH-006102/2026
3552,5,78,XUAT,1,2026-01-09,BH-006571/2026
3553,3,45,XUAT,1,2026-01-10,BH-000648/2026
3554,6,126,XUAT,1,2026-01-10,BH-001483/2026
3555,1,180,XUAT,1,2026-01-10,BH-002261/2026
3556,4,180,XUAT,1,2026-01-10,BH-003783/2026
3557,2,67,XUAT,2,2026-01-10,BH-005243/2026
3558,5,176,XUAT,1,2026-01-11,BH-000891/2026
3559,4,118,XUAT,1,2026-01-11,BH-001151/2026
3560,1,89,XUAT,1,2026-01-11,BH-001642/2026
3561,1,121,XUAT,1,2026-01-11,BH-002540/2026
3562,5,121,XUAT,1,2026-01-11,BH-003401/2026
3563,6,35,XUAT,1,2026-01-11,BH-003628/2026
3564,6,43,XUAT,1,2026-01-11,BH-005809/2026
3565,1,81,XUAT,1,2026-01-12,BH-002303/2026
3566,1,50,XUAT,2,2026-01-12,BH-005023/2026
3567,3,168,NHAP,20,2026-01-12,
3568,1,120,NHAP,11,2026-01-12,
3569,4,62,XUAT,1,2026-01-12,BH-006323/2026
3570,6,13,XUAT,1,2026-01-12,BH-007046/2026
3571,2,105,XUAT,1,2026-01-12,BH-007280/2026
3572,2,52,NHAP,15,2026-01-12,
3573,3,104,XUAT,1,2026-01-13,BH-000065/2026
3574,6,134,XUAT,1,2026-01-13,BH-002745/2026
3575,1,168,XUAT,1,2026-01-13,BH-004138/2026
3576,3,161,XUAT,1,2026-01-13,BH-005846/2026
3577,1,2,XUAT,1,2026-01-13,BH-007021/2026
3578,5,156,XUAT,1,2026-01-14,BH-001604/2026
3579,1,80,XUAT,1,2026-01-14,BH-002170/2026
3580,4,38,XUAT,1,2026-01-14,BH-002761/2026
3581,1,111,XUAT,1,2026-01-14,BH-003601/2026
3582,5,107,XUAT,1,2026-01-14,BH-004567/2026
3583,3,66,XUAT,1,2026-01-14,BH-004875/2026
3584,6,135,XUAT,1,2026-01-14,BH-007128/2026
3585,2,92,XUAT,2,2026-01-14,BH-007147/2026
3586,2,169,XUAT,1,2026-01-14,BH-007401/2026
3587,2,52,XUAT,1,2026-01-15,BH-000391/2026
3588,2,39,XUAT,2,2026-01-15,BH-002057/2026
3589,1,147,XUAT,1,2026-01-15,BH-002183/2026
3590,5,43,XUAT,1,2026-01-15,BH-005671/2026
3591,1,159,XUAT,1,2026-01-15,BH-007747/2026
3592,6,99,XUAT,1,2026-01-16,BH-000316/2026
3593,2,73,XUAT,1,2026-01-16,BH-001950/2026
3594,2,36,XUAT,1,2026-01-16,BH-005574/2026
3595,5,11,XUAT,1,2026-01-16,BH-006175/2026
3596,5,32,XUAT,1,2026-01-16,BH-007054/2026
3597,1,20,XUAT,1,2026-01-17,BH-001373/2026
3598,5,122,XUAT,1,2026-01-17,BH-007186/2026
3599,6,6,XUAT,1,2026-01-18,BH-007537/2026
3600,6,26,XUAT,1,2026-01-19,BH-000341/2026
3601,1,173,XUAT,1,2026-01-19,BH-003656/2026
3602,4,58,NHAP,18,2026-01-19,
3603,1,158,XUAT,1,2026-01-20,BH-000080/2026
3604,3,172,XUAT,1,2026-01-20,BH-000082/2026
3605,2,90,XUAT,1,2026-01-20,BH-000605/2026
3606,6,131,XUAT,1,2026-01-20,BH-000888/2026
3607,3,19,XUAT,1,2026-01-20,BH-002381/2026
3608,1,155,XUAT,1,2026-01-20,BH-002496/2026
3609,5,33,XUAT,1,2026-01-20,BH-003515/2026
3610,3,61,XUAT,1,2026-01-20,BH-004665/2026
3611,5,13,XUAT,1,2026-01-20,BH-007233/2026
3612,1,37,XUAT,1,2026-01-20,BH-007418/2026
3613,1,84,XUAT,1,2026-01-21,BH-000460/2026
3614,4,127,XUAT,2,2026-01-21,BH-004113/2026
3615,3,25,XUAT,1,2026-01-21,BH-004330/2026
3616,6,91,XUAT,1,2026-01-21,BH-006940/2026
3617,2,63,XUAT,1,2026-01-21,BH-007398/2026
3618,1,150,XUAT,1,2026-01-22,BH-001182/2026
3619,6,86,XUAT,1,2026-01-22,BH-004851/2026
3620,1,88,XUAT,1,2026-01-22,BH-006318/2026
3621,4,174,XUAT,1,2026-01-23,BH-001833/2026
3622,4,100,XUAT,1,2026-01-23,BH-003898/2026
3623,1,95,XUAT,1,2026-01-23,BH-006016/2026
3624,6,91,XUAT,1,2026-01-23,BH-007294/2026
3625,5,43,XUAT,2,2026-01-24,BH-001915/2026
3626,5,153,XUAT,1,2026-01-24,BH-003967/2026
3627,3,140,XUAT,1,2026-01-24,BH-004825/2026
3628,2,74,NHAP,9,2026-01-24,
3629,5,66,XUAT,1,2026-01-24,BH-007038/2026
3630,3,140,XUAT,1,2026-01-25,BH-001662/2026
3631,3,12,XUAT,1,2026-01-25,BH-001816/2026
3632,6,99,XUAT,1,2026-01-25,BH-006340/2026
3633,4,139,XUAT,1,2026-01-25,BH-007296/2026
3634,3,38,XUAT,1,2026-01-26,BH-000177/2026
3635,6,18,XUAT,1,2026-01-26,BH-000624/2026
3636,6,9,XUAT,1,2026-01-26,BH-002117/2026
3637,3,51,XUAT,1,2026-01-26,BH-003194/2026
3638,1,148,XUAT,1,2026-01-26,BH-005015/2026
3639,6,90,XUAT,1,2026-01-26,BH-005150/2026
3640,3,62,XUAT,1,2026-01-26,BH-006674/2026
3641,5,88,XUAT,1,2026-01-26,BH-006995/2026
3642,1,126,XUAT,1,2026-01-27,BH-001416/2026
3643,3,123,XUAT,2,2026-01-27,BH-001427/2026
3644,6,49,XUAT,1,2026-01-27,BH-002981/2026
3645,4,140,XUAT,1,2026-01-27,BH-003938/2026
3646,6,127,XUAT,1,2026-01-27,BH-005817/2026
3647,1,102,XUAT,1,2026-01-27,BH-006719/2026
3648,1,50,XUAT,1,2026-01-27,BH-006854/2026
3649,5,63,XUAT,1,2026-01-28,BH-003171/2026
3650,5,8,XUAT,1,2026-01-28,BH-004008/2026
3651,2,176,XUAT,1,2026-01-28,BH-006848/2026
3652,6,31,XUAT,1,2026-01-28,BH-007226/2026
3653,4,102,XUAT,1,2026-01-29,BH-002216/2026
3654,1,83,XUAT,1,2026-01-29,BH-003486/2026
3655,4,79,XUAT,1,2026-01-29,BH-004390/2026
3656,3,120,XUAT,1,2026-01-29,BH-004402/2026
3657,4,171,XUAT,1,2026-01-29,BH-004403/2026
3658,2,76,XUAT,1,2026-01-29,BH-004916/2026
3659,5,66,NHAP,30,2026-01-29,
3660,5,76,XUAT,1,2026-01-29,BH-006855/2026
3661,1,53,XUAT,1,2026-01-29,BH-007145/2026
3662,3,31,XUAT,1,2026-01-30,BH-001777/2026
3663,3,37,XUAT,1,2026-01-30,BH-003957/2026
3664,5,28,XUAT,1,2026-01-30,BH-004343/2026
3665,6,109,XUAT,1,2026-01-30,BH-005091/2026
3666,4,156,XUAT,1,2026-01-30,BH-005375/2026
3667,5,138,XUAT,1,2026-01-31,BH-000946/2026
3668,2,71,XUAT,1,2026-01-31,BH-001168/2026
3669,6,78,XUAT,2,2026-01-31,BH-001287/2026
3670,1,40,XUAT,1,2026-01-31,BH-003716/2026
3671,1,23,XUAT,1,2026-01-31,BH-004643/2026
3672,3,171,XUAT,1,2026-01-31,BH-005870/2026
3673,4,5,XUAT,1,2026-01-31,BH-007410/2026
3674,3,93,XUAT,1,2026-02-01,BH-001363/2026
3675,2,37,XUAT,2,2026-02-01,BH-001587/2026
3676,3,20,XUAT,1,2026-02-01,BH-002123/2026
3677,3,179,NHAP,7,2026-02-01,
3678,4,26,XUAT,1,2026-02-01,BH-005562/2026
3679,6,131,XUAT,1,2026-02-01,BH-005655/2026
3680,2,178,XUAT,1,2026-02-02,BH-000572/2026
3681,3,43,XUAT,2,2026-02-02,BH-000866/2026
3682,2,180,XUAT,1,2026-02-02,BH-002348/2026
3683,2,163,XUAT,1,2026-02-02,BH-005545/2026
3684,3,61,XUAT,2,2026-02-03,BH-000452/2026
3685,5,12,XUAT,1,2026-02-03,BH-001308/2026
3686,2,87,XUAT,1,2026-02-03,BH-002522/2026
3687,4,90,XUAT,1,2026-02-03,BH-004101/2026
3688,6,90,XUAT,1,2026-02-03,BH-005086/2026
3689,5,15,XUAT,1,2026-02-03,BH-006802/2026
3690,6,72,XUAT,1,2026-02-04,BH-000250/2026
3691,3,179,XUAT,1,2026-02-04,BH-000804/2026
3692,1,52,XUAT,1,2026-02-04,BH-000837/2026
3693,6,39,XUAT,1,2026-02-04,BH-004039/2026
3694,2,112,XUAT,1,2026-02-04,BH-004174/2026
3695,5,63,XUAT,1,2026-02-04,BH-006203/2026
3696,6,105,XUAT,1,2026-02-04,BH-006236/2026
3697,3,46,NHAP,18,2026-02-04,
3698,6,78,NHAP,30,2026-02-04,
3699,2,132,XUAT,1,2026-02-04,BH-007737/2026
3700,6,88,XUAT,1,2026-02-05,BH-000806/2026
3701,2,180,XUAT,1,2026-02-05,BH-001152/2026
3702,6,52,XUAT,1,2026-02-05,BH-002997/2026
3703,5,176,XUAT,1,2026-02-05,BH-003594/2026
3704,6,73,XUAT,1,2026-02-05,BH-006059/2026
3705,1,22,XUAT,1,2026-02-05,BH-006111/2026
3706,2,39,XUAT,1,2026-02-05,BH-006810/2026
3707,4,35,XUAT,1,2026-02-05,BH-007623/2026
3708,6,79,XUAT,1,2026-02-06,BH-001918/2026
3709,1,89,XUAT,1,2026-02-06,BH-003012/2026
3710,1,52,XUAT,1,2026-02-06,BH-003756/2026
3711,2,103,XUAT,1,2026-02-06,BH-004359/2026
3712,6,144,XUAT,1,2026-02-06,BH-004443/2026
3713,5,77,XUAT,1,2026-02-06,BH-005540/2026
3714,6,92,XUAT,1,2026-02-07,BH-000915/2026
3715,6,100,XUAT,1,2026-02-07,BH-001420/2026
3716,5,33,NHAP,20,2026-02-07,
3717,6,132,XUAT,1,2026-02-07,BH-003068/2026
3718,1,136,XUAT,1,2026-02-07,BH-003280/2026
3719,3,161,XUAT,1,2026-02-07,BH-003731/2026
3720,4,16,XUAT,1,2026-02-07,BH-006890/2026
3721,6,46,XUAT,1,2026-02-08,BH-000964/2026
3722,2,19,XUAT,1,2026-02-08,BH-002097/2026
3723,2,27,XUAT,1,2026-02-08,BH-004972/2026
3724,4,66,XUAT,1,2026-02-09,BH-000314/2026
3725,5,30,XUAT,1,2026-02-09,BH-001238/2026
3726,6,53,XUAT,1,2026-02-09,BH-001389/2026
3727,3,45,NHAP,19,2026-02-09,
3728,3,172,XUAT,1,2026-02-09,BH-001702/2026
3729,3,81,XUAT,1,2026-02-09,BH-003797/2026
3730,1,15,XUAT,1,2026-02-09,BH-006799/2026
3731,2,117,XUAT,1,2026-02-10,BH-001027/2026
3732,2,84,XUAT,1,2026-02-10,BH-004505/2026
3733,4,84,NHAP,14,2026-02-10,
3734,1,90,XUAT,1,2026-02-10,BH-007390/2026
3735,1,126,XUAT,2,2026-02-11,BH-002150/2026
3736,1,9,XUAT,1,2026-02-11,BH-004020/2026
3737,3,82,XUAT,1,2026-02-11,BH-004382/2026
3738,4,47,XUAT,1,2026-02-11,BH-004946/2026
3739,2,132,XUAT,2,2026-02-11,BH-006465/2026
3740,6,33,XUAT,1,2026-02-12,BH-002233/2026
3741,6,154,XUAT,1,2026-02-12,BH-004605/2026
3742,1,1,XUAT,1,2026-02-13,BH-002341/2026
3743,1,118,XUAT,1,2026-02-13,BH-003222/2026
3744,5,126,XUAT,1,2026-02-13,BH-003573/2026
3745,3,126,XUAT,1,2026-02-13,BH-006223/2026
3746,5,127,XUAT,1,2026-02-13,BH-006613/2026
3747,1,148,XUAT,1,2026-02-13,BH-007216/2026
3748,1,44,XUAT,1,2026-02-14,BH-000028/2026
3749,3,30,XUAT,1,2026-02-14,BH-001100/2026
3750,5,48,XUAT,1,2026-02-14,BH-003905/2026
3751,4,123,XUAT,1,2026-02-14,BH-004197/2026
3752,6,65,XUAT,1,2026-02-14,BH-005054/2026
3753,2,49,XUAT,1,2026-02-14,BH-005170/2026
3754,4,116,XUAT,1,2026-02-14,BH-006660/2026
3755,5,138,XUAT,1,2026-02-14,BH-007342/2026
3756,3,39,XUAT,1,2026-02-15,BH-002619/2026
3757,5,17,XUAT,2,2026-02-15,BH-004383/2026
3758,6,79,XUAT,1,2026-02-15,BH-005728/2026
3759,5,141,XUAT,1,2026-02-15,BH-006645/2026
3760,1,176,XUAT,1,2026-02-15,BH-006856/2026
3761,6,43,XUAT,1,2026-02-15,BH-007324/2026
3762,5,30,XUAT,1,2026-02-16,BH-000307/2026
3763,6,116,XUAT,1,2026-02-16,BH-003115/2026
3764,5,144,XUAT,1,2026-02-16,BH-003455/2026
3765,6,93,XUAT,1,2026-02-16,BH-004083/2026
3766,2,169,XUAT,1,2026-02-16,BH-004686/2026
3767,5,176,XUAT,1,2026-02-16,BH-007078/2026
3768,4,38,XUAT,1,2026-02-17,BH-000461/2026
3769,4,60,XUAT,1,2026-02-17,BH-002691/2026
3770,5,125,XUAT,1,2026-02-17,BH-003900/2026
3771,4,107,XUAT,1,2026-02-17,BH-003937/2026
3772,5,92,XUAT,1,2026-02-17,BH-004349/2026
3773,6,102,XUAT,1,2026-02-17,BH-004893/2026
3774,1,18,XUAT,1,2026-02-17,BH-006884/2026
3775,3,25,XUAT,1,2026-02-18,BH-005738/2026
3776,2,50,NHAP,20,2026-02-19,
3777,2,143,XUAT,1,2026-02-19,BH-004760/2026
3778,5,32,XUAT,1,2026-02-19,BH-004777/2026
3779,2,24,XUAT,1,2026-02-19,BH-005135/2026
3780,1,102,XUAT,1,2026-02-20,BH-001479/2026
3781,2,134,NHAP,18,2026-02-20,
3782,6,81,XUAT,1,2026-02-20,BH-003735/2026
3783,3,102,XUAT,1,2026-02-21,BH-000180/2026
3784,6,37,XUAT,1,2026-02-21,BH-000398/2026
3785,2,89,NHAP,6,2026-02-21,
3786,4,38,XUAT,1,2026-02-21,BH-001041/2026
3787,6,86,XUAT,1,2026-02-21,BH-001173/2026
3788,5,1,XUAT,1,2026-02-21,BH-001347/2026
3789,3,171,XUAT,1,2026-02-21,BH-004480/2026
3790,2,86,XUAT,1,2026-02-21,BH-005494/2026
3791,6,49,XUAT,1,2026-02-21,BH-006008/2026
3792,3,54,XUAT,1,2026-02-21,BH-007373/2026
3793,2,103,XUAT,1,2026-02-22,BH-000008/2026
3794,1,23,XUAT,1,2026-02-22,BH-002653/2026
3795,4,5,XUAT,1,2026-02-22,BH-003711/2026
3796,2,14,XUAT,1,2026-02-22,BH-003723/2026
3797,5,1,XUAT,1,2026-02-22,BH-004279/2026
3798,3,146,XUAT,1,2026-02-22,BH-005517/2026
3799,1,46,XUAT,1,2026-02-22,BH-005639/2026
3800,4,60,XUAT,2,2026-02-23,BH-000171/2026
3801,1,59,XUAT,1,2026-02-23,BH-000480/2026
3802,3,6,XUAT,1,2026-02-23,BH-002854/2026
3803,2,135,XUAT,1,2026-02-23,BH-003306/2026
3804,5,84,XUAT,1,2026-02-23,BH-005109/2026
3805,6,67,XUAT,1,2026-02-23,BH-005670/2026
3806,5,175,XUAT,1,2026-02-24,BH-002256/2026
3807,6,11,XUAT,1,2026-02-24,BH-003325/2026
3808,4,124,XUAT,1,2026-02-24,BH-003650/2026
3809,1,134,XUAT,2,2026-02-24,BH-004892/2026
3810,2,15,XUAT,1,2026-02-24,BH-005660/2026
3811,5,141,XUAT,1,2026-02-24,BH-007615/2026
3812,6,46,XUAT,1,2026-02-25,BH-000779/2026
3813,5,151,XUAT,1,2026-02-25,BH-003125/2026
3814,6,53,XUAT,1,2026-02-25,BH-003276/2026
3815,1,85,XUAT,1,2026-02-25,BH-003675/2026
3816,4,122,XUAT,1,2026-02-25,BH-004095/2026
3817,1,15,XUAT,1,2026-02-25,BH-004889/2026
3818,1,110,XUAT,1,2026-02-25,BH-006736/2026
3819,4,117,XUAT,1,2026-02-25,BH-006777/2026
3820,5,60,XUAT,1,2026-02-26,BH-001851/2026
3821,5,153,XUAT,1,2026-02-26,BH-002098/2026
3822,3,88,XUAT,1,2026-02-26,BH-003671/2026
3823,2,16,XUAT,1,2026-02-26,BH-004719/2026
3824,5,107,XUAT,2,2026-02-26,BH-007774/2026
3825,1,158,XUAT,1,2026-02-27,BH-002009/2026
3826,5,13,NHAP,25,2026-02-27,
3827,2,19,XUAT,1,2026-02-27,BH-005827/2026
3828,4,102,XUAT,1,2026-02-27,BH-005937/2026
3829,6,86,XUAT,1,2026-02-27,BH-006471/2026
3830,3,120,XUAT,1,2026-02-28,BH-001003/2026
3831,3,135,XUAT,1,2026-02-28,BH-005059/2026
3832,2,84,XUAT,1,2026-02-28,BH-005998/2026
3833,2,103,XUAT,1,2026-03-01,BH-002149/2026
3834,4,75,NHAP,19,2026-03-01,
3835,6,90,XUAT,1,2026-03-01,BH-002671/2026
3836,1,9,XUAT,1,2026-03-01,BH-004230/2026
3837,2,5,XUAT,1,2026-03-01,BH-005230/2026
3838,4,117,XUAT,1,2026-03-01,BH-006089/2026
3839,6,104,NHAP,7,2026-03-01,
3840,1,6,XUAT,1,2026-03-01,BH-006452/2026
3841,1,45,XUAT,1,2026-03-01,BH-006815/2026
3842,6,93,XUAT,1,2026-03-02,BH-001050/2026
3843,2,78,XUAT,1,2026-03-02,BH-001843/2026
3844,2,82,XUAT,1,2026-03-02,BH-003821/2026
3845,2,88,XUAT,1,2026-03-02,BH-005166/2026
3846,4,21,XUAT,1,2026-03-02,BH-005456/2026
3847,3,61,XUAT,1,2026-03-02,BH-007122/2026
3848,3,83,NHAP,15,2026-03-03,
3849,4,176,XUAT,1,2026-03-03,BH-000823/2026
3850,5,96,XUAT,1,2026-03-03,BH-001132/2026
3851,2,29,XUAT,1,2026-03-03,BH-002809/2026
3852,4,37,XUAT,1,2026-03-03,BH-003251/2026
3853,3,123,XUAT,1,2026-03-03,BH-004792/2026
3854,1,72,XUAT,1,2026-03-03,BH-005751/2026
3855,4,141,XUAT,1,2026-03-03,BH-006196/2026
3856,4,107,NHAP,28,2026-03-03,
3857,6,111,XUAT,1,2026-03-03,BH-006883/2026
3858,6,13,XUAT,1,2026-03-04,BH-000857/2026
3859,5,110,XUAT,1,2026-03-04,BH-001492/2026
3860,1,174,XUAT,1,2026-03-04,BH-001700/2026
3861,2,180,XUAT,1,2026-03-04,BH-003438/2026
3862,2,174,XUAT,1,2026-03-04,BH-005341/2026
3863,5,46,XUAT,1,2026-03-05,BH-000208/2026
3864,5,51,XUAT,1,2026-03-05,BH-000929/2026
3865,2,172,XUAT,1,2026-03-05,BH-001707/2026
3866,3,146,XUAT,1,2026-03-05,BH-002144/2026
3867,4,55,XUAT,1,2026-03-06,BH-001333/2026
3868,4,178,NHAP,9,2026-03-06,
3869,4,83,XUAT,1,2026-03-06,BH-003743/2026
3870,2,98,NHAP,17,2026-03-06,
3871,3,155,XUAT,1,2026-03-07,BH-002082/2026
3872,4,83,XUAT,1,2026-03-07,BH-004385/2026
3873,4,169,XUAT,1,2026-03-07,BH-004600/2026
3874,1,120,XUAT,2,2026-03-07,BH-005038/2026
3875,6,13,XUAT,1,2026-03-07,BH-006014/2026
3876,1,161,XUAT,1,2026-03-07,BH-007204/2026
3877,5,162,XUAT,1,2026-03-08,BH-000721/2026
3878,5,3,XUAT,2,2026-03-08,BH-000856/2026
3879,6,71,XUAT,1,2026-03-08,BH-003215/2026
3880,3,138,XUAT,1,2026-03-08,BH-003285/2026
3881,1,105,XUAT,1,2026-03-08,BH-003553/2026
3882,1,99,XUAT,1,2026-03-08,BH-003634/2026
3883,3,71,XUAT,1,2026-03-08,BH-004783/2026
3884,5,9,XUAT,1,2026-03-08,BH-005292/2026
3885,3,59,XUAT,1,2026-03-08,BH-007277/2026
3886,3,30,XUAT,1,2026-03-08,BH-007622/2026
3887,6,63,XUAT,1,2026-03-09,BH-000904/2026
3888,5,32,XUAT,2,2026-03-09,BH-002530/2026
3889,2,88,XUAT,1,2026-03-09,BH-003535/2026
3890,5,130,NHAP,21,2026-03-09,
3891,1,71,XUAT,2,2026-03-09,BH-004977/2026
3892,4,124,XUAT,1,2026-03-09,BH-005903/2026
3893,3,120,XUAT,1,2026-03-09,BH-007782/2026
3894,2,23,XUAT,1,2026-03-10,BH-000370/2026
3895,3,168,XUAT,1,2026-03-10,BH-000537/2026
3896,4,97,XUAT,2,2026-03-10,BH-002306/2026
3897,6,48,XUAT,1,2026-03-10,BH-004490/2026
3898,4,119,XUAT,1,2026-03-10,BH-006430/2026
3899,3,1,XUAT,1,2026-03-10,BH-007535/2026
3900,4,32,XUAT,1,2026-03-11,BH-002547/2026
3901,4,66,XUAT,1,2026-03-11,BH-002749/2026
3902,1,178,XUAT,2,2026-03-11,BH-002976/2026
3903,6,87,XUAT,1,2026-03-11,BH-005785/2026
3904,2,63,XUAT,1,2026-03-11,BH-006434/2026
3905,2,96,XUAT,1,2026-03-11,BH-006443/2026
3906,5,32,XUAT,1,2026-03-11,BH-006676/2026
3907,3,88,XUAT,1,2026-03-11,BH-007416/2026
3908,4,93,NHAP,16,2026-03-12,
3909,2,168,NHAP,22,2026-03-12,
3910,5,172,XUAT,1,2026-03-12,BH-003586/2026
3911,5,22,XUAT,1,2026-03-12,BH-003838/2026
3912,1,141,XUAT,1,2026-03-12,BH-004003/2026
3913,1,148,XUAT,1,2026-03-12,BH-005169/2026
3914,5,175,XUAT,1,2026-03-12,BH-005570/2026
3915,5,85,XUAT,1,2026-03-12,BH-006439/2026
3916,6,100,XUAT,1,2026-03-13,BH-000227/2026
3917,1,100,XUAT,1,2026-03-13,BH-000636/2026
3918,5,51,XUAT,1,2026-03-13,BH-001546/2026
3919,2,49,XUAT,1,2026-03-13,BH-002171/2026
3920,2,146,XUAT,2,2026-03-13,BH-002444/2026
3921,3,20,XUAT,1,2026-03-13,BH-002868/2026
3922,3,112,XUAT,1,2026-03-13,BH-003141/2026
3923,4,121,XUAT,1,2026-03-13,BH-006462/2026
3924,6,92,XUAT,1,2026-03-13,BH-006616/2026
3925,5,109,XUAT,1,2026-03-14,BH-001457/2026
3926,2,78,XUAT,1,2026-03-14,BH-002019/2026
3927,1,178,XUAT,1,2026-03-14,BH-002670/2026
3928,3,98,XUAT,1,2026-03-14,BH-002950/2026
3929,2,158,XUAT,1,2026-03-14,BH-003281/2026
3930,4,156,XUAT,1,2026-03-14,BH-003892/2026
3931,3,104,XUAT,1,2026-03-14,BH-004955/2026
3932,6,91,XUAT,1,2026-03-14,BH-005779/2026
3933,5,44,NHAP,28,2026-03-14,
3934,2,110,XUAT,1,2026-03-15,BH-000494/2026
3935,1,7,XUAT,1,2026-03-15,BH-001857/2026
3936,5,43,XUAT,1,2026-03-15,BH-001870/2026
3937,3,24,XUAT,1,2026-03-15,BH-001903/2026
3938,3,99,XUAT,1,2026-03-15,BH-002529/2026
3939,3,17,XUAT,1,2026-03-15,BH-003860/2026
3940,2,161,XUAT,1,2026-03-15,BH-004933/2026
3941,5,146,XUAT,1,2026-03-15,BH-006514/2026
3942,6,64,XUAT,1,2026-03-16,BH-000167/2026
3943,6,73,XUAT,1,2026-03-16,BH-003360/2026
3944,1,160,XUAT,1,2026-03-16,BH-004692/2026
3945,1,152,XUAT,1,2026-03-17,BH-000988/2026
3946,3,94,XUAT,2,2026-03-17,BH-002456/2026
3947,6,81,XUAT,1,2026-03-17,BH-004093/2026
3948,1,121,XUAT,1,2026-03-18,BH-000369/2026
3949,5,1,XUAT,1,2026-03-18,BH-002070/2026
3950,6,160,XUAT,1,2026-03-18,BH-005093/2026
3951,3,156,XUAT,1,2026-03-18,BH-005155/2026
3952,1,47,XUAT,2,2026-03-18,BH-005585/2026
3953,4,41,XUAT,1,2026-03-18,BH-006463/2026
3954,6,131,XUAT,1,2026-03-19,BH-000230/2026
3955,6,170,XUAT,1,2026-03-19,BH-002901/2026
3956,2,119,XUAT,1,2026-03-19,BH-003198/2026
3957,2,30,XUAT,1,2026-03-19,BH-003674/2026
3958,3,51,XUAT,1,2026-03-19,BH-004387/2026
3959,1,165,XUAT,1,2026-03-19,BH-004843/2026
3960,3,66,XUAT,1,2026-03-19,BH-005279/2026
3961,2,89,XUAT,1,2026-03-19,BH-005514/2026
3962,2,110,XUAT,1,2026-03-20,BH-000103/2026
3963,3,24,XUAT,1,2026-03-20,BH-000292/2026
3964,4,9,XUAT,1,2026-03-20,BH-001991/2026
3965,1,62,XUAT,1,2026-03-20,BH-002428/2026
3966,1,15,XUAT,1,2026-03-20,BH-003388/2026
3967,2,139,XUAT,1,2026-03-20,BH-006965/2026
3968,5,85,NHAP,25,2026-03-21,
3969,3,66,NHAP,13,2026-03-21,
3970,1,159,XUAT,1,2026-03-21,BH-005307/2026
3971,3,156,XUAT,1,2026-03-21,BH-005881/2026
3972,6,99,XUAT,1,2026-03-21,BH-007130/2026
3973,2,157,NHAP,11,2026-03-22,
3974,3,163,XUAT,1,2026-03-23,BH-000291/2026
3975,6,27,XUAT,1,2026-03-23,BH-001784/2026
3976,5,116,NHAP,21,2026-03-23,
3977,2,80,XUAT,1,2026-03-23,BH-005643/2026
3978,6,35,XUAT,1,2026-03-24,BH-000258/2026
3979,5,81,XUAT,1,2026-03-24,BH-001320/2026
3980,5,28,XUAT,1,2026-03-24,BH-003979/2026
3981,2,13,XUAT,1,2026-03-24,BH-004869/2026
3982,2,72,XUAT,1,2026-03-24,BH-006750/2026
3983,6,111,XUAT,1,2026-03-24,BH-006813/2026
3984,2,90,XUAT,2,2026-03-25,BH-002371/2026
3985,2,139,XUAT,1,2026-03-25,BH-005360/2026
3986,2,110,XUAT,1,2026-03-25,BH-005794/2026
3987,5,174,XUAT,1,2026-03-25,BH-007703/2026
3988,5,106,XUAT,1,2026-03-26,BH-000026/2026
3989,5,63,XUAT,2,2026-03-26,BH-002279/2026
3990,4,26,XUAT,1,2026-03-26,BH-002320/2026
3991,1,152,XUAT,1,2026-03-26,BH-003082/2026
3992,3,19,XUAT,1,2026-03-26,BH-005249/2026
3993,4,16,NHAP,14,2026-03-26,
3994,5,127,XUAT,1,2026-03-26,BH-007640/2026
3995,4,118,XUAT,1,2026-03-27,BH-000023/2026
3996,4,9,XUAT,1,2026-03-27,BH-000451/2026
3997,2,138,XUAT,1,2026-03-27,BH-001763/2026
3998,1,145,XUAT,1,2026-03-27,BH-002258/2026
3999,6,124,XUAT,1,2026-03-27,BH-002961/2026
4000,2,119,XUAT,1,2026-03-27,BH-006393/2026
4001,1,63,XUAT,1,2026-03-27,BH-007144/2026
4002,6,48,XUAT,1,2026-03-27,BH-007231/2026
4003,6,52,XUAT,1,2026-03-27,BH-007778/2026
4004,6,53,XUAT,1,2026-03-28,BH-000859/2026
4005,1,5,XUAT,1,2026-03-28,BH-001134/2026
4006,3,95,XUAT,1,2026-03-28,BH-001834/2026
4007,1,6,XUAT,1,2026-03-28,BH-006545/2026
4008,4,24,XUAT,1,2026-03-29,BH-000489/2026
4009,2,22,XUAT,1,2026-03-29,BH-001355/2026
4010,2,169,XUAT,1,2026-03-29,BH-001430/2026
4011,1,176,XUAT,1,2026-03-29,BH-004334/2026
4012,4,57,NHAP,26,2026-03-29,
4013,4,137,XUAT,1,2026-03-29,BH-005836/2026
4014,6,42,XUAT,1,2026-03-29,BH-006716/2026
4015,5,71,XUAT,1,2026-03-30,BH-000709/2026
4016,3,157,XUAT,1,2026-03-30,BH-000824/2026
4017,6,100,XUAT,1,2026-03-30,BH-002544/2026
4018,2,112,XUAT,2,2026-03-30,BH-004313/2026
4019,5,124,XUAT,1,2026-03-30,BH-004939/2026
4020,1,180,XUAT,1,2026-03-30,BH-006941/2026
4021,6,3,NHAP,24,2026-03-31,
4022,5,48,XUAT,1,2026-03-31,BH-003621/2026
4023,6,129,XUAT,1,2026-03-31,BH-004023/2026
4024,5,128,XUAT,1,2026-03-31,BH-005952/2026
4025,3,83,XUAT,1,2026-03-31,BH-007168/2026
4026,1,71,XUAT,1,2026-04-01,BH-000151/2026
4027,4,141,XUAT,1,2026-04-01,BH-001923/2026
4028,1,105,XUAT,1,2026-04-01,BH-002294/2026
4029,1,28,XUAT,1,2026-04-01,BH-004938/2026
4030,2,172,XUAT,1,2026-04-01,BH-005003/2026
4031,6,104,XUAT,1,2026-04-01,BH-006910/2026
4032,6,117,XUAT,1,2026-04-02,BH-003566/2026
4033,3,17,XUAT,1,2026-04-02,BH-007064/2026
4034,2,168,XUAT,1,2026-04-02,BH-007442/2026
4035,1,23,XUAT,1,2026-04-03,BH-002988/2026
4036,2,145,XUAT,1,2026-04-03,BH-006024/2026
4037,6,78,XUAT,1,2026-04-04,BH-000426/2026
4038,3,174,XUAT,1,2026-04-04,BH-001711/2026
4039,5,112,XUAT,1,2026-04-04,BH-001850/2026
4040,4,176,XUAT,1,2026-04-04,BH-005121/2026
4041,1,43,XUAT,1,2026-04-04,BH-005311/2026
4042,4,133,XUAT,1,2026-04-04,BH-005358/2026
4043,3,43,XUAT,1,2026-04-05,BH-001626/2026
4044,6,81,XUAT,1,2026-04-05,BH-003842/2026
4045,4,156,XUAT,1,2026-04-05,BH-004509/2026
4046,2,158,XUAT,1,2026-04-05,BH-005862/2026
4047,2,56,XUAT,1,2026-04-06,BH-000919/2026
4048,3,83,XUAT,1,2026-04-06,BH-001797/2026
4049,4,74,XUAT,1,2026-04-06,BH-003123/2026
4050,3,168,XUAT,2,2026-04-06,BH-004142/2026
4051,4,103,NHAP,11,2026-04-06,
4052,1,87,XUAT,2,2026-04-06,BH-007288/2026
4053,4,84,XUAT,1,2026-04-06,BH-007457/2026
4054,5,104,XUAT,2,2026-04-06,BH-007538/2026
4055,5,76,XUAT,1,2026-04-06,BH-007729/2026
4056,6,100,XUAT,1,2026-04-07,BH-000667/2026
4057,4,108,NHAP,23,2026-04-07,
4058,1,121,XUAT,1,2026-04-07,BH-001204/2026
4059,6,89,XUAT,1,2026-04-07,BH-001841/2026
4060,2,88,XUAT,1,2026-04-07,BH-002778/2026
4061,6,4,XUAT,1,2026-04-07,BH-003576/2026
4062,2,70,XUAT,1,2026-04-07,BH-006167/2026
4063,1,41,NHAP,19,2026-04-07,
4064,2,135,XUAT,2,2026-04-07,BH-007739/2026
4065,5,47,XUAT,1,2026-04-08,BH-004608/2026
4066,3,136,XUAT,1,2026-04-08,BH-005266/2026
4067,6,128,NHAP,6,2026-04-09,
4068,6,135,XUAT,1,2026-04-09,BH-005318/2026
4069,6,170,XUAT,1,2026-04-09,BH-005347/2026
4070,6,70,XUAT,2,2026-04-09,BH-005805/2026
4071,2,32,XUAT,1,2026-04-09,BH-005840/2026
4072,1,13,XUAT,2,2026-04-09,BH-006631/2026
4073,3,131,XUAT,1,2026-04-09,BH-006857/2026
4074,6,127,XUAT,2,2026-04-09,BH-007163/2026
4075,5,116,XUAT,2,2026-04-09,BH-007519/2026
4076,4,117,XUAT,1,2026-04-10,BH-000155/2026
4077,2,2,XUAT,1,2026-04-10,BH-001499/2026
4078,4,17,XUAT,1,2026-04-10,BH-004058/2026
4079,5,77,XUAT,1,2026-04-10,BH-004914/2026
4080,3,130,XUAT,1,2026-04-10,BH-004983/2026
4081,5,122,XUAT,1,2026-04-10,BH-006188/2026
4082,5,93,XUAT,1,2026-04-10,BH-007354/2026
4083,6,91,XUAT,1,2026-04-11,BH-001160/2026
4084,5,77,XUAT,1,2026-04-11,BH-001791/2026
4085,3,140,XUAT,2,2026-04-11,BH-002017/2026
4086,1,92,XUAT,1,2026-04-11,BH-002814/2026
4087,1,2,XUAT,1,2026-04-11,BH-004139/2026
4088,2,8,XUAT,1,2026-04-11,BH-004807/2026
4089,1,40,XUAT,1,2026-04-12,BH-002829/2026
4090,3,122,NHAP,17,2026-04-12,
4091,4,125,XUAT,1,2026-04-12,BH-004444/2026
4092,1,50,XUAT,1,2026-04-12,BH-004592/2026
4093,3,25,XUAT,1,2026-04-12,BH-005057/2026
4094,6,6,XUAT,1,2026-04-12,BH-006908/2026
4095,2,5,XUAT,1,2026-04-12,BH-007061/2026
4096,6,43,XUAT,1,2026-04-13,BH-000416/2026
4097,2,11,NHAP,26,2026-04-13,
4098,2,74,XUAT,2,2026-04-13,BH-003698/2026
4099,3,26,XUAT,1,2026-04-13,BH-004324/2026
4100,2,74,XUAT,1,2026-04-13,BH-004463/2026
4101,1,141,XUAT,1,2026-04-13,BH-004814/2026
4102,5,95,NHAP,26,2026-04-13,
4103,6,67,XUAT,1,2026-04-14,BH-004090/2026
4104,2,90,XUAT,1,2026-04-14,BH-005365/2026
4105,6,1,XUAT,1,2026-04-14,BH-007000/2026
4106,6,93,XUAT,1,2026-04-15,BH-003021/2026
4107,3,130,XUAT,1,2026-04-15,BH-004474/2026
4108,1,87,XUAT,1,2026-04-15,BH-004570/2026
4109,3,150,XUAT,1,2026-04-15,BH-004871/2026
4110,2,112,NHAP,6,2026-04-16,
4111,3,17,XUAT,1,2026-04-16,BH-000300/2026
4112,6,56,NHAP,11,2026-04-16,
4113,4,49,XUAT,1,2026-04-16,BH-002395/2026
4114,5,128,XUAT,1,2026-04-16,BH-002872/2026
4115,1,105,XUAT,1,2026-04-16,BH-003914/2026
4116,6,97,XUAT,1,2026-04-16,BH-004191/2026
4117,2,69,XUAT,1,2026-04-16,BH-005284/2026
4118,4,78,XUAT,1,2026-04-16,BH-005391/2026
4119,6,6,XUAT,1,2026-04-16,BH-005798/2026
4120,6,18,XUAT,1,2026-04-16,BH-006527/2026
4121,5,127,XUAT,1,2026-04-17,BH-002876/2026
4122,6,108,XUAT,1,2026-04-17,BH-002941/2026
4123,6,104,XUAT,1,2026-04-17,BH-006688/2026
4124,6,81,XUAT,1,2026-04-17,BH-006886/2026
4125,4,17,XUAT,1,2026-04-17,BH-007158/2026
4126,4,124,XUAT,1,2026-04-19,BH-001724/2026
4127,3,138,XUAT,1,2026-04-19,BH-001924/2026
4128,4,143,XUAT,1,2026-04-19,BH-002399/2026
4129,1,160,XUAT,1,2026-04-19,BH-004409/2026
4130,6,100,XUAT,1,2026-04-19,BH-004518/2026
4131,6,19,XUAT,1,2026-04-20,BH-000148/2026
4132,1,89,XUAT,1,2026-04-20,BH-000616/2026
4133,3,128,XUAT,2,2026-04-20,BH-001442/2026
4134,4,76,XUAT,1,2026-04-20,BH-003294/2026
4135,2,131,XUAT,2,2026-04-20,BH-003556/2026
4136,5,32,XUAT,1,2026-04-20,BH-005649/2026
4137,1,168,XUAT,1,2026-04-20,BH-005953/2026
4138,4,53,XUAT,1,2026-04-20,BH-006369/2026
4139,5,95,XUAT,1,2026-04-20,BH-007651/2026
4140,5,138,XUAT,1,2026-04-21,BH-001975/2026
4141,1,101,XUAT,1,2026-04-21,BH-002940/2026
4142,4,66,XUAT,1,2026-04-21,BH-003850/2026
4143,2,168,XUAT,1,2026-04-21,BH-007340/2026
4144,3,122,XUAT,1,2026-04-21,BH-007694/2026
4145,2,171,XUAT,1,2026-04-22,BH-002251/2026
4146,6,33,XUAT,1,2026-04-22,BH-002597/2026
4147,6,33,XUAT,1,2026-04-23,BH-001208/2026
4148,6,39,XUAT,1,2026-04-23,BH-001302/2026
4149,1,1,XUAT,1,2026-04-23,BH-002225/2026
4150,5,88,XUAT,1,2026-04-23,BH-004028/2026
4151,1,61,XUAT,1,2026-04-23,BH-006405/2026
4152,4,148,XUAT,1,2026-04-23,BH-006827/2026
4153,3,109,NHAP,30,2026-04-23,
4154,1,81,XUAT,1,2026-04-24,BH-000269/2026
4155,6,67,XUAT,1,2026-04-24,BH-000332/2026
4156,2,42,XUAT,1,2026-04-24,BH-001124/2026
4157,3,66,XUAT,1,2026-04-24,BH-001853/2026
4158,1,15,XUAT,1,2026-04-24,BH-002366/2026
4159,5,171,XUAT,1,2026-04-24,BH-003637/2026
4160,5,112,XUAT,1,2026-04-24,BH-003822/2026
4161,2,50,XUAT,1,2026-04-24,BH-007066/2026
4162,4,100,XUAT,1,2026-04-25,BH-000315/2026
4163,6,14,NHAP,6,2026-04-25,
4164,1,97,NHAP,29,2026-04-25,
4165,2,131,XUAT,1,2026-04-25,BH-004015/2026
4166,1,92,XUAT,1,2026-04-26,BH-000380/2026
4167,2,139,XUAT,1,2026-04-26,BH-000513/2026
4168,3,77,XUAT,1,2026-04-26,BH-001467/2026
4169,5,142,XUAT,2,2026-04-26,BH-001650/2026
4170,6,92,XUAT,1,2026-04-26,BH-002445/2026
4171,4,180,XUAT,1,2026-04-26,BH-003856/2026
4172,2,99,NHAP,28,2026-04-26,
4173,1,5,XUAT,1,2026-04-26,BH-004617/2026
4174,4,171,XUAT,2,2026-04-26,BH-004718/2026
4175,3,26,XUAT,1,2026-04-27,BH-001179/2026
4176,6,146,XUAT,1,2026-04-27,BH-001751/2026
4177,3,161,XUAT,1,2026-04-27,BH-004180/2026
4178,3,156,XUAT,1,2026-04-27,BH-004689/2026
4179,5,45,XUAT,1,2026-04-27,BH-004690/2026
4180,5,141,XUAT,2,2026-04-27,BH-005729/2026
4181,6,76,XUAT,1,2026-04-27,BH-007234/2026
4182,6,18,XUAT,1,2026-04-28,BH-000259/2026
4183,3,155,XUAT,1,2026-04-28,BH-001440/2026
4184,5,120,XUAT,1,2026-04-28,BH-002461/2026
4185,2,105,XUAT,1,2026-04-28,BH-006038/2026
4186,3,23,XUAT,1,2026-04-28,BH-007178/2026
4187,5,93,XUAT,2,2026-04-28,BH-007639/2026
4188,6,78,XUAT,1,2026-04-29,BH-000201/2026
4189,1,27,XUAT,1,2026-04-29,BH-001111/2026
4190,5,108,NHAP,6,2026-04-29,
4191,1,99,NHAP,18,2026-04-29,
4192,1,43,XUAT,1,2026-04-29,BH-003177/2026
4193,2,88,XUAT,1,2026-04-29,BH-003877/2026
4194,6,14,XUAT,1,2026-04-29,BH-004511/2026
4195,3,45,XUAT,1,2026-04-29,BH-004652/2026
4196,5,45,XUAT,1,2026-04-29,BH-004970/2026
4197,4,130,XUAT,2,2026-04-30,BH-001068/2026
4198,3,93,XUAT,1,2026-04-30,BH-001477/2026
4199,3,11,NHAP,5,2026-04-30,
4200,4,17,XUAT,1,2026-04-30,BH-006263/2026
4201,1,63,XUAT,1,2026-05-01,BH-001714/2026
4202,4,180,XUAT,1,2026-05-01,BH-004965/2026
4203,6,17,XUAT,1,2026-05-01,BH-005327/2026
4204,4,48,NHAP,7,2026-05-01,
4205,6,18,XUAT,2,2026-05-01,BH-005475/2026
4206,6,26,XUAT,1,2026-05-01,BH-007031/2026
4207,4,93,XUAT,1,2026-05-02,BH-002002/2026
4208,6,97,XUAT,1,2026-05-02,BH-002095/2026
4209,1,123,XUAT,1,2026-05-02,BH-002840/2026
4210,6,110,XUAT,1,2026-05-02,BH-004310/2026
4211,1,167,XUAT,1,2026-05-02,BH-004315/2026
4212,5,104,XUAT,1,2026-05-02,BH-004740/2026
4213,4,142,XUAT,1,2026-05-02,BH-006768/2026
4214,5,135,XUAT,1,2026-05-02,BH-007460/2026
4215,1,87,XUAT,1,2026-05-02,BH-007529/2026
4216,6,22,XUAT,1,2026-05-03,BH-001941/2026
4217,1,80,XUAT,1,2026-05-03,BH-005188/2026
4218,6,78,XUAT,2,2026-05-03,BH-005790/2026
4219,4,134,XUAT,1,2026-05-04,BH-001155/2026
4220,2,178,XUAT,1,2026-05-04,BH-001890/2026
4221,2,114,XUAT,1,2026-05-04,BH-002411/2026
4222,5,180,XUAT,1,2026-05-04,BH-002902/2026
4223,1,152,XUAT,1,2026-05-04,BH-007435/2026
4224,3,180,XUAT,1,2026-05-04,BH-007493/2026
4225,4,4,XUAT,2,2026-05-05,BH-000807/2026
4226,2,131,XUAT,1,2026-05-05,BH-000933/2026
4227,1,37,XUAT,1,2026-05-05,BH-001393/2026
4228,1,134,XUAT,1,2026-05-05,BH-002312/2026
4229,4,74,XUAT,1,2026-05-06,BH-002109/2026
4230,3,137,XUAT,1,2026-05-06,BH-003603/2026
4231,5,33,XUAT,1,2026-05-06,BH-004069/2026
4232,3,94,XUAT,2,2026-05-06,BH-005444/2026
4233,4,167,XUAT,1,2026-05-06,BH-005569/2026
4234,2,1,XUAT,1,2026-05-06,BH-007655/2026
4235,6,117,XUAT,1,2026-05-07,BH-000475/2026
4236,1,16,XUAT,1,2026-05-07,BH-003785/2026
4237,1,42,XUAT,1,2026-05-07,BH-005563/2026
4238,5,162,XUAT,1,2026-05-07,BH-006806/2026
4239,2,112,XUAT,1,2026-05-08,BH-000843/2026
4240,3,102,XUAT,1,2026-05-08,BH-002179/2026
4241,3,158,XUAT,1,2026-05-08,BH-003479/2026
4242,2,108,XUAT,1,2026-05-08,BH-003543/2026
4243,6,56,XUAT,1,2026-05-08,BH-004439/2026
4244,3,156,XUAT,1,2026-05-08,BH-004826/2026
4245,6,19,XUAT,1,2026-05-09,BH-002473/2026
4246,5,28,XUAT,1,2026-05-09,BH-004130/2026
4247,4,41,XUAT,1,2026-05-09,BH-006328/2026
4248,6,110,XUAT,1,2026-05-09,BH-006743/2026
4249,5,34,XUAT,1,2026-05-10,BH-000120/2026
4250,4,23,XUAT,1,2026-05-10,BH-001107/2026
4251,3,77,NHAP,30,2026-05-10,
4252,4,167,XUAT,1,2026-05-10,BH-002516/2026
4253,4,22,XUAT,1,2026-05-10,BH-003673/2026
4254,3,174,XUAT,1,2026-05-10,BH-004345/2026
4255,6,37,XUAT,1,2026-05-10,BH-005282/2026
4256,5,84,XUAT,1,2026-05-10,BH-006104/2026
4257,4,47,XUAT,1,2026-05-11,BH-003500/2026
4258,1,161,XUAT,2,2026-05-11,BH-003712/2026
4259,5,146,XUAT,1,2026-05-11,BH-003758/2026
4260,3,71,XUAT,2,2026-05-11,BH-003940/2026
4261,1,117,XUAT,1,2026-05-11,BH-005948/2026
4262,1,53,XUAT,1,2026-05-12,BH-000063/2026
4263,5,166,NHAP,26,2026-05-12,
4264,1,40,XUAT,1,2026-05-12,BH-000606/2026
4265,4,143,XUAT,1,2026-05-12,BH-001054/2026
4266,6,90,XUAT,2,2026-05-12,BH-007500/2026
4267,4,125,XUAT,1,2026-05-13,BH-000640/2026
4268,5,76,XUAT,1,2026-05-13,BH-000769/2026
4269,3,95,XUAT,1,2026-05-13,BH-001161/2026
4270,4,76,XUAT,1,2026-05-13,BH-001865/2026
4271,1,165,XUAT,2,2026-05-13,BH-002572/2026
4272,3,66,XUAT,1,2026-05-13,BH-004435/2026
4273,6,56,XUAT,2,2026-05-13,BH-004733/2026
4274,3,148,XUAT,1,2026-05-13,BH-005197/2026
4275,1,59,XUAT,1,2026-05-13,BH-005550/2026
4276,5,134,NHAP,27,2026-05-13,
4277,1,15,XUAT,1,2026-05-14,BH-000243/2026
4278,4,53,XUAT,1,2026-05-14,BH-000411/2026
4279,6,33,XUAT,1,2026-05-14,BH-001184/2026
4280,5,116,XUAT,1,2026-05-14,BH-002666/2026
4281,1,159,XUAT,1,2026-05-14,BH-005753/2026
4282,5,98,XUAT,1,2026-05-14,BH-006018/2026
4283,5,41,XUAT,1,2026-05-15,BH-003448/2026
4284,3,45,XUAT,1,2026-05-15,BH-006868/2026
4285,6,90,XUAT,2,2026-05-16,BH-001267/2026
4286,2,97,XUAT,2,2026-05-16,BH-002406/2026
4287,5,180,XUAT,2,2026-05-16,BH-002477/2026
4288,6,13,XUAT,1,2026-05-16,BH-005319/2026
4289,5,152,XUAT,1,2026-05-16,BH-005527/2026
4290,2,50,XUAT,1,2026-05-16,BH-006969/2026
4291,2,105,XUAT,1,2026-05-17,BH-001489/2026
4292,6,149,XUAT,1,2026-05-17,BH-001740/2026
4293,6,17,XUAT,1,2026-05-17,BH-003752/2026
4294,1,115,XUAT,1,2026-05-17,BH-005297/2026
4295,5,33,XUAT,1,2026-05-17,BH-005387/2026
4296,6,67,XUAT,1,2026-05-18,BH-001433/2026
4297,2,169,XUAT,1,2026-05-18,BH-002067/2026
4298,3,136,XUAT,1,2026-05-18,BH-002206/2026
4299,4,140,XUAT,1,2026-05-18,BH-005914/2026
4300,3,163,XUAT,1,2026-05-18,BH-006229/2026
4301,2,20,XUAT,1,2026-05-18,BH-007749/2026
4302,3,68,NHAP,11,2026-05-19,
4303,4,79,XUAT,1,2026-05-19,BH-000454/2026
4304,3,94,XUAT,1,2026-05-19,BH-002377/2026
4305,6,104,XUAT,1,2026-05-19,BH-004680/2026
4306,3,88,XUAT,1,2026-05-19,BH-004932/2026
4307,5,112,XUAT,1,2026-05-19,BH-005765/2026
4308,1,137,XUAT,1,2026-05-19,BH-006751/2026
4309,4,129,XUAT,1,2026-05-19,BH-007352/2026
4310,2,53,NHAP,11,2026-05-20,
4311,5,128,XUAT,1,2026-05-20,BH-001898/2026
4312,6,55,XUAT,1,2026-05-20,BH-003510/2026
4313,6,109,XUAT,1,2026-05-20,BH-003982/2026
4314,2,113,XUAT,1,2026-05-20,BH-006853/2026
4315,6,2,XUAT,1,2026-05-21,BH-001241/2026
4316,5,6,XUAT,1,2026-05-21,BH-001774/2026
4317,3,66,XUAT,2,2026-05-21,BH-002116/2026
4318,1,157,XUAT,1,2026-05-21,BH-002207/2026
4319,6,54,XUAT,1,2026-05-21,BH-002742/2026
4320,4,58,XUAT,2,2026-05-21,BH-003883/2026
4321,6,149,XUAT,1,2026-05-21,BH-004274/2026
4322,2,169,XUAT,1,2026-05-21,BH-005497/2026
4323,2,100,XUAT,2,2026-05-22,BH-000490/2026
4324,6,117,XUAT,1,2026-05-22,BH-001102/2026
4325,2,137,XUAT,1,2026-05-22,BH-004900/2026
4326,1,45,NHAP,30,2026-05-22,
4327,2,1,XUAT,1,2026-05-22,BH-005866/2026
4328,1,141,XUAT,1,2026-05-22,BH-006180/2026
4329,6,32,XUAT,1,2026-05-22,BH-007479/2026
4330,3,77,XUAT,1,2026-05-22,BH-007677/2026
4331,4,20,NHAP,11,2026-05-23,
4332,2,48,NHAP,20,2026-05-23,
4333,2,55,XUAT,1,2026-05-23,BH-006818/2026
4334,3,45,XUAT,1,2026-05-23,BH-007331/2026
4335,5,100,XUAT,1,2026-05-24,BH-001496/2026
4336,6,5,XUAT,1,2026-05-24,BH-001630/2026
4337,4,49,NHAP,12,2026-05-24,
4338,3,108,XUAT,1,2026-05-24,BH-003002/2026
4339,4,23,XUAT,1,2026-05-24,BH-004048/2026
4340,6,128,XUAT,1,2026-05-24,BH-004562/2026
4341,2,78,XUAT,1,2026-05-24,BH-005256/2026
4342,5,30,XUAT,1,2026-05-24,BH-005482/2026
4343,1,72,XUAT,1,2026-05-24,BH-006603/2026
4344,6,127,XUAT,1,2026-05-25,BH-001365/2026
4345,5,176,XUAT,1,2026-05-25,BH-003654/2026
4346,6,109,XUAT,1,2026-05-25,BH-004891/2026
4347,5,17,XUAT,1,2026-05-26,BH-001653/2026
4348,2,169,XUAT,1,2026-05-26,BH-003859/2026
4349,1,37,XUAT,1,2026-05-26,BH-004513/2026
4350,2,39,XUAT,2,2026-05-26,BH-004765/2026
4351,1,100,XUAT,1,2026-05-26,BH-006647/2026
4352,1,1,XUAT,1,2026-05-27,BH-000570/2026
4353,5,84,NHAP,6,2026-05-27,
4354,1,90,XUAT,1,2026-05-27,BH-004096/2026
4355,3,98,XUAT,1,2026-05-28,BH-000797/2026
4356,2,169,XUAT,1,2026-05-28,BH-000863/2026
4357,2,147,XUAT,1,2026-05-28,BH-001504/2026
4358,1,142,XUAT,1,2026-05-28,BH-001671/2026
4359,4,48,XUAT,1,2026-05-28,BH-001977/2026
4360,2,70,XUAT,1,2026-05-28,BH-002491/2026
4361,1,105,XUAT,1,2026-05-28,BH-005548/2026
4362,5,145,XUAT,1,2026-05-28,BH-005665/2026
4363,6,115,NHAP,30,2026-05-28,
4364,6,53,XUAT,1,2026-05-28,BH-005858/2026
4365,1,18,XUAT,1,2026-05-28,BH-007534/2026
4366,6,91,XUAT,1,2026-05-29,BH-001146/2026
4367,1,30,XUAT,1,2026-05-29,BH-001414/2026
4368,1,82,XUAT,1,2026-05-29,BH-001456/2026
4369,1,71,XUAT,1,2026-05-29,BH-001511/2026
4370,1,143,XUAT,1,2026-05-29,BH-002255/2026
4371,3,37,XUAT,1,2026-05-29,BH-002301/2026
4372,3,94,XUAT,1,2026-05-29,BH-002507/2026
4373,6,46,XUAT,1,2026-05-29,BH-003217/2026
4374,2,138,XUAT,1,2026-05-29,BH-003683/2026
4375,3,24,XUAT,1,2026-05-29,BH-005637/2026
4376,2,96,XUAT,1,2026-05-30,BH-003175/2026
4377,4,41,XUAT,1,2026-05-30,BH-005427/2026
4378,1,100,XUAT,1,2026-05-30,BH-006497/2026
4379,1,82,XUAT,1,2026-05-30,BH-007082/2026
4380,1,88,XUAT,1,2026-05-31,BH-001390/2026
4381,1,21,XUAT,1,2026-05-31,BH-002177/2026
4382,2,30,XUAT,1,2026-05-31,BH-002798/2026
4383,5,18,XUAT,1,2026-05-31,BH-003049/2026
4384,6,79,XUAT,1,2026-05-31,BH-003685/2026
4385,2,29,XUAT,1,2026-05-31,BH-006338/2026
4386,6,5,XUAT,1,2026-06-01,BH-000434/2026
4387,5,81,XUAT,1,2026-06-01,BH-003801/2026
4388,2,161,XUAT,1,2026-06-01,BH-004123/2026
4389,5,40,XUAT,1,2026-06-02,BH-000563/2026
4390,6,131,XUAT,1,2026-06-02,BH-000892/2026
4391,1,55,XUAT,1,2026-06-02,BH-000894/2026
4392,4,41,XUAT,1,2026-06-02,BH-001000/2026
4393,6,42,XUAT,1,2026-06-02,BH-003463/2026
4394,6,79,XUAT,1,2026-06-02,BH-004461/2026
4395,2,4,XUAT,1,2026-06-02,BH-005703/2026
4396,4,81,XUAT,1,2026-06-02,BH-006258/2026
4397,2,92,NHAP,30,2026-06-02,
4398,6,81,XUAT,1,2026-06-02,BH-006697/2026
4399,5,109,XUAT,1,2026-06-03,BH-001159/2026
4400,2,96,XUAT,1,2026-06-03,BH-003829/2026
4401,6,151,XUAT,1,2026-06-03,BH-005394/2026
4402,4,176,XUAT,1,2026-06-03,BH-006456/2026
4403,3,163,XUAT,1,2026-06-03,BH-006880/2026
4404,6,160,XUAT,1,2026-06-03,BH-007262/2026
4405,2,76,XUAT,1,2026-06-04,BH-000340/2026
4406,4,38,XUAT,1,2026-06-04,BH-000850/2026
4407,6,128,XUAT,1,2026-06-04,BH-001148/2026
4408,1,42,XUAT,2,2026-06-04,BH-002705/2026
4409,6,1,XUAT,1,2026-06-04,BH-003058/2026
4410,4,53,XUAT,1,2026-06-04,BH-003313/2026
4411,6,141,XUAT,1,2026-06-04,BH-005754/2026
4412,4,24,XUAT,1,2026-06-04,BH-007229/2026
4413,5,44,XUAT,1,2026-06-04,BH-007266/2026
4414,5,123,NHAP,21,2026-06-04,
4415,3,155,XUAT,1,2026-06-05,BH-002451/2026
4416,4,169,XUAT,1,2026-06-05,BH-002934/2026
4417,4,86,XUAT,1,2026-06-05,BH-003499/2026
4418,2,169,XUAT,1,2026-06-05,BH-004210/2026
4419,2,103,XUAT,1,2026-06-05,BH-006034/2026
4420,1,165,XUAT,1,2026-06-06,BH-000073/2026
4421,1,59,XUAT,1,2026-06-06,BH-001185/2026
4422,1,127,XUAT,1,2026-06-06,BH-003303/2026
4423,5,17,XUAT,1,2026-06-06,BH-004094/2026
4424,1,168,XUAT,1,2026-06-06,BH-005524/2026
4425,5,24,XUAT,2,2026-06-06,BH-005727/2026
4426,4,68,XUAT,1,2026-06-06,BH-007181/2026
4427,1,13,NHAP,23,2026-06-06,
4428,3,53,XUAT,1,2026-06-07,BH-000093/2026
4429,5,42,XUAT,1,2026-06-07,BH-002851/2026
4430,5,83,XUAT,1,2026-06-07,BH-003985/2026
4431,2,50,XUAT,1,2026-06-07,BH-006054/2026
4432,4,136,XUAT,1,2026-06-08,BH-000275/2026
4433,2,96,XUAT,1,2026-06-08,BH-000464/2026
4434,1,165,NHAP,24,2026-06-08,
4435,1,24,XUAT,1,2026-06-08,BH-001736/2026
4436,4,35,XUAT,1,2026-06-08,BH-002020/2026
4437,3,157,XUAT,1,2026-06-08,BH-006149/2026
4438,1,6,XUAT,1,2026-06-08,BH-006211/2026
4439,3,158,XUAT,1,2026-06-09,BH-001310/2026
4440,6,27,XUAT,1,2026-06-09,BH-004802/2026
4441,6,108,XUAT,1,2026-06-09,BH-005238/2026
4442,1,15,XUAT,1,2026-06-09,BH-007372/2026
4443,3,95,XUAT,1,2026-06-10,BH-000568/2026
4444,1,61,XUAT,1,2026-06-10,BH-005415/2026
4445,4,134,XUAT,1,2026-06-10,BH-005951/2026
4446,5,76,XUAT,1,2026-06-10,BH-007165/2026
4447,1,43,XUAT,2,2026-06-10,BH-007305/2026
4448,5,78,XUAT,1,2026-06-10,BH-007762/2026
4449,4,161,XUAT,1,2026-06-11,BH-002290/2026
4450,5,18,XUAT,1,2026-06-11,BH-003155/2026
4451,5,142,XUAT,1,2026-06-11,BH-003165/2026
4452,4,21,NHAP,30,2026-06-11,
4453,5,94,XUAT,1,2026-06-11,BH-006286/2026
4454,1,117,XUAT,1,2026-06-11,BH-006590/2026
4455,2,70,XUAT,1,2026-06-12,BH-001323/2026
4456,6,109,XUAT,1,2026-06-12,BH-005108/2026
4457,4,174,XUAT,1,2026-06-12,BH-006399/2026
4458,5,83,XUAT,1,2026-06-12,BH-006914/2026
4459,1,54,NHAP,8,2026-06-12,
4460,6,40,XUAT,2,2026-06-12,BH-007306/2026
4461,4,141,XUAT,1,2026-06-12,BH-007734/2026
4462,1,74,XUAT,1,2026-06-13,BH-001764/2026
4463,1,59,XUAT,1,2026-06-13,BH-002912/2026
4464,4,14,XUAT,1,2026-06-13,BH-003225/2026
4465,2,169,XUAT,1,2026-06-13,BH-005932/2026
4466,1,123,XUAT,1,2026-06-14,BH-001679/2026
4467,3,49,XUAT,2,2026-06-14,BH-002569/2026
4468,2,96,XUAT,2,2026-06-14,BH-004650/2026
4469,2,174,XUAT,1,2026-06-14,BH-007211/2026
4470,2,174,XUAT,2,2026-06-14,BH-007402/2026
4471,1,126,XUAT,1,2026-06-15,BH-002282/2026
4472,2,76,XUAT,1,2026-06-15,BH-003584/2026
4473,5,175,XUAT,1,2026-06-15,BH-003799/2026
4474,6,10,XUAT,1,2026-06-15,BH-004910/2026
4475,2,139,XUAT,1,2026-06-15,BH-005128/2026
4476,5,151,XUAT,1,2026-06-15,BH-005681/2026
4477,5,72,XUAT,1,2026-06-15,BH-005776/2026
4478,6,14,XUAT,2,2026-06-15,BH-006348/2026
4479,1,1,XUAT,1,2026-06-15,BH-006539/2026
4480,4,172,XUAT,1,2026-06-15,BH-007160/2026
4481,5,149,XUAT,1,2026-06-16,BH-000596/2026
4482,2,92,XUAT,1,2026-06-16,BH-000618/2026
4483,1,175,XUAT,1,2026-06-16,BH-002852/2026
4484,1,76,XUAT,1,2026-06-16,BH-003290/2026
4485,2,105,XUAT,1,2026-06-16,BH-003837/2026
4486,3,62,XUAT,1,2026-06-16,BH-006292/2026
4487,6,95,XUAT,1,2026-06-16,BH-006894/2026
4488,4,151,XUAT,1,2026-06-17,BH-001608/2026
4489,6,143,XUAT,1,2026-06-17,BH-001996/2026
4490,2,55,XUAT,1,2026-06-17,BH-002209/2026
4491,2,38,XUAT,1,2026-06-17,BH-003784/2026
4492,5,87,NHAP,19,2026-06-18,
4493,4,115,NHAP,18,2026-06-18,
4494,1,90,XUAT,1,2026-06-18,BH-003902/2026
4495,2,154,NHAP,26,2026-06-18,
4496,2,145,XUAT,1,2026-06-18,BH-004150/2026
4497,5,3,XUAT,1,2026-06-18,BH-004262/2026
4498,5,176,XUAT,1,2026-06-18,BH-004329/2026
4499,6,111,XUAT,1,2026-06-18,BH-005045/2026
4500,5,37,XUAT,1,2026-06-18,BH-006114/2026
4501,1,123,XUAT,1,2026-06-19,BH-002138/2026
4502,5,177,XUAT,1,2026-06-19,BH-003399/2026
4503,6,110,XUAT,1,2026-06-19,BH-004572/2026
4504,1,164,XUAT,1,2026-06-19,BH-004942/2026
4505,3,153,XUAT,1,2026-06-19,BH-007169/2026
4506,6,54,XUAT,1,2026-06-19,BH-007243/2026
4507,4,132,XUAT,1,2026-06-19,BH-007268/2026
4508,6,14,XUAT,1,2026-06-20,BH-000318/2026
4509,5,134,XUAT,2,2026-06-20,BH-007019/2026
4510,5,88,XUAT,2,2026-06-21,BH-002594/2026
4511,2,92,XUAT,1,2026-06-21,BH-002837/2026
4512,4,71,XUAT,2,2026-06-21,BH-005218/2026
4513,5,51,XUAT,1,2026-06-21,BH-007513/2026
4514,5,104,NHAP,12,2026-06-22,
4515,2,87,NHAP,5,2026-06-22,
4516,5,157,XUAT,1,2026-06-22,BH-001610/2026
4517,2,17,XUAT,1,2026-06-22,BH-001809/2026
4518,2,90,XUAT,1,2026-06-22,BH-002903/2026
4519,5,8,XUAT,1,2026-06-22,BH-004269/2026
4520,6,66,XUAT,1,2026-06-23,BH-002240/2026
4521,6,109,XUAT,1,2026-06-23,BH-005837/2026
4522,1,24,XUAT,1,2026-06-24,BH-002327/2026
4523,6,60,XUAT,1,2026-06-24,BH-002816/2026
4524,1,111,XUAT,1,2026-06-24,BH-003400/2026
4525,5,145,XUAT,1,2026-06-24,BH-007450/2026
4526,4,92,XUAT,1,2026-06-25,BH-000021/2026
4527,3,83,XUAT,1,2026-06-25,BH-000743/2026
4528,2,96,XUAT,1,2026-06-25,BH-001279/2026
4529,4,83,XUAT,1,2026-06-25,BH-002311/2026
4530,4,117,XUAT,2,2026-06-25,BH-005556/2026
4531,4,116,XUAT,2,2026-06-25,BH-007545/2026
4532,2,157,XUAT,1,2026-06-26,BH-000072/2026
4533,5,32,XUAT,1,2026-06-26,BH-002969/2026
4534,1,102,XUAT,1,2026-06-26,BH-004026/2026
4535,5,169,XUAT,1,2026-06-26,BH-005353/2026
4536,5,8,XUAT,1,2026-06-26,BH-005429/2026
4537,5,144,XUAT,1,2026-06-26,BH-005644/2026
4538,3,63,XUAT,1,2026-06-26,BH-006872/2026
4539,4,10,XUAT,1,2026-06-27,BH-000228/2026
4540,3,30,XUAT,1,2026-06-27,BH-000233/2026
4541,2,115,XUAT,1,2026-06-27,BH-004856/2026
4542,4,156,XUAT,1,2026-06-27,BH-005066/2026
4543,1,161,XUAT,1,2026-06-27,BH-006187/2026
4544,2,176,XUAT,2,2026-06-27,BH-007473/2026
4545,6,146,XUAT,1,2026-06-27,BH-007741/2026
4546,3,149,XUAT,1,2026-06-28,BH-000458/2026
4547,1,157,XUAT,1,2026-06-28,BH-000818/2026
4548,1,153,XUAT,1,2026-06-28,BH-001223/2026
4549,2,37,XUAT,1,2026-06-28,BH-003887/2026
4550,3,88,XUAT,1,2026-06-28,BH-004228/2026
4551,5,152,XUAT,1,2026-06-28,BH-004247/2026
4552,3,155,XUAT,1,2026-06-28,BH-005320/2026
4553,6,171,XUAT,1,2026-06-28,BH-005715/2026
4554,3,88,NHAP,20,2026-06-28,
4555,2,49,XUAT,1,2026-06-29,BH-002484/2026
4556,2,105,XUAT,1,2026-06-29,BH-002683/2026
4557,2,38,NHAP,30,2026-06-29,
4558,4,126,XUAT,1,2026-06-29,BH-005900/2026
4559,2,59,XUAT,1,2026-06-29,BH-006522/2026
4560,4,104,XUAT,1,2026-06-29,BH-006694/2026
4561,6,90,XUAT,1,2026-06-30,BH-001278/2026
4562,1,147,XUAT,1,2026-06-30,BH-001624/2026
4563,4,115,XUAT,1,2026-06-30,BH-003947/2026
4564,5,51,XUAT,1,2026-06-30,BH-004775/2026
4565,3,27,XUAT,1,2026-06-30,BH-005362/2026
4566,4,56,XUAT,1,2026-06-30,BH-006624/2026
4567,5,44,XUAT,1,2026-06-30,BH-007095/2026
4568,1,111,XUAT,1,2026-07-01,BH-001251/2026
4569,3,87,XUAT,1,2026-07-01,BH-003963/2026
4570,3,122,XUAT,1,2026-07-01,BH-004032/2026
4571,4,90,XUAT,1,2026-07-01,BH-004959/2026
4572,3,146,XUAT,1,2026-07-02,BH-002064/2026
4573,2,63,XUAT,1,2026-07-02,BH-002743/2026
4574,6,131,XUAT,1,2026-07-02,BH-004149/2026
4575,5,125,XUAT,1,2026-07-02,BH-004266/2026
4576,4,106,XUAT,1,2026-07-02,BH-004498/2026
4577,4,148,XUAT,1,2026-07-02,BH-005460/2026
4578,4,176,XUAT,1,2026-07-02,BH-006336/2026
4579,2,139,XUAT,1,2026-07-02,BH-006611/2026
4580,6,173,XUAT,1,2026-07-03,BH-000725/2026
4581,5,48,XUAT,1,2026-07-03,BH-000846/2026
4582,6,71,XUAT,1,2026-07-03,BH-003112/2026
4583,6,14,XUAT,1,2026-07-03,BH-004187/2026
4584,6,73,XUAT,1,2026-07-03,BH-005013/2026
4585,2,92,NHAP,5,2026-07-03,
4586,4,29,NHAP,9,2026-07-03,
4587,3,165,XUAT,1,2026-07-03,BH-007616/2026
4588,2,8,XUAT,2,2026-07-04,BH-000255/2026
4589,2,166,XUAT,1,2026-07-04,BH-001872/2026
4590,4,149,XUAT,1,2026-07-04,BH-002474/2026
4591,4,172,XUAT,1,2026-07-04,BH-002536/2026
4592,4,28,XUAT,1,2026-07-04,BH-002626/2026
4593,3,23,XUAT,1,2026-07-04,BH-003496/2026
4594,1,146,XUAT,1,2026-07-04,BH-004182/2026
4595,3,88,XUAT,2,2026-07-04,BH-004845/2026
4596,4,136,XUAT,1,2026-07-05,BH-000944/2026
4597,5,167,XUAT,1,2026-07-05,BH-001406/2026
4598,3,138,XUAT,1,2026-07-05,BH-001822/2026
4599,2,28,XUAT,1,2026-07-05,BH-003327/2026
4600,6,11,XUAT,1,2026-07-05,BH-004606/2026
4601,3,104,XUAT,1,2026-07-05,BH-004976/2026
4602,5,11,XUAT,1,2026-07-05,BH-007620/2026
4603,6,92,XUAT,1,2026-07-06,BH-005403/2026
4604,3,168,XUAT,1,2026-07-07,BH-001603/2026
4605,3,69,XUAT,1,2026-07-07,BH-002727/2026
4606,4,140,XUAT,1,2026-07-07,BH-003120/2026
4607,1,36,XUAT,1,2026-07-07,BH-005019/2026
4608,1,61,XUAT,1,2026-07-07,BH-006360/2026
4609,5,127,XUAT,1,2026-07-07,BH-006905/2026
4610,3,8,XUAT,1,2026-07-07,BH-007219/2026
4611,5,142,XUAT,1,2026-07-08,BH-000617/2026
4612,1,47,XUAT,1,2026-07-08,BH-002338/2026
4613,4,9,XUAT,1,2026-07-08,BH-003258/2026
4614,1,61,XUAT,1,2026-07-08,BH-005241/2026
4615,6,104,XUAT,1,2026-07-08,BH-005468/2026
4616,6,148,XUAT,1,2026-07-08,BH-006564/2026
4617,3,20,XUAT,1,2026-07-08,BH-007399/2026
4618,6,97,XUAT,1,2026-07-09,BH-001183/2026
4619,6,147,XUAT,1,2026-07-09,BH-001703/2026
4620,1,168,XUAT,1,2026-07-09,BH-001723/2026
4621,3,8,XUAT,1,2026-07-09,BH-002438/2026
4622,2,137,XUAT,1,2026-07-09,BH-003701/2026
4623,1,54,NHAP,14,2026-07-09,
4624,2,17,XUAT,1,2026-07-09,BH-003888/2026
4625,5,108,XUAT,1,2026-07-09,BH-006480/2026
4626,2,73,XUAT,1,2026-07-09,BH-006490/2026
4627,6,48,XUAT,1,2026-07-10,BH-000646/2026
4628,2,151,XUAT,1,2026-07-10,BH-001775/2026
4629,2,62,XUAT,1,2026-07-10,BH-004470/2026
4630,5,51,XUAT,1,2026-07-10,BH-005071/2026
4631,5,124,XUAT,1,2026-07-11,BH-000007/2026
4632,1,151,XUAT,1,2026-07-11,BH-000115/2026
4633,1,166,XUAT,1,2026-07-11,BH-001419/2026
4634,3,96,NHAP,21,2026-07-11,
4635,1,173,XUAT,1,2026-07-11,BH-006484/2026
4636,6,84,XUAT,1,2026-07-11,BH-007654/2026
4637,5,17,XUAT,1,2026-07-12,BH-003089/2026
4638,5,108,XUAT,1,2026-07-12,BH-003391/2026
4639,3,57,XUAT,1,2026-07-12,BH-006372/2026
4640,4,132,XUAT,1,2026-07-12,BH-007202/2026
4641,4,136,XUAT,1,2026-07-13,BH-001458/2026
4642,1,151,XUAT,1,2026-07-13,BH-001567/2026
4643,3,140,XUAT,1,2026-07-13,BH-003755/2026
4644,1,63,XUAT,2,2026-07-13,BH-006635/2026
4645,4,92,XUAT,1,2026-07-13,BH-006805/2026
4646,5,87,XUAT,2,2026-07-13,BH-006904/2026
4647,6,27,XUAT,1,2026-07-13,BH-006994/2026
4648,1,53,XUAT,1,2026-07-14,BH-001207/2026
4649,4,129,XUAT,1,2026-07-14,BH-001214/2026
4650,3,10,XUAT,1,2026-07-14,BH-003570/2026
4651,5,38,XUAT,1,2026-07-14,BH-004019/2026
4652,3,93,XUAT,1,2026-07-14,BH-005177/2026
4653,2,64,XUAT,1,2026-07-14,BH-005699/2026
4654,5,83,XUAT,1,2026-07-14,BH-006476/2026
4655,1,1,XUAT,1,2026-07-15,BH-000162/2026
4656,1,157,XUAT,1,2026-07-15,BH-000745/2026
4657,2,147,XUAT,1,2026-07-15,BH-000987/2026
4658,1,161,XUAT,1,2026-07-15,BH-005131/2026
4659,3,148,XUAT,2,2026-07-15,BH-005168/2026
4660,2,86,XUAT,1,2026-07-15,BH-006649/2026
4661,4,53,NHAP,15,2026-07-15,
4662,2,53,XUAT,1,2026-07-15,BH-007597/2026
4663,6,11,XUAT,1,2026-07-15,BH-007685/2026
4664,4,122,XUAT,1,2026-07-16,BH-001236/2026
4665,1,43,NHAP,11,2026-07-16,
4666,2,137,XUAT,1,2026-07-16,BH-002014/2026
4667,3,10,XUAT,1,2026-07-16,BH-003609/2026
4668,4,172,XUAT,1,2026-07-16,BH-003830/2026
4669,5,109,XUAT,1,2026-07-16,BH-004441/2026
4670,5,101,XUAT,1,2026-07-16,BH-004700/2026
4671,4,107,XUAT,1,2026-07-16,BH-006043/2026
4672,3,171,XUAT,1,2026-07-17,BH-001012/2026
4673,6,117,XUAT,2,2026-07-17,BH-001198/2026
4674,3,8,XUAT,1,2026-07-17,BH-002602/2026
4675,1,159,NHAP,23,2026-07-17,
4676,2,69,XUAT,1,2026-07-17,BH-003226/2026
4677,6,50,XUAT,1,2026-07-17,BH-003532/2026
4678,1,157,XUAT,1,2026-07-17,BH-005596/2026
4679,6,86,XUAT,1,2026-07-17,BH-006582/2026
4680,4,66,XUAT,1,2026-07-17,BH-006757/2026
4681,4,12,XUAT,1,2026-07-17,BH-007314/2026
4682,5,87,XUAT,1,2026-07-18,BH-001381/2026
4683,3,165,XUAT,1,2026-07-18,BH-002193/2026
4684,2,159,XUAT,1,2026-07-18,BH-002434/2026
4685,4,64,XUAT,1,2026-07-18,BH-002515/2026
4686,6,29,NHAP,17,2026-07-18,
4687,3,23,XUAT,1,2026-07-18,BH-003210/2026
4688,4,156,XUAT,1,2026-07-18,BH-003259/2026
4689,4,107,XUAT,1,2026-07-18,BH-005686/2026
4690,6,97,XUAT,2,2026-07-18,BH-005689/2026
4691,3,41,XUAT,1,2026-07-18,BH-005843/2026
4692,3,156,XUAT,1,2026-07-18,BH-007010/2026
4693,1,80,XUAT,1,2026-07-18,BH-007220/2026
4694,3,81,XUAT,2,2026-07-19,BH-002220/2026
4695,6,135,XUAT,1,2026-07-19,BH-003497/2026
4696,5,93,XUAT,1,2026-07-19,BH-003520/2026
4697,2,20,NHAP,29,2026-07-19,
4698,6,17,XUAT,1,2026-07-20,BH-002992/2026
4699,1,24,XUAT,1,2026-07-20,BH-003172/2026
4700,6,160,XUAT,2,2026-07-20,BH-005084/2026
4701,3,49,XUAT,1,2026-07-20,BH-005191/2026
4702,3,179,XUAT,1,2026-07-20,BH-007516/2026
4703,3,157,XUAT,1,2026-07-21,BH-001696/2026
4704,6,95,XUAT,1,2026-07-21,BH-002237/2026
4705,2,20,XUAT,1,2026-07-21,BH-006517/2026
4706,6,89,XUAT,1,2026-07-21,BH-006653/2026
4707,2,129,XUAT,1,2026-07-21,BH-006859/2026
4708,3,84,XUAT,1,2026-07-21,BH-006971/2026
4709,4,180,XUAT,1,2026-07-21,BH-007462/2026
4710,1,121,XUAT,1,2026-07-22,BH-000281/2026
4711,6,88,XUAT,1,2026-07-22,BH-000592/2026
4712,2,94,XUAT,2,2026-07-22,BH-000755/2026
4713,1,42,XUAT,1,2026-07-22,BH-002221/2026
4714,6,149,XUAT,1,2026-07-22,BH-003308/2026
4715,6,50,XUAT,1,2026-07-22,BH-004144/2026
4716,3,19,XUAT,1,2026-07-22,BH-004452/2026
4717,4,161,XUAT,1,2026-07-22,BH-006800/2026
4718,5,48,XUAT,1,2026-07-23,BH-003000/2026
4719,5,59,NHAP,20,2026-07-23,
4720,3,31,XUAT,1,2026-07-23,BH-003200/2026
4721,6,79,XUAT,1,2026-07-23,BH-004761/2026
4722,1,76,XUAT,1,2026-07-23,BH-004812/2026
4723,3,19,XUAT,2,2026-07-24,BH-001192/2026
4724,2,115,XUAT,1,2026-07-24,BH-002351/2026
4725,4,79,XUAT,1,2026-07-24,BH-002757/2026
4726,3,10,XUAT,1,2026-07-24,BH-003512/2026
4727,1,167,XUAT,1,2026-07-24,BH-005103/2026
4728,2,126,NHAP,20,2026-07-24,
4729,5,157,XUAT,1,2026-07-25,BH-000256/2026
4730,3,66,XUAT,1,2026-07-25,BH-000994/2026
4731,5,124,XUAT,1,2026-07-25,BH-001306/2026
4732,2,87,XUAT,1,2026-07-25,BH-002431/2026
4733,4,26,XUAT,1,2026-07-25,BH-003095/2026
4734,1,132,XUAT,1,2026-07-25,BH-003452/2026
4735,1,148,NHAP,24,2026-07-25,
4736,1,178,XUAT,1,2026-07-25,BH-004286/2026
4737,3,38,XUAT,1,2026-07-25,BH-005050/2026
4738,3,146,XUAT,1,2026-07-27,BH-001109/2026
4739,5,140,XUAT,1,2026-07-27,BH-003369/2026
4740,3,28,XUAT,1,2026-07-27,BH-004147/2026
4741,1,12,XUAT,1,2026-07-27,BH-004943/2026
4742,2,62,XUAT,1,2026-07-27,BH-007526/2026
4743,5,167,XUAT,1,2026-07-28,BH-000035/2026
4744,5,38,XUAT,1,2026-07-28,BH-000158/2026
4745,2,16,XUAT,1,2026-07-28,BH-000650/2026
4746,2,45,NHAP,9,2026-07-28,
4747,5,24,XUAT,1,2026-07-28,BH-006007/2026
4748,5,40,XUAT,1,2026-07-29,BH-000372/2026
4749,5,81,XUAT,1,2026-07-29,BH-000406/2026
4750,2,176,XUAT,1,2026-07-29,BH-005017/2026
4751,3,164,XUAT,1,2026-07-29,BH-005117/2026
4752,1,14,XUAT,1,2026-07-29,BH-005652/2026
4753,2,172,XUAT,1,2026-07-29,BH-007210/2026
4754,3,81,NHAP,20,2026-07-30,
4755,3,20,XUAT,1,2026-07-30,BH-000865/2026
4756,3,19,XUAT,1,2026-07-30,BH-001589/2026
4757,2,95,XUAT,1,2026-07-30,BH-002156/2026
4758,5,107,XUAT,1,2026-07-30,BH-002692/2026
4759,6,171,XUAT,1,2026-07-30,BH-005465/2026
4760,1,175,XUAT,1,2026-07-31,BH-000163/2026
4761,3,62,XUAT,1,2026-07-31,BH-003100/2026
4762,1,127,XUAT,2,2026-07-31,BH-004805/2026
4763,6,55,XUAT,2,2026-07-31,BH-005070/2026
4764,5,119,XUAT,2,2026-07-31,BH-006820/2026
4765,3,96,XUAT,1,2026-07-31,BH-007123/2026
4766,1,18,XUAT,1,2026-08-01,BH-003110/2026
4767,3,180,XUAT,1,2026-08-01,BH-005355/2026
4768,2,52,XUAT,1,2026-08-01,BH-006092/2026
4769,4,28,XUAT,1,2026-08-02,BH-002978/2026
4770,4,8,XUAT,1,2026-08-02,BH-006920/2026
4771,6,97,XUAT,1,2026-08-03,BH-001767/2026
4772,4,131,XUAT,1,2026-08-03,BH-002723/2026
4773,3,73,XUAT,1,2026-08-03,BH-002770/2026
4774,1,44,XUAT,1,2026-08-03,BH-004364/2026
4775,6,143,XUAT,1,2026-08-03,BH-004818/2026
4776,4,34,XUAT,1,2026-08-03,BH-004831/2026
4777,4,78,XUAT,1,2026-08-03,BH-005454/2026
4778,6,86,XUAT,1,2026-08-03,BH-005483/2026
4779,1,176,XUAT,1,2026-08-04,BH-000737/2026
4780,3,22,XUAT,1,2026-08-04,BH-001164/2026
4781,6,70,XUAT,1,2026-08-04,BH-001386/2026
4782,4,22,XUAT,1,2026-08-04,BH-005928/2026
4783,3,53,XUAT,1,2026-08-04,BH-006902/2026
4784,2,55,XUAT,1,2026-08-04,BH-007006/2026
4785,4,126,XUAT,1,2026-08-04,BH-007472/2026
4786,4,2,XUAT,1,2026-08-05,BH-000150/2026
4787,4,143,XUAT,1,2026-08-05,BH-000412/2026
4788,6,106,XUAT,1,2026-08-05,BH-001388/2026
4789,1,82,XUAT,1,2026-08-05,BH-003833/2026
4790,2,110,XUAT,1,2026-08-05,BH-003973/2026
4791,1,1,XUAT,1,2026-08-05,BH-004283/2026
4792,5,157,XUAT,1,2026-08-05,BH-006161/2026
4793,6,31,XUAT,1,2026-08-07,BH-000832/2026
4794,2,19,XUAT,1,2026-08-07,BH-001043/2026
4795,4,178,XUAT,1,2026-08-07,BH-001649/2026
4796,2,159,XUAT,1,2026-08-07,BH-004459/2026
4797,4,139,XUAT,1,2026-08-07,BH-004621/2026
4798,5,40,XUAT,1,2026-08-07,BH-005763/2026
4799,6,97,NHAP,25,2026-08-07,
4800,4,127,XUAT,1,2026-08-07,BH-005896/2026
4801,2,72,XUAT,2,2026-08-08,BH-000260/2026
4802,6,39,XUAT,1,2026-08-08,BH-000356/2026
4803,5,122,XUAT,1,2026-08-08,BH-002036/2026
4804,6,139,XUAT,1,2026-08-08,BH-002211/2026
4805,5,126,XUAT,1,2026-08-08,BH-002665/2026
4806,6,160,XUAT,1,2026-08-08,BH-003343/2026
4807,1,174,XUAT,1,2026-08-08,BH-003353/2026
4808,2,46,XUAT,1,2026-08-08,BH-004839/2026
4809,6,173,XUAT,1,2026-08-08,BH-007627/2026
4810,6,147,XUAT,1,2026-08-09,BH-001526/2026
4811,2,158,XUAT,1,2026-08-09,BH-002314/2026
4812,1,14,XUAT,1,2026-08-09,BH-004009/2026
4813,5,138,XUAT,1,2026-08-09,BH-006467/2026
4814,4,29,XUAT,1,2026-08-09,BH-007797/2026
4815,1,137,XUAT,1,2026-08-10,BH-000306/2026
4816,5,84,XUAT,1,2026-08-10,BH-000522/2026
4817,3,94,XUAT,1,2026-08-10,BH-003481/2026
4818,3,11,XUAT,1,2026-08-10,BH-003879/2026
4819,1,139,XUAT,1,2026-08-10,BH-007692/2026
4820,3,131,XUAT,1,2026-08-11,BH-000312/2026
4821,1,144,XUAT,1,2026-08-11,BH-001583/2026
4822,6,135,XUAT,1,2026-08-11,BH-002440/2026
4823,4,14,XUAT,1,2026-08-11,BH-002641/2026
4824,1,59,XUAT,1,2026-08-11,BH-003295/2026
4825,1,87,XUAT,1,2026-08-11,BH-003872/2026
4826,4,131,XUAT,1,2026-08-11,BH-004471/2026
4827,3,27,XUAT,1,2026-08-11,BH-006227/2026
4828,5,1,XUAT,1,2026-08-11,BH-006469/2026
4829,6,124,XUAT,1,2026-08-12,BH-000802/2026
4830,3,161,XUAT,1,2026-08-12,BH-004734/2026
4831,5,138,XUAT,1,2026-08-12,BH-004922/2026
4832,5,166,XUAT,1,2026-08-12,BH-007486/2026
4833,4,116,XUAT,1,2026-08-13,BH-000131/2026
4834,2,16,XUAT,1,2026-08-13,BH-000143/2026
4835,3,26,XUAT,1,2026-08-13,BH-001421/2026
4836,1,63,XUAT,1,2026-08-13,BH-002925/2026
4837,2,78,NHAP,26,2026-08-13,
4838,6,108,XUAT,1,2026-08-13,BH-003516/2026
4839,5,119,XUAT,1,2026-08-13,BH-004099/2026
4840,5,84,XUAT,1,2026-08-13,BH-005053/2026
4841,3,77,XUAT,1,2026-08-13,BH-005208/2026
4842,1,158,XUAT,1,2026-08-13,BH-005407/2026
4843,6,151,XUAT,1,2026-08-13,BH-005673/2026
4844,5,101,XUAT,1,2026-08-13,BH-006367/2026
4845,2,109,XUAT,1,2026-08-13,BH-007048/2026
4846,2,74,XUAT,1,2026-08-13,BH-007206/2026
4847,6,109,XUAT,1,2026-08-13,BH-007707/2026
4848,4,28,XUAT,1,2026-08-14,BH-003989/2026
4849,2,55,XUAT,1,2026-08-14,BH-004163/2026
4850,5,9,XUAT,1,2026-08-14,BH-004590/2026
4851,5,85,XUAT,1,2026-08-14,BH-005085/2026
4852,1,127,NHAP,26,2026-08-14,
4853,4,63,XUAT,2,2026-08-14,BH-006597/2026
4854,3,157,XUAT,1,2026-08-14,BH-006711/2026
4855,3,137,XUAT,1,2026-08-15,BH-000978/2026
4856,4,117,XUAT,1,2026-08-15,BH-003458/2026
4857,1,120,XUAT,1,2026-08-15,BH-004465/2026
4858,4,35,NHAP,25,2026-08-15,
4859,3,120,XUAT,1,2026-08-15,BH-005802/2026
4860,6,29,XUAT,1,2026-08-15,BH-006722/2026
4861,3,73,XUAT,1,2026-08-15,BH-006921/2026
4862,5,83,XUAT,1,2026-08-16,BH-000600/2026
4863,4,151,XUAT,1,2026-08-16,BH-003779/2026
4864,1,173,XUAT,1,2026-08-16,BH-006127/2026
4865,6,37,XUAT,2,2026-08-16,BH-006385/2026
4866,1,158,XUAT,1,2026-08-16,BH-007162/2026
4867,1,119,XUAT,1,2026-08-16,BH-007459/2026
4868,5,60,XUAT,1,2026-08-17,BH-004915/2026
4869,4,68,XUAT,1,2026-08-17,BH-005020/2026
4870,1,24,XUAT,1,2026-08-18,BH-000511/2026
4871,5,147,XUAT,1,2026-08-18,BH-000674/2026
4872,1,151,XUAT,1,2026-08-18,BH-000842/2026
4873,5,168,NHAP,9,2026-08-18,
4874,1,141,XUAT,1,2026-08-18,BH-001314/2026
4875,4,70,XUAT,1,2026-08-18,BH-002110/2026
4876,4,74,XUAT,1,2026-08-18,BH-002365/2026
4877,6,105,XUAT,1,2026-08-18,BH-003060/2026
4878,3,150,XUAT,1,2026-08-18,BH-003935/2026
4879,3,146,XUAT,1,2026-08-18,BH-006386/2026
4880,5,151,XUAT,1,2026-08-18,BH-007549/2026
4881,5,145,NHAP,11,2026-08-19,
4882,2,24,XUAT,1,2026-08-20,BH-000020/2026
4883,3,66,XUAT,1,2026-08-20,BH-000048/2026
4884,4,16,XUAT,1,2026-08-20,BH-001990/2026
4885,2,130,XUAT,1,2026-08-20,BH-002054/2026
4886,6,60,XUAT,1,2026-08-20,BH-002355/2026
4887,5,88,XUAT,1,2026-08-20,BH-003274/2026
4888,2,84,XUAT,1,2026-08-20,BH-005081/2026
4889,1,63,XUAT,2,2026-08-20,BH-005813/2026
4890,5,126,XUAT,2,2026-08-20,BH-005923/2026
4891,1,14,XUAT,1,2026-08-20,BH-006144/2026
4892,2,138,XUAT,1,2026-08-21,BH-000577/2026
4893,5,13,XUAT,1,2026-08-21,BH-002636/2026
4894,6,144,XUAT,1,2026-08-21,BH-004978/2026
4895,4,63,NHAP,30,2026-08-21,
4896,1,120,XUAT,1,2026-08-21,BH-007669/2026
4897,4,104,XUAT,1,2026-08-22,BH-007539/2026
4898,6,78,XUAT,1,2026-08-23,BH-000003/2026
4899,2,45,XUAT,1,2026-08-23,BH-000055/2026
4900,4,19,XUAT,1,2026-08-23,BH-001290/2026
4901,2,71,XUAT,1,2026-08-23,BH-001319/2026
4902,4,95,XUAT,2,2026-08-23,BH-004447/2026
4903,1,125,XUAT,1,2026-08-23,BH-006778/2026
4904,1,137,XUAT,1,2026-08-24,BH-000565/2026
4905,2,26,XUAT,1,2026-08-24,BH-002111/2026
4906,4,118,XUAT,1,2026-08-24,BH-002449/2026
4907,2,44,XUAT,1,2026-08-24,BH-002502/2026
4908,6,54,XUAT,1,2026-08-24,BH-004713/2026
4909,1,15,XUAT,1,2026-08-24,BH-004980/2026
4910,1,2,XUAT,1,2026-08-24,BH-005062/2026
4911,5,125,XUAT,1,2026-08-25,BH-001243/2026
4912,1,136,XUAT,1,2026-08-25,BH-001509/2026
4913,2,172,XUAT,1,2026-08-25,BH-001564/2026
4914,4,162,XUAT,1,2026-08-25,BH-003722/2026
4915,3,73,XUAT,1,2026-08-25,BH-004166/2026
4916,2,17,XUAT,1,2026-08-25,BH-007183/2026
4917,2,18,XUAT,2,2026-08-25,BH-007515/2026
4918,6,162,XUAT,1,2026-08-26,BH-004060/2026
4919,5,113,XUAT,1,2026-08-26,BH-005000/2026
4920,6,100,XUAT,1,2026-08-26,BH-005618/2026
4921,5,72,XUAT,1,2026-08-27,BH-000322/2026
4922,1,3,XUAT,1,2026-08-27,BH-001382/2026
4923,3,153,XUAT,1,2026-08-27,BH-002834/2026
4924,5,39,XUAT,1,2026-08-27,BH-002931/2026
4925,6,10,NHAP,8,2026-08-27,
4926,6,150,XUAT,1,2026-08-27,BH-003679/2026
4927,4,53,XUAT,1,2026-08-27,BH-006584/2026
4928,1,111,XUAT,1,2026-08-27,BH-006733/2026
4929,5,82,XUAT,1,2026-08-28,BH-000104/2026
4930,4,79,XUAT,1,2026-08-28,BH-000126/2026
4931,6,109,XUAT,1,2026-08-28,BH-002131/2026
4932,4,167,XUAT,1,2026-08-28,BH-002591/2026
4933,1,76,XUAT,1,2026-08-28,BH-002820/2026
4934,3,161,XUAT,1,2026-08-28,BH-004004/2026
4935,5,166,XUAT,1,2026-08-29,BH-000495/2026
4936,3,31,XUAT,1,2026-08-29,BH-000723/2026
4937,5,41,NHAP,25,2026-08-29,
4938,6,13,XUAT,1,2026-08-29,BH-001219/2026
4939,1,150,XUAT,2,2026-08-29,BH-002574/2026
4940,4,58,XUAT,1,2026-08-29,BH-003651/2026
4941,2,88,XUAT,1,2026-08-29,BH-004176/2026
4942,6,84,XUAT,1,2026-08-29,BH-005638/2026
4943,2,169,XUAT,1,2026-08-29,BH-006638/2026
4944,3,131,XUAT,1,2026-08-29,BH-007446/2026
4945,5,107,XUAT,1,2026-08-30,BH-000006/2026
4946,4,171,XUAT,1,2026-08-30,BH-002647/2026
4947,3,84,XUAT,1,2026-08-30,BH-003180/2026
4948,1,100,XUAT,2,2026-08-30,BH-005233/2026
4949,4,34,XUAT,1,2026-08-31,BH-000045/2026
4950,3,33,XUAT,1,2026-08-31,BH-000456/2026
4951,1,75,XUAT,1,2026-08-31,BH-000533/2026
4952,1,101,XUAT,1,2026-08-31,BH-001186/2026
4953,1,111,XUAT,2,2026-08-31,BH-005865/2026
4954,6,56,XUAT,1,2026-08-31,BH-007691/2026
