response_id,ticket_id,score,comment,responded_at
1,1083,2,Nhân viên trả lời không rõ ràng,2025-05-22 21:30
2,452,1,Mất phụ kiện kèm theo máy,2026-02-06 21:01
3,4538,5,Dịch vụ tốt sẽ quay lại,2025-04-26 01:50
4,3492,5,,2025-06-04 11:15
5,1196,5,"Nhân viên nhiệt tình, sửa nhanh",2025-11-12 00:41
6,254,5,"Rất hài lòng, máy chạy tốt lại",2025-10-01 19:40
7,3900,5,Dịch vụ tốt sẽ quay lại,2026-02-21 01:56
8,6687,5,Kỹ thuật viên giải thích rõ ràng,2024-09-24 18:49
9,6716,4,,2026-04-02 08:58
10,6190,4,,2026-02-24 20:33
11,6234,4,"Ổn, chỉ hơi lâu một chút",2025-07-26 11:09
12,4112,2,Trả máy trễ hẹn 3 ngày,2025-07-13 08:53
13,6189,1,Thái độ nhân viên không tốt,2024-12-27 22:26
14,2109,5,,2026-05-10 17:22
15,885,5,"Nhân viên nhiệt tình, sửa nhanh",2024-12-30 23:51
16,6370,2,Nhân viên trả lời không rõ ràng,2024-12-12 16:20
17,7244,3,,2025-12-08 19:00
18,6919,4,"Ổn, chỉ hơi lâu một chút",2025-09-07 06:59
19,4980,5,,2026-08-28 07:00
20,942,4,"Tốt, giá hơi cao",2026-05-01 20:48
21,4853,5,"Rất hài lòng, máy chạy tốt lại",2025-07-17 07:49
22,2716,5,Kỹ thuật viên giải thích rõ ràng,2025-09-21 10:09
23,6548,4,"Ổn, chỉ hơi lâu một chút",2026-04-28 01:53
24,4140,5,"Rất hài lòng, máy chạy tốt lại",2025-01-30 15:06
25,502,1,Mất phụ kiện kèm theo máy,2026-09-02 16:14
26,6160,5,Kỹ thuật viên giải thích rõ ràng,2026-03-15 05:45
27,5150,5,,2026-01-30 05:36
28,544,5,"Nhân viên nhiệt tình, sửa nhanh",2026-04-12 13:25
29,5861,5,Dịch vụ tốt sẽ quay lại,2024-12-19 20:16
30,7680,3,Chờ hơi lâu,2026-04-21 04:50
31,1668,5,,2025-08-04 23:43
32,6268,4,"Ổn, chỉ hơi lâu một chút",2025-02-01 17:27
33,5305,5,"Nhân viên nhiệt tình, sửa nhanh",2025-09-09 10:28
34,2503,4,Sửa được nhưng phải chờ linh kiện,2025-05-04 23:06
35,3420,3,,2025-10-21 00:28
36,6436,4,,2025-12-26 04:53
37,416,5,"Rất hài lòng, máy chạy tốt lại",2026-04-17 15:04
38,418,4,Hài lòng nhưng chỗ ngồi chờ hơi chật,2025-07-24 17:17
39,4814,2,,2026-04-20 05:48
40,2924,5,"Nhân viên nhiệt tình, sửa nhanh",2025-04-29 09:24
41,3947,3,Tạm được,2026-07-06 04:39
42,2195,5,Trả máy đúng hẹn,2026-07-08 20:41
43,140,3,,2026-08-20 11:29
44,6508,4,Sửa được nhưng phải chờ linh kiện,2025-02-18 09:16
45,224,5,"Rất hài lòng, máy chạy tốt lại",2025-12-17 18:36
46,213,5,Kỹ thuật viên giải thích rõ ràng,2024-12-14 01:50
47,6360,1,,2026-07-10 06:05
48,6699,1,Mất phụ kiện kèm theo máy,2025-06-22 22:24
49,6339,5,"Nhân viên nhiệt tình, sửa nhanh",2025-05-20 22:31
50,6978,4,Hài lòng nhưng chỗ ngồi chờ hơi chật,2024-09-06 03:40
51,6398,3,,2025-03-18 17:41
52,5832,2,,2026-06-30 00:14
53,1643,4,"Ổn, chỉ hơi lâu một chút",2026-07-19 01:04
54,6048,4,,2025-04-23 00:25
55,3619,3,Bình thường,2026-07-28 14:56
56,7075,5,Kỹ thuật viên giải thích rõ ràng,2025-01-14 08:12
57,955,3,Chờ hơi lâu,2024-11-27 08:57
58,7327,3,,2025-12-01 01:15
59,3816,4,"Tốt, giá hơi cao",2025-05-26 21:24
60,2705,3,Tạm được,2026-06-09 09:34
61,1075,4,"Ổn, chỉ hơi lâu một chút",2025-02-11 18:35
62,4700,3,,2026-07-22 03:08
63,1327,5,,2026-01-08 19:35
64,5795,5,Dịch vụ tốt sẽ quay lại,2026-07-23 01:33
65,7114,1,Sửa xong vẫn bị lỗi cũ,2025-12-03 23:41
66,7579,5,"Nhân viên nhiệt tình, sửa nhanh",2025-05-26 00:00
67,7613,5,Trả máy đúng hẹn,2025-09-29 06:57
68,4944,4,"Tốt, giá hơi cao",2026-01-20 00:14
69,734,4,,2025-11-11 22:06
70,5514,5,"Nhân viên nhiệt tình, sửa nhanh",2026-03-22 00:45
71,1012,5,"Rất hài lòng, máy chạy tốt lại",2026-07-22 15:10
72,4084,4,Hài lòng nhưng chỗ ngồi chờ hơi chật,2026-06-16 23:35
73,4651,5,Trả máy đúng hẹn,2025-02-25 12:55
74,2793,5,"Nhân viên nhiệt tình, sửa nhanh",2025-03-19 22:55
75,481,5,,2025-09-12 06:56
76,5783,1,,2025-09-09 17:29
77,7187,5,"Rất hài lòng, máy chạy tốt lại",2024-11-16 21:22
78,4810,5,"Rất hài lòng, máy chạy tốt lại",2025-03-24 18:06
79,7080,4,"Tốt, giá hơi cao",2025-04-21 03:58
80,5650,5,,2025-03-03 05:53
81,1579,5,Kỹ thuật viên giải thích rõ ràng,2025-07-03 03:13
82,3140,3,Máy sửa xong nhưng vẫn hơi nóng,2024-12-11 13:21
83,6523,2,,2025-02-01 13:33
84,6027,5,Trả máy đúng hẹn,2024-12-01 11:03
85,5037,5,Trả máy đúng hẹn,2025-09-26 07:32
86,3404,5,,2025-06-13 03:08
87,3194,5,Trả máy đúng hẹn,2026-01-28 22:51
88,2779,4,"Ổn, chỉ hơi lâu một chút",2026-01-30 22:54
89,4138,4,,2026-01-16 08:59
90,5415,2,Nhân viên trả lời không rõ ràng,2026-06-17 00:20
91,3289,3,,2025-07-17 02:46
92,7079,2,,2025-11-26 05:20
93,7495,3,Bình thường,2025-11-10 13:32
94,1625,5,"Nhân viên nhiệt tình, sửa nhanh",2025-05-09 03:36
95,4802,5,"Nhân viên nhiệt tình, sửa nhanh",2026-06-20 18:15
96,3570,5,,2026-07-18 01:06
97,5560,3,Chờ hơi lâu,2024-11-04 09:16
98,2122,4,"Tốt, giá hơi cao",2024-12-08 20:58
99,2307,4,"Tốt, giá hơi cao",2024-12-06 06:35
100,1177,4,,2025-04-23 16:54
101,112,4,"Tốt, giá hơi cao",2025-04-14 08:16
102,6443,5,,2026-03-19 21:08
103,531,5,"Nhân viên nhiệt tình, sửa nhanh",2024-11-04 10:17
104,406,2,Gọi điện không ai nghe máy,2026-08-02 08:25
105,6009,5,"Rất hài lòng, máy chạy tốt lại",2024-09-05 22:11
106,3719,5,"Rất hài lòng, máy chạy tốt lại",2024-10-29 09:23
107,7792,5,Trả máy đúng hẹn,2024-10-20 13:49
108,6269,5,Dịch vụ tốt sẽ quay lại,2026-04-27 02:30
109,5738,5,Trả máy đúng hẹn,2026-03-04 12:28
110,4483,3,Tạm được,2025-07-30 16:21
111,6283,4,Sửa được nhưng phải chờ linh kiện,2025-02-28 22:58
112,7196,5,Dịch vụ tốt sẽ quay lại,2025-11-30 05:02
113,7262,2,,2026-06-10 09:32
114,1035,4,Sửa được nhưng phải chờ linh kiện,2025-10-12 00:48
115,272,4,Hài lòng nhưng chỗ ngồi chờ hơi chật,2024-11-14 00:30
116,1860,2,Gọi điện không ai nghe máy,2026-07-08 19:00
117,441,5,"Rất hài lòng, máy chạy tốt lại",2025-08-04 06:07
118,4152,4,"Tốt, giá hơi cao",2025-05-10 01:54
119,3142,3,Chờ hơi lâu,2024-12-20 14:12
120,2907,5,,2025-02-14 19:47
121,1169,1,Thái độ nhân viên không tốt,2024-12-17 09:10
122,2002,4,"Ổn, chỉ hơi lâu một chút",2026-05-04 09:01
123,7037,5,Kỹ thuật viên giải thích rõ ràng,2026-07-17 04:38
124,7536,2,Phải quay lại lần 2 mới xong,2026-02-28 10:25
125,3095,5,,2026-07-28 04:10
126,5751,3,Tạm được,2026-03-08 06:36
127,4965,4,Sửa được nhưng phải chờ linh kiện,2026-05-07 14:30
128,7677,4,Hài lòng nhưng chỗ ngồi chờ hơi chật,2026-05-27 09:00
129,7178,5,"Nhân viên nhiệt tình, sửa nhanh",2026-05-08 03:22
130,2220,4,Hài lòng nhưng chỗ ngồi chờ hơi chật,2026-07-23 20:05
131,3528,4,Sửa được nhưng phải chờ linh kiện,2025-12-21 16:35
132,5903,5,"Nhân viên nhiệt tình, sửa nhanh",2026-03-14 02:04
133,39,5,,2025-11-25 16:18
134,4021,5,,2025-03-03 06:58
135,1715,5,"Nhân viên nhiệt tình, sửa nhanh",2024-12-06 11:32
136,3968,4,"Ổn, chỉ hơi lâu một chút",2025-07-04 00:12
137,6452,4,"Tốt, giá hơi cao",2026-03-06 15:46
138,7436,5,Trả máy đúng hẹn,2026-04-09 23:02
139,4674,5,Kỹ thuật viên giải thích rõ ràng,2026-03-17 18:36
140,4728,2,,2025-07-18 03:26
141,4088,3,Tạm được,2026-08-06 07:05
142,4033,5,,2025-01-27 02:16
143,3698,4,,2026-04-17 06:14
144,6109,4,Sửa được nhưng phải chờ linh kiện,2025-12-20 07:46
145,1181,5,,2026-01-07 08:02
146,5454,4,"Tốt, giá hơi cao",2026-08-08 04:53
147,4940,3,Bình thường,2025-07-15 20:24
148,466,4,Sửa được nhưng phải chờ linh kiện,2026-01-10 08:03
149,847,3,,2024-12-31 04:26
150,4567,4,Sửa được nhưng phải chờ linh kiện,2026-01-20 03:27
151,1096,3,Tạm được,2025-11-05 02:53
152,5472,3,Chờ hơi lâu,2025-07-07 01:48
153,3748,4,"Tốt, giá hơi cao",2025-08-20 22:02
154,7281,5,Trả máy đúng hẹn,2025-08-23 11:02
155,302,3,,2024-12-10 11:46
156,4315,4,,2026-05-12 05:01
157,6879,4,"Tốt, giá hơi cao",2025-10-17 09:39
158,2039,4,,2024-09-29 06:21
159,469,5,"Rất hài lòng, máy chạy tốt lại",2025-04-16 06:46
160,5776,5,,2026-06-23 21:33
161,2492,5,Kỹ thuật viên giải thích rõ ràng,2026-05-27 00:00
162,5353,4,Sửa được nhưng phải chờ linh kiện,2026-06-28 19:24
163,1683,5,,2024-11-08 04:47
164,3341,2,,2024-12-31 07:30
165,3273,5,,2026-02-02 03:51
166,3434,2,Nhân viên trả lời không rõ ràng,2025-04-20 20:37
167,5575,4,,2025-07-11 22:33
168,4323,4,"Tốt, giá hơi cao",2026-09-02 23:10
169,2994,2,Nhân viên trả lời không rõ ràng,2026-07-22 12:08
170,765,3,,2025-06-10 06:53
171,262,5,"Nhân viên nhiệt tình, sửa nhanh",2025-04-15 07:57
172,5286,3,Chờ hơi lâu,2025-02-08 05:24
173,4914,5,,2026-04-13 15:56
174,1322,4,Sửa được nhưng phải chờ linh kiện,2025-03-22 21:02
175,4422,2,Nhân viên trả lời không rõ ràng,2026-08-12 16:38
176,7069,5,,2025-11-20 03:44
177,2193,2,,2026-07-23 15:57
178,2563,5,,2025-05-03 00:53
179,6080,4,Sửa được nhưng phải chờ linh kiện,2026-03-20 05:48
180,2446,4,Sửa được nhưng phải chờ linh kiện,2026-01-02 14:58
181,694,5,"Nhân viên nhiệt tình, sửa nhanh",2025-10-16 00:25
182,6482,5,"Rất hài lòng, máy chạy tốt lại",2025-11-16 16:30
183,976,4,"Tốt, giá hơi cao",2025-06-27 21:22
184,876,3,,2025-12-12 17:41
185,7,1,Sửa xong vẫn bị lỗi cũ,2026-07-15 10:29
186,2159,3,Bình thường,2024-10-13 20:34
187,4427,5,Trả máy đúng hẹn,2025-01-30 00:04
188,5522,5,,2026-01-01 21:45
189,700,5,,2025-07-13 03:14
190,3899,3,,2024-10-18 00:11
191,2027,3,Máy sửa xong nhưng vẫn hơi nóng,2024-09-06 17:25
192,722,4,Sửa được nhưng phải chờ linh kiện,2024-12-19 00:00
193,3012,2,Nhân viên trả lời không rõ ràng,2026-02-14 04:08
194,5545,1,Mất phụ kiện kèm theo máy,2026-02-08 19:27
195,5945,3,Tạm được,2025-05-21 14:39
196,3117,3,Chờ hơi lâu,2025-09-24 04:03
197,5586,4,"Ổn, chỉ hơi lâu một chút",2026-03-09 00:50
198,6666,5,Kỹ thuật viên giải thích rõ ràng,2024-11-08 08:38
199,846,4,"Ổn, chỉ hơi lâu một chút",2026-07-08 04:00
200,4939,5,"Rất hài lòng, máy chạy tốt lại",2026-04-02 15:48
201,1711,1,,2026-04-09 09:22
202,2293,3,,2026-07-09 10:00
203,7665,5,"Nhân viên nhiệt tình, sửa nhanh",2025-12-29 00:35
204,1172,5,Trả máy đúng hẹn,2025-11-27 21:45
205,7115,5,"Rất hài lòng, máy chạy tốt lại",2025-03-29 05:31
206,4789,5,"Rất hài lòng, máy chạy tốt lại",2025-09-26 02:34
207,3369,5,,2026-08-04 00:01
208,2878,5,"Rất hài lòng, máy chạy tốt lại",2025-10-12 23:55
209,5750,3,,2025-02-02 00:53
210,3926,5,Kỹ thuật viên giải thích rõ ràng,2025-06-15 03:08
211,6866,3,Bình thường,2025-01-03 18:57
212,5036,5,"Nhân viên nhiệt tình, sửa nhanh",2025-05-31 03:01
213,4354,2,,2025-01-23 08:17
214,623,3,Chờ hơi lâu,2026-03-02 02:06
215,5224,4,Hài lòng nhưng chỗ ngồi chờ hơi chật,2025-01-27 05:33
216,4687,5,"Nhân viên nhiệt tình, sửa nhanh",2025-05-18 23:56
217,5953,5,Trả máy đúng hẹn,2026-04-27 00:49
218,1524,4,,2024-09-08 08:33
219,6141,5,Dịch vụ tốt sẽ quay lại,2024-11-04 07:53
220,1599,4,,2026-06-13 23:42
221,121,3,Máy sửa xong nhưng vẫn hơi nóng,2025-02-16 02:03
222,4462,2,,2024-09-14 21:42
223,5177,4,Sửa được nhưng phải chờ linh kiện,2026-07-25 06:44
224,3681,3,Chờ hơi lâu,2025-09-02 17:41
225,3009,4,,2025-04-23 21:48
226,2169,4,"Ổn, chỉ hơi lâu một chút",2025-07-27 02:38
227,439,4,Hài lòng nhưng chỗ ngồi chờ hơi chật,2025-03-16 23:08
228,4099,4,,2026-08-17 01:26
229,6019,4,,2025-01-30 06:49
230,2133,2,Gọi điện không ai nghe máy,2025-10-13 08:11
231,2630,4,"Ổn, chỉ hơi lâu một chút",2025-02-13 17:54
232,3352,4,Sửa được nhưng phải chờ linh kiện,2025-11-09 05:32
233,4423,3,Bình thường,2025-10-12 21:18
234,155,5,,2026-04-16 23:38
235,6970,2,Phải quay lại lần 2 mới xong,2025-10-08 14:38
236,3563,5,"Rất hài lòng, máy chạy tốt lại",2025-09-24 19:42
237,1335,5,"Nhân viên nhiệt tình, sửa nhanh",2025-12-22 03:24
238,4211,4,Hài lòng nhưng chỗ ngồi chờ hơi chật,2026-04-09 04:40
239,3833,5,Kỹ thuật viên giải thích rõ ràng,2026-08-11 23:16
240,2231,5,"Rất hài lòng, máy chạy tốt lại",2025-06-08 07:31
241,1475,3,Tạm được,2026-04-13 21:14
242,4487,3,Bình thường,2026-05-13 02:29
243,3668,5,Dịch vụ tốt sẽ quay lại,2025-07-09 11:56
244,4900,5,,2026-05-29 03:30
245,3088,2,,2025-06-08 14:02
246,3828,2,Phải quay lại lần 2 mới xong,2025-01-26 23:13
247,2749,1,Sửa xong vẫn bị lỗi cũ,2026-03-17 08:21
248,5392,4,"Tốt, giá hơi cao",2025-10-08 19:51
249,4620,3,Bình thường,2026-06-07 05:48
250,2414,3,Tạm được,2025-01-25 16:14
251,6755,5,,2025-08-13 08:33
252,1306,4,"Tốt, giá hơi cao",2026-07-28 12:20
253,633,5,"Rất hài lòng, máy chạy tốt lại",2025-12-02 22:22
254,2509,3,,2024-12-05 02:00
255,1416,5,Kỹ thuật viên giải thích rõ ràng,2026-02-01 08:57
256,4527,4,,2024-10-10 07:01
257,1228,4,Sửa được nhưng phải chờ linh kiện,2025-01-01 03:53
258,3191,3,Bình thường,2026-05-01 03:18
259,1370,5,Dịch vụ tốt sẽ quay lại,2025-04-19 12:49
260,5528,3,Máy sửa xong nhưng vẫn hơi nóng,2025-05-04 19:45
261,3070,4,,2025-10-05 18:58
262,3003,5,Kỹ thuật viên giải thích rõ ràng,2024-11-28 22:50
263,148,5,Trả máy đúng hẹn,2026-04-26 21:46
264,6777,4,"Ổn, chỉ hơi lâu một chút",2026-02-26 22:45
265,2423,4,Hài lòng nhưng chỗ ngồi chờ hơi chật,2025-10-17 20:15
266,1779,5,Kỹ thuật viên giải thích rõ ràng,2024-09-28 04:17
267,5081,4,"Ổn, chỉ hơi lâu một chút",2026-08-23 05:06
268,2615,3,Tạm được,2024-10-19 20:14
269,6184,5,Dịch vụ tốt sẽ quay lại,2025-02-05 09:57
270,7013,4,Sửa được nhưng phải chờ linh kiện,2024-10-26 03:59
271,7462,5,Trả máy đúng hẹn,2026-07-25 18:31
272,7703,4,Sửa được nhưng phải chờ linh kiện,2026-04-01 03:50
273,796,5,"Rất hài lòng, máy chạy tốt lại",2024-11-30 19:11
274,16,4,Hài lòng nhưng chỗ ngồi chờ hơi chật,2025-06-12 09:37
275,3091,5,Dịch vụ tốt sẽ quay lại,2025-04-15 21:36
276,1709,5,"Rất hài lòng, máy chạy tốt lại",2024-11-28 21:48
277,2676,1,Sửa xong vẫn bị lỗi cũ,2025-12-20 01:04
278,5840,3,,2026-04-12 20:34
279,1052,1,Thái độ nhân viên không tốt,2025-06-03 22:54
280,3354,5,Dịch vụ tốt sẽ quay lại,2025-09-26 02:32
281,3542,3,Chờ hơi lâu,2025-07-27 04:01
282,952,5,"Rất hài lòng, máy chạy tốt lại",2024-12-18 20:40
283,283,4,,2025-05-29 13:53
284,4002,5,,2024-09-29 06:02
285,4856,5,"Rất hài lòng, máy chạy tốt lại",2026-07-04 13:03
286,1727,1,Trễ hẹn cả tuần không ai báo,2025-09-01 08:11
287,3893,5,Dịch vụ tốt sẽ quay lại,2025-03-17 05:29
288,2424,4,,2025-02-06 14:49
289,1836,5,,2024-10-12 19:35
290,5470,5,"Rất hài lòng, máy chạy tốt lại",2026-04-20 00:01
291,6895,5,Dịch vụ tốt sẽ quay lại,2024-10-19 00:24
292,7443,4,,2026-07-01 06:29
293,6965,5,Trả máy đúng hẹn,2026-03-26 23:17
294,2347,5,Trả máy đúng hẹn,2026-03-23 22:00
295,293,4,Sửa được nhưng phải chờ linh kiện,2025-09-17 23:09
296,2529,5,Trả máy đúng hẹn,2026-03-20 17:31
297,6334,4,,2025-11-03 10:26
298,6407,4,Sửa được nhưng phải chờ linh kiện,2025-12-11 15:59
299,2261,2,,2026-01-15 10:44
300,3172,2,Phải quay lại lần 2 mới xong,2026-07-24 07:17
301,6237,5,Kỹ thuật viên giải thích rõ ràng,2026-05-06 00:27
302,1911,2,,2025-07-28 00:55
303,391,4,"Tốt, giá hơi cao",2026-01-19 08:05
304,4085,5,"Nhân viên nhiệt tình, sửa nhanh",2025-05-28 23:02
305,7485,5,Dịch vụ tốt sẽ quay lại,2025-01-24 17:46
306,1837,2,Nhân viên trả lời không rõ ràng,2025-11-20 13:53
307,2893,4,"Tốt, giá hơi cao",2025-09-11 00:09
308,6432,3,Bình thường,2025-04-29 18:55
309,2360,5,Trả máy đúng hẹn,2025-09-25 08:47
310,7365,5,Dịch vụ tốt sẽ quay lại,2025-04-07 11:05
311,1585,5,"Rất hài lòng, máy chạy tốt lại",2025-02-17 16:48
312,1816,1,Thái độ nhân viên không tốt,2026-01-29 00:48
313,5405,2,Gọi điện không ai nghe máy,2025-04-04 00:43
314,5976,5,,2025-01-21 09:37
315,2753,4,Hài lòng nhưng chỗ ngồi chờ hơi chật,2025-10-17 11:41
316,3782,5,,2024-11-13 20:15
317,3861,5,,2026-01-24 17:56
318,2205,4,"Ổn, chỉ hơi lâu một chút",2026-02-02 03:49
319,7260,4,"Tốt, giá hơi cao",2024-10-01 22:29
320,930,3,,2025-10-29 12:19
321,6661,5,,2026-07-06 19:23
322,1670,2,Trả máy trễ hẹn 3 ngày,2024-12-09 21:23
323,4798,5,"Nhân viên nhiệt tình, sửa nhanh",2026-07-09 22:37
324,947,5,,2025-12-23 18:01
325,4420,5,"Nhân viên nhiệt tình, sửa nhanh",2025-06-29 02:45
326,3737,4,,2025-02-01 20:15
327,1636,4,"Ổn, chỉ hơi lâu một chút",2025-02-06 18:19
328,4107,5,Trả máy đúng hẹn,2024-12-24 23:26
329,4353,4,,2025-06-25 14:53
330,2482,3,Tạm được,2024-10-04 01:50
331,3429,4,Hài lòng nhưng chỗ ngồi chờ hơi chật,2025-06-26 13:58
332,1900,4,"Ổn, chỉ hơi lâu một chút",2025-11-08 19:42
333,3399,1,Sửa xong vẫn bị lỗi cũ,2026-06-23 19:40
334,6277,4,Sửa được nhưng phải chờ linh kiện,2026-01-03 18:37
335,1482,3,Bình thường,2025-11-01 16:57
336,4594,5,"Rất hài lòng, máy chạy tốt lại",2026-01-09 09:03
337,5568,3,Chờ hơi lâu,2025-07-23 17:57
338,1922,5,"Nhân viên nhiệt tình, sửa nhanh",2024-12-19 01:54
339,2182,4,Sửa được nhưng phải chờ linh kiện,2026-06-17 00:57
340,7134,3,,2025-10-13 03:00
341,4837,4,Sửa được nhưng phải chờ linh kiện,2025-07-25 07:30
342,7542,4,Hài lòng nhưng chỗ ngồi chờ hơi chật,2024-09-06 22:46
343,1509,4,"Ổn, chỉ hơi lâu một chút",2026-08-30 09:18
344,3089,4,,2026-07-14 18:31
345,6898,3,Máy sửa xong nhưng vẫn hơi nóng,2026-01-05 23:31
346,5431,3,Chờ hơi lâu,2025-08-01 08:41
347,425,2,Gọi điện không ai nghe máy,2025-10-27 21:32
348,6975,1,Sửa xong vẫn bị lỗi cũ,2025-06-19 04:35
349,2952,5,"Rất hài lòng, máy chạy tốt lại",2024-12-31 09:26
350,4283,4,"Ổn, chỉ hơi lâu một chút",2026-08-08 09:42
351,4101,4,,2026-02-10 07:10
352,4049,4,,2025-09-23 22:08
353,3309,5,"Rất hài lòng, máy chạy tốt lại",2025-02-19 08:24
354,4599,5,Dịch vụ tốt sẽ quay lại,2025-11-24 00:29
355,6611,5,Trả máy đúng hẹn,2026-07-10 02:54
356,4981,3,Máy sửa xong nhưng vẫn hơi nóng,2025-12-02 18:48
357,3691,5,Trả máy đúng hẹn,2024-11-05 11:50
358,7671,4,Hài lòng nhưng chỗ ngồi chờ hơi chật,2025-03-17 07:02
359,2191,4,"Ổn, chỉ hơi lâu một chút",2025-04-05 03:10
360,3073,4,"Tốt, giá hơi cao",2026-05-18 17:59
361,7164,4,"Tốt, giá hơi cao",2025-02-10 01:22
362,340,3,Bình thường,2026-06-07 11:17
363,2848,1,Sửa xong vẫn bị lỗi cũ,2026-01-13 05:33
364,1141,4,Hài lòng nhưng chỗ ngồi chờ hơi chật,2024-10-30 17:32
365,2467,4,"Tốt, giá hơi cao",2026-01-15 15:04
366,14,4,Hài lòng nhưng chỗ ngồi chờ hơi chật,2025-06-18 20:29
367,892,3,Máy sửa xong nhưng vẫn hơi nóng,2026-06-15 03:48
368,1489,4,"Tốt, giá hơi cao",2026-05-20 09:55
369,7294,3,Bình thường,2026-01-28 08:47
370,2393,5,Kỹ thuật viên giải thích rõ ràng,2026-01-22 09:36
371,1208,4,"Tốt, giá hơi cao",2026-04-26 15:30
372,5628,4,Hài lòng nhưng chỗ ngồi chờ hơi chật,2024-09-30 13:58
373,1477,5,,2026-05-05 22:15
374,6753,5,"Rất hài lòng, máy chạy tốt lại",2025-03-09 01:19
375,5315,4,"Ổn, chỉ hơi lâu một chút",2025-06-01 13:24
376,3523,3,,2025-07-19 10:12
377,3920,5,Kỹ thuật viên giải thích rõ ràng,2025-11-15 23:21
378,6582,4,Hài lòng nhưng chỗ ngồi chờ hơi chật,2026-07-26 03:57
379,7248,4,Sửa được nhưng phải chờ linh kiện,2025-07-21 21:31
380,2754,3,Chờ hơi lâu,2026-04-08 05:54
381,2588,2,Trả máy trễ hẹn 3 ngày,2026-01-13 05:01
382,3356,3,Chờ hơi lâu,2026-07-25 22:23
383,6678,5,,2025-02-20 21:49
384,4544,4,,2025-05-10 02:36
385,7620,4,,2026-07-08 17:39
386,708,5,Dịch vụ tốt sẽ quay lại,2026-07-24 07:17
387,4785,4,"Tốt, giá hơi cao",2026-04-12 16:17
388,2278,4,,2025-03-27 12:32
389,2218,5,Trả máy đúng hẹn,2025-09-28 08:57
390,7632,5,Dịch vụ tốt sẽ quay lại,2025-09-24 06:28
391,2950,1,Thái độ nhân viên không tốt,2026-03-15 20:22
392,3250,4,Sửa được nhưng phải chờ linh kiện,2025-05-19 01:57
393,7110,4,,2024-09-04 22:33
394,1950,5,Dịch vụ tốt sẽ quay lại,2026-01-18 19:22
395,6905,3,Chờ hơi lâu,2026-07-12 23:05
396,4377,4,Sửa được nhưng phải chờ linh kiện,2025-11-14 09:01
397,2559,5,"Nhân viên nhiệt tình, sửa nhanh",2024-11-08 00:57
398,4298,5,Dịch vụ tốt sẽ quay lại,2025-07-23 08:11
399,7039,4,Sửa được nhưng phải chờ linh kiện,2025-06-11 20:30
400,7607,4,Hài lòng nhưng chỗ ngồi chờ hơi chật,2026-03-09 04:13
401,3278,4,"Ổn, chỉ hơi lâu một chút",2025-04-23 06:45
402,4679,5,Kỹ thuật viên giải thích rõ ràng,2024-11-23 13:35
403,5710,3,Bình thường,2026-05-09 23:26
404,400,4,Sửa được nhưng phải chờ linh kiện,2025-12-23 13:55
405,3235,4,"Tốt, giá hơi cao",2025-08-16 05:57
406,6756,4,,2025-07-08 08:31
407,4300,5,,2025-03-27 05:33
408,6091,4,"Tốt, giá hơi cao",2025-01-14 15:01
409,1756,5,Dịch vụ tốt sẽ quay lại,2025-05-04 06:38
410,7184,3,Tạm được,2026-06-07 01:53
411,1621,4,,2026-06-14 06:51
412,4041,3,Tạm được,2024-11-13 18:39
413,6051,5,,2025-06-19 09:44
414,5033,4,,2024-09-24 08:31
415,5121,3,Máy sửa xong nhưng vẫn hơi nóng,2026-04-10 02:26
416,2577,5,"Nhân viên nhiệt tình, sửa nhanh",2026-03-06 00:28
417,6810,1,Mất phụ kiện kèm theo máy,2026-02-09 23:31
418,2680,5,,2026-02-11 20:21
419,1182,2,Trả máy trễ hẹn 3 ngày,2026-01-28 22:00
420,3581,3,Chờ hơi lâu,2024-12-27 19:15
421,6584,4,Sửa được nhưng phải chờ linh kiện,2026-08-31 13:58
422,6209,1,Thái độ nhân viên không tốt,2026-01-14 22:32
423,2546,4,,2026-07-17 07:23
424,2712,4,Hài lòng nhưng chỗ ngồi chờ hơi chật,2026-06-09 03:09
425,4072,5,"Nhân viên nhiệt tình, sửa nhanh",2025-03-09 14:27
426,6558,3,,2024-09-27 08:23
427,2654,5,,2025-03-28 09:01
428,6677,5,,2024-09-18 20:31
429,2873,4,"Tốt, giá hơi cao",2024-09-11 04:17
430,1349,2,,2025-09-13 16:26
431,1204,3,,2026-04-14 13:56
432,5853,5,,2025-08-28 01:27
433,3225,4,,2026-06-20 05:56
434,2050,4,,2025-10-20 20:12
435,3176,4,,2025-01-12 06:09
436,1238,4,Sửa được nhưng phải chờ linh kiện,2026-02-14 04:22
437,5097,5,Trả máy đúng hẹn,2026-05-20 21:46
438,1975,2,Phải quay lại lần 2 mới xong,2026-05-02 04:39
439,5991,4,"Tốt, giá hơi cao",2025-01-23 17:43
440,1124,5,,2026-05-03 00:51
441,853,3,Bình thường,2026-05-05 08:48
442,1164,2,,2026-08-07 21:24
443,1222,3,,2025-02-22 03:28
444,7044,3,,2025-12-08 14:53
445,6539,5,,2026-06-21 04:54
446,3282,3,,2025-10-20 04:43
447,3340,5,Kỹ thuật viên giải thích rõ ràng,2025-04-25 03:29
448,6597,5,Kỹ thuật viên giải thích rõ ràng,2026-08-17 07:34
449,7041,5,Trả máy đúng hẹn,2026-01-15 12:53
450,3259,5,,2026-07-24 16:00
451,4341,5,Kỹ thuật viên giải thích rõ ràng,2025-05-14 13:04
452,2777,4,,2025-07-16 20:05
453,3451,4,,2025-10-30 18:08
454,659,5,Dịch vụ tốt sẽ quay lại,2025-06-18 02:48
455,695,5,,2025-09-04 05:56
456,483,5,,2026-06-01 06:39
457,1595,4,Hài lòng nhưng chỗ ngồi chờ hơi chật,2025-08-04 06:52
458,3149,3,Chờ hơi lâu,2024-09-25 20:41
459,3405,3,,2024-12-14 14:40
460,6835,4,Sửa được nhưng phải chờ linh kiện,2024-11-03 15:06
461,6864,4,Sửa được nhưng phải chờ linh kiện,2024-12-01 20:03
462,7567,4,"Ổn, chỉ hơi lâu một chút",2026-06-18 19:23
463,6114,4,,2026-06-28 05:50
464,3344,3,Bình thường,2025-05-28 02:26
465,2988,2,Phải quay lại lần 2 mới xong,2026-04-07 06:20
466,3659,4,"Tốt, giá hơi cao",2025-01-07 22:58
467,3726,4,"Ổn, chỉ hơi lâu một chút",2025-12-26 00:11
468,4174,4,Hài lòng nhưng chỗ ngồi chờ hơi chật,2026-02-09 11:27
469,4568,5,Dịch vụ tốt sẽ quay lại,2025-05-12 00:04
470,417,4,,2025-02-13 06:01
471,1750,2,Gọi điện không ai nghe máy,2025-03-27 16:36
472,7348,3,Tạm được,2025-10-18 07:37
473,4578,3,,2025-05-11 20:26
474,7143,4,"Ổn, chỉ hơi lâu một chút",2025-07-10 09:05
475,3664,5,,2025-09-17 18:46
476,4749,5,Kỹ thuật viên giải thích rõ ràng,2026-07-11 12:58
477,358,5,Trả máy đúng hẹn,2025-12-06 17:04
478,7558,4,,2025-07-11 11:07
479,6656,4,Hài lòng nhưng chỗ ngồi chờ hơi chật,2024-10-07 17:43
480,1792,3,,2025-05-03 21:26
481,7413,5,Dịch vụ tốt sẽ quay lại,2025-12-29 03:11
482,6046,5,"Nhân viên nhiệt tình, sửa nhanh",2025-01-30 02:27
483,7109,5,"Nhân viên nhiệt tình, sửa nhanh",2026-07-30 04:27
484,3143,5,"Nhân viên nhiệt tình, sửa nhanh",2025-02-05 19:02
485,739,5,,2025-06-30 11:03
486,5021,5,"Nhân viên nhiệt tình, sửa nhanh",2025-07-07 05:35
487,2928,5,"Nhân viên nhiệt tình, sửa nhanh",2025-08-22 04:18
488,7416,4,"Ổn, chỉ hơi lâu một chút",2026-03-15 10:18
489,3507,3,Tạm được,2026-08-23 22:06
490,702,5,Trả máy đúng hẹn,2024-12-13 08:53
491,5201,5,Trả máy đúng hẹn,2025-08-13 00:30
492,2996,4,,2025-10-01 11:15
493,3446,5,Dịch vụ tốt sẽ quay lại,2024-12-25 20:43
494,3716,5,Dịch vụ tốt sẽ quay lại,2026-02-05 02:19
495,4881,5,"Rất hài lòng, máy chạy tốt lại",2024-10-13 05:51
496,2900,4,Sửa được nhưng phải chờ linh kiện,2025-11-09 19:29
497,5086,1,,2026-02-10 16:58
498,2761,4,"Tốt, giá hơi cao",2026-01-20 03:00
499,4582,5,,2025-08-18 07:58
500,5607,4,"Tốt, giá hơi cao",2025-08-12 02:49
501,3025,4,,2026-08-03 20:07
502,7046,2,Gọi điện không ai nghe máy,2026-01-15 21:25
503,3308,4,"Ổn, chỉ hơi lâu một chút",2026-07-24 02:53
504,3641,4,Sửa được nhưng phải chờ linh kiện,2025-11-18 06:33
505,3078,4,Hài lòng nhưng chỗ ngồi chờ hơi chật,2025-05-01 20:44
506,2993,5,Kỹ thuật viên giải thích rõ ràng,2026-02-24 07:30
507,7038,4,Hài lòng nhưng chỗ ngồi chờ hơi chật,2026-02-01 02:25
508,7398,3,,2026-01-26 23:00
509,1571,4,Hài lòng nhưng chỗ ngồi chờ hơi chật,2025-11-15 23:12
510,5100,3,Bình thường,2024-11-28 02:30
511,4418,2,Trả máy trễ hẹn 3 ngày,2025-02-06 15:57
512,4653,3,Bình thường,2024-11-28 05:15
513,1870,5,Kỹ thuật viên giải thích rõ ràng,2026-03-23 22:16
514,3470,3,Chờ hơi lâu,2024-10-27 20:44
515,2828,3,Máy sửa xong nhưng vẫn hơi nóng,2025-06-16 02:33
516,3242,5,,2024-10-30 10:33
517,714,4,,2025-02-26 12:23
518,1834,5,,2026-04-05 07:03
519,3226,5,"Rất hài lòng, máy chạy tốt lại",2026-07-20 22:28
520,1889,3,Tạm được,2024-12-10 09:46
521,2331,4,Sửa được nhưng phải chờ linh kiện,2026-06-09 09:11
522,3640,4,"Ổn, chỉ hơi lâu một chút",2025-09-16 21:08
523,6985,2,Trả máy trễ hẹn 3 ngày,2025-06-15 05:41
524,2054,5,Kỹ thuật viên giải thích rõ ràng,2026-09-01 14:57
525,3058,2,Gọi điện không ai nghe máy,2026-06-08 20:58
526,4404,4,"Tốt, giá hơi cao",2024-11-01 11:21
527,6214,4,"Ổn, chỉ hơi lâu một chút",2025-12-27 21:59
528,7011,5,Dịch vụ tốt sẽ quay lại,2025-03-10 08:28
529,5972,1,Thái độ nhân viên không tốt,2025-11-11 00:36
530,984,5,"Rất hài lòng, máy chạy tốt lại",2025-09-06 02:45
531,460,2,Nhân viên trả lời không rõ ràng,2026-01-23 17:11
532,6754,5,"Rất hài lòng, máy chạy tốt lại",2025-12-29 02:01
533,1528,4,"Ổn, chỉ hơi lâu một chút",2026-01-19 10:25
534,5543,2,Nhân viên trả lời không rõ ràng,2025-09-23 15:15
535,3642,3,Chờ hơi lâu,2024-10-24 22:56
536,2781,1,,2026-07-03 18:47
537,3924,5,"Nhân viên nhiệt tình, sửa nhanh",2025-01-09 05:14
538,464,4,"Ổn, chỉ hơi lâu một chút",2026-06-16 04:22
539,1094,5,Kỹ thuật viên giải thích rõ ràng,2025-03-31 05:22
540,884,5,,2024-11-13 17:58
541,5754,5,"Nhân viên nhiệt tình, sửa nhanh",2026-06-09 03:59
542,6140,2,,2025-05-31 06:05
543,559,5,"Rất hài lòng, máy chạy tốt lại",2024-11-13 00:14
544,5103,3,,2026-07-31 00:17
545,5034,5,,2025-01-26 00:16
546,304,5,"Nhân viên nhiệt tình, sửa nhanh",2025-12-07 05:44
547,5007,1,Sửa xong vẫn bị lỗi cũ,2025-04-02 23:37
548,345,5,Kỹ thuật viên giải thích rõ ràng,2025-07-12 10:45
549,6246,3,Bình thường,2025-06-06 07:42
550,7118,3,,2024-09-18 03:13
551,7379,5,,2025-12-19 01:50
552,396,5,Dịch vụ tốt sẽ quay lại,2025-02-20 01:05
553,951,5,,2026-07-13 01:33
554,1770,4,"Ổn, chỉ hơi lâu một chút",2024-09-06 11:19
555,5323,5,"Nhân viên nhiệt tình, sửa nhanh",2026-06-23 06:46
556,6182,5,,2026-04-07 14:49
557,3927,2,Phải quay lại lần 2 mới xong,2025-10-25 20:57
558,4275,3,,2024-12-28 05:00
559,5648,4,"Ổn, chỉ hơi lâu một chút",2025-05-20 19:47
560,3969,1,Thái độ nhân viên không tốt,2024-12-16 17:40
561,3457,4,Hài lòng nhưng chỗ ngồi chờ hơi chật,2024-10-16 04:02
562,4958,3,,2025-02-10 06:16
563,5516,5,,2024-12-03 06:55
564,4962,5,"Rất hài lòng, máy chạy tốt lại",2024-11-25 01:03
565,7119,5,Trả máy đúng hẹn,2025-04-05 16:14
566,1804,4,"Tốt, giá hơi cao",2026-04-10 12:10
567,2410,5,,2025-11-07 20:50
568,2291,3,Bình thường,2025-05-01 03:49
569,2387,4,,2026-08-11 21:39
570,1648,4,"Tốt, giá hơi cao",2025-07-08 09:49
571,3162,5,Trả máy đúng hẹn,2024-11-24 17:35
572,3179,4,,2024-12-07 04:10
573,5383,5,Trả máy đúng hẹn,2024-12-10 11:51
574,5850,5,"Nhân viên nhiệt tình, sửa nhanh",2025-01-03 08:13
575,6112,4,"Ổn, chỉ hơi lâu một chút",2025-12-26 10:58
576,5467,5,,2025-10-12 12:56
577,2145,4,Sửa được nhưng phải chờ linh kiện,2026-01-25 16:31
578,453,5,,2025-09-06 03:31
579,2087,4,"Ổn, chỉ hơi lâu một chút",2026-06-20 23:35
580,1863,5,"Rất hài lòng, máy chạy tốt lại",2024-10-11 01:23
581,2646,1,,2026-01-10 20:47
582,969,5,"Rất hài lòng, máy chạy tốt lại",2025-09-22 07:44
583,6075,5,,2026-04-29 22:42
584,5248,5,,2026-08-19 04:10
585,372,5,,2026-08-05 09:27
586,7377,5,Kỹ thuật viên giải thích rõ ràng,2025-02-18 05:04
587,3074,3,Tạm được,2024-09-17 01:51
588,6321,2,,2025-07-11 00:07
589,7601,5,Trả máy đúng hẹn,2026-04-18 10:59
590,1536,5,,2024-12-30 04:31
591,4616,5,,2025-08-20 23:35
592,4964,5,,2025-05-27 07:08
593,5924,3,Máy sửa xong nhưng vẫn hơi nóng,2025-10-04 11:46
594,5833,5,Dịch vụ tốt sẽ quay lại,2025-10-04 10:11
595,3945,4,Sửa được nhưng phải chờ linh kiện,2025-04-15 17:26
596,5163,5,Kỹ thuật viên giải thích rõ ràng,2026-08-16 05:52
597,5400,5,Dịch vụ tốt sẽ quay lại,2024-09-27 20:26
598,5148,3,Máy sửa xong nhưng vẫn hơi nóng,2025-10-16 04:25
599,1945,5,Dịch vụ tốt sẽ quay lại,2026-07-27 06:45
600,3444,2,Nhân viên trả lời không rõ ràng,2025-02-13 21:00
601,487,5,,2025-03-20 13:12
602,3160,1,,2025-07-11 13:10
603,7246,5,Kỹ thuật viên giải thích rõ ràng,2025-02-06 10:01
604,6671,5,,2026-04-11 06:03
605,3398,5,"Rất hài lòng, máy chạy tốt lại",2026-08-30 17:14
606,6662,4,Hài lòng nhưng chỗ ngồi chờ hơi chật,2025-02-03 14:06
607,6957,4,"Tốt, giá hơi cao",2025-03-24 17:26
608,111,4,"Tốt, giá hơi cao",2025-01-05 23:52
609,1452,2,Nhân viên trả lời không rõ ràng,2025-11-13 23:52
610,3686,5,Dịch vụ tốt sẽ quay lại,2026-01-05 00:46
611,3556,3,Máy sửa xong nhưng vẫn hơi nóng,2026-04-25 02:22
612,2001,5,Kỹ thuật viên giải thích rõ ràng,2026-07-08 11:24
613,2713,1,Trễ hẹn cả tuần không ai báo,2026-04-17 08:48
614,5986,3,,2025-04-25 03:28
615,7527,5,,2024-12-22 07:49
616,683,3,Bình thường,2025-07-19 05:52
617,2216,5,Dịch vụ tốt sẽ quay lại,2026-02-01 02:09
618,3068,5,,2026-02-10 17:53
619,5179,5,,2025-09-15 15:57
620,4403,3,Chờ hơi lâu,2026-02-03 18:48
621,570,5,,2026-06-01 06:25
622,4001,5,Trả máy đúng hẹn,2025-08-25 05:48
623,5679,1,Thái độ nhân viên không tốt,2024-10-15 20:05
624,1333,2,Gọi điện không ai nghe máy,2026-03-11 18:46
625,7739,4,"Ổn, chỉ hơi lâu một chút",2026-04-13 16:23
626,5997,5,Kỹ thuật viên giải thích rõ ràng,2026-03-15 02:52
627,7204,3,Tạm được,2026-03-15 00:54
628,3764,4,Sửa được nhưng phải chờ linh kiện,2024-12-28 15:41
629,1394,5,,2026-04-05 09:26
630,2288,3,Bình thường,2025-09-21 17:25
631,4508,5,"Rất hài lòng, máy chạy tốt lại",2025-06-22 02:53
632,2959,4,Sửa được nhưng phải chờ linh kiện,2026-06-28 12:24
633,880,5,"Nhân viên nhiệt tình, sửa nhanh",2026-03-12 00:42
634,5005,5,"Nhân viên nhiệt tình, sửa nhanh",2024-12-24 01:04
635,7735,3,Bình thường,2025-11-03 02:17
636,3231,3,Chờ hơi lâu,2025-01-19 14:29
637,5715,2,Nhân viên trả lời không rõ ràng,2026-07-03 06:43
638,6323,4,,2026-01-17 03:42
639,3146,5,,2026-01-01 17:50
640,7312,4,"Tốt, giá hơi cao",2024-09-26 09:35
641,3721,2,Gọi điện không ai nghe máy,2024-09-02 13:44
642,2611,5,Trả máy đúng hẹn,2025-02-05 11:24
643,904,4,Hài lòng nhưng chỗ ngồi chờ hơi chật,2026-03-17 02:36
644,856,4,"Ổn, chỉ hơi lâu một chút",2026-03-13 11:36
645,7304,4,"Ổn, chỉ hơi lâu một chút",2025-09-05 14:37
646,3967,5,,2026-01-28 23:57
647,2648,3,Bình thường,2025-06-06 06:51
648,3164,5,Kỹ thuật viên giải thích rõ ràng,2025-11-29 10:34
649,6832,4,Sửa được nhưng phải chờ linh kiện,2025-02-04 01:15
650,6476,3,Chờ hơi lâu,2026-07-17 08:28
651,4073,5,Trả máy đúng hẹn,2025-02-24 03:43
652,5934,5,Kỹ thuật viên giải thích rõ ràng,2025-04-11 02:56
653,6412,5,Trả máy đúng hẹn,2024-11-20 21:03
654,1931,5,Kỹ thuật viên giải thích rõ ràng,2025-10-16 05:41
655,5089,4,"Ổn, chỉ hơi lâu một chút",2024-11-10 02:57
656,363,1,,2025-07-25 13:21
657,3071,3,,2024-12-31 15:43
658,5863,2,,2026-01-08 22:01
659,4681,3,Tạm được,2025-08-16 02:44
660,2172,3,,2025-05-08 15:24
661,6506,4,Hài lòng nhưng chỗ ngồi chờ hơi chật,2025-12-27 08:45
662,7077,1,Thái độ nhân viên không tốt,2025-03-05 21:25
663,4783,5,Dịch vụ tốt sẽ quay lại,2026-03-13 05:21
664,6362,4,,2025-11-30 17:43
665,4780,4,,2026-06-26 19:36
666,7622,4,,2026-03-15 04:43
667,4089,5,,2025-03-30 04:46
668,290,3,Máy sửa xong nhưng vẫn hơi nóng,2024-09-29 07:28
669,4649,5,"Rất hài lòng, máy chạy tốt lại",2024-09-08 09:03
670,3110,3,,2026-08-11 11:54
671,2899,2,Trả máy trễ hẹn 3 ngày,2025-01-11 00:19
672,6875,2,Trả máy trễ hẹn 3 ngày,2025-09-01 07:49
673,1783,3,Chờ hơi lâu,2025-11-23 00:12
674,1781,5,Trả máy đúng hẹn,2025-11-05 03:33
675,7001,5,Kỹ thuật viên giải thích rõ ràng,2025-10-25 01:02
676,5638,4,,2026-09-03 16:50
677,5915,5,Trả máy đúng hẹn,2025-09-09 07:04
678,1046,3,Máy sửa xong nhưng vẫn hơi nóng,2025-09-05 07:20
679,3683,5,,2026-06-07 03:47
680,4184,5,Dịch vụ tốt sẽ quay lại,2025-08-25 22:54
681,2077,5,Kỹ thuật viên giải thích rõ ràng,2024-10-15 07:08
682,5257,5,Dịch vụ tốt sẽ quay lại,2025-06-26 08:53
683,4786,4,"Ổn, chỉ hơi lâu một chút",2025-05-30 19:52
684,93,4,Sửa được nhưng phải chờ linh kiện,2026-06-14 17:16
685,7731,4,,2025-08-29 02:40
686,4103,4,"Tốt, giá hơi cao",2026-07-10 23:34
687,3824,2,Phải quay lại lần 2 mới xong,2025-01-15 03:55
688,6800,1,Sửa xong vẫn bị lỗi cũ,2026-08-01 00:25
689,516,2,Trả máy trễ hẹn 3 ngày,2025-02-12 03:13
690,386,4,,2025-09-14 23:19
691,4824,5,Trả máy đúng hẹn,2024-10-12 08:35
692,7176,5,Kỹ thuật viên giải thích rõ ràng,2025-04-14 01:48
693,3395,5,"Rất hài lòng, máy chạy tốt lại",2025-08-05 09:47
694,754,4,,2026-07-18 20:49
695,5304,4,"Ổn, chỉ hơi lâu một chút",2026-05-14 05:07
696,3239,3,Bình thường,2025-05-04 15:30
697,5175,4,Hài lòng nhưng chỗ ngồi chờ hơi chật,2026-04-07 03:43
698,4720,4,Hài lòng nhưng chỗ ngồi chờ hơi chật,2025-09-05 05:34
699,2320,5,"Nhân viên nhiệt tình, sửa nhanh",2026-03-28 23:47
700,6092,5,Kỹ thuật viên giải thích rõ ràng,2026-08-04 01:03
701,5236,4,"Tốt, giá hơi cao",2025-11-12 09:45
702,1866,4,,2025-03-29 01:37
703,2757,4,Sửa được nhưng phải chờ linh kiện,2026-07-26 07:48
704,7275,4,,2026-08-13 22:21
705,7473,2,Nhân viên trả lời không rõ ràng,2026-07-03 01:47
706,5621,4,Sửa được nhưng phải chờ linh kiện,2025-05-29 21:29
707,3930,5,"Nhân viên nhiệt tình, sửa nhanh",2024-12-07 22:18
708,2297,5,"Nhân viên nhiệt tình, sửa nhanh",2024-10-28 01:18
709,5520,4,Hài lòng nhưng chỗ ngồi chờ hơi chật,2024-10-26 22:48
710,143,5,Dịch vụ tốt sẽ quay lại,2026-08-17 04:42
711,2079,5,Dịch vụ tốt sẽ quay lại,2026-01-26 20:24
712,6808,4,,2025-10-20 07:28
713,2916,3,,2024-11-21 00:42
714,6766,3,Máy sửa xong nhưng vẫn hơi nóng,2026-06-29 16:22
715,5983,5,Kỹ thuật viên giải thích rõ ràng,2026-01-08 04:53
716,64,5,Kỹ thuật viên giải thích rõ ràng,2024-12-27 05:27
717,5937,4,Sửa được nhưng phải chờ linh kiện,2026-03-05 14:08
718,4479,3,,2025-04-02 08:06
719,2048,5,,2025-11-19 02:48
720,1805,5,,2026-06-23 08:33
721,3053,5,Dịch vụ tốt sẽ quay lại,2026-02-05 12:11
722,1050,4,,2026-03-05 14:43
723,114,5,"Nhân viên nhiệt tình, sửa nhanh",2025-10-07 22:17
724,5558,5,Trả máy đúng hẹn,2026-03-25 23:06
725,3180,4,Hài lòng nhưng chỗ ngồi chờ hơi chật,2026-09-04 07:58
726,6156,5,"Nhân viên nhiệt tình, sửa nhanh",2025-10-24 19:39
727,7461,4,Sửa được nhưng phải chờ linh kiện,2025-05-09 22:37
728,1064,4,"Ổn, chỉ hơi lâu một chút",2026-07-28 06:47
729,5630,5,,2024-12-15 03:56
730,5866,4,,2026-05-27 16:18
731,6941,4,"Ổn, chỉ hơi lâu một chút",2026-04-03 02:54
732,2912,2,Nhân viên trả lời không rõ ràng,2026-06-18 11:48
733,3733,3,Chờ hơi lâu,2025-08-27 21:55
734,6880,5,Kỹ thuật viên giải thích rõ ràng,2026-06-10 02:11
735,809,3,,2025-04-03 08:50
736,3746,5,Dịch vụ tốt sẽ quay lại,2024-10-18 07:46
737,5790,3,Chờ hơi lâu,2026-05-08 01:47
738,3281,1,Trễ hẹn cả tuần không ai báo,2026-03-19 14:50
739,4326,3,Tạm được,2024-10-22 01:20
740,6943,3,,2026-04-04 21:01
741,7023,2,Phải quay lại lần 2 mới xong,2026-01-08 05:48
742,1269,5,,2025-12-02 19:15
743,2507,3,Bình thường,2026-05-31 20:29
744,7695,2,Phải quay lại lần 2 mới xong,2024-12-06 11:02
745,2541,5,Kỹ thuật viên giải thích rõ ràng,2026-01-15 06:35
746,2728,4,,2025-12-03 05:34
747,7309,5,Dịch vụ tốt sẽ quay lại,2025-02-04 00:42
748,7008,4,Sửa được nhưng phải chờ linh kiện,2024-10-28 04:56
749,4094,5,,2026-06-10 03:01
750,6216,3,,2025-12-31 11:59
751,3221,5,"Nhân viên nhiệt tình, sửa nhanh",2025-11-28 11:52
752,2340,5,"Rất hài lòng, máy chạy tốt lại",2025-12-11 12:59
753,3727,4,"Tốt, giá hơi cao",2025-02-15 06:37
754,2053,5,"Rất hài lòng, máy chạy tốt lại",2025-07-09 09:25
755,4238,4,Sửa được nhưng phải chờ linh kiện,2025-05-07 08:03
756,6367,5,Dịch vụ tốt sẽ quay lại,2026-08-18 19:20
757,3322,5,"Nhân viên nhiệt tình, sửa nhanh",2026-03-02 02:00
758,4988,5,"Nhân viên nhiệt tình, sửa nhanh",2024-09-01 19:11
759,7292,4,Sửa được nhưng phải chờ linh kiện,2025-08-14 16:42
760,753,4,Sửa được nhưng phải chờ linh kiện,2024-10-13 17:06
761,1714,5,,2026-05-05 09:36
762,7453,2,Phải quay lại lần 2 mới xong,2025-09-17 02:46
763,5192,5,"Rất hài lòng, máy chạy tốt lại",2025-04-26 08:10
764,5298,5,Kỹ thuật viên giải thích rõ ràng,2025-10-25 00:39
765,5765,5,Dịch vụ tốt sẽ quay lại,2026-05-23 19:18
766,4950,5,Dịch vụ tốt sẽ quay lại,2025-01-17 00:19
767,3819,2,,2025-03-19 00:56
768,2234,4,"Tốt, giá hơi cao",2025-10-11 04:56
769,7217,5,"Nhân viên nhiệt tình, sửa nhanh",2025-03-13 08:57
770,5686,5,"Rất hài lòng, máy chạy tốt lại",2026-07-22 08:58
771,1032,2,Nhân viên trả lời không rõ ràng,2025-10-27 20:19
772,5793,3,Chờ hơi lâu,2025-03-06 03:33
773,1308,5,,2026-02-07 21:33
774,5828,5,Kỹ thuật viên giải thích rõ ràng,2025-12-25 04:33
775,2207,3,,2026-05-28 00:09
776,5930,2,,2024-12-18 05:20
777,1673,5,Trả máy đúng hẹn,2025-08-02 16:45
778,1074,4,,2025-01-24 19:59
779,1393,2,Nhân viên trả lời không rõ ràng,2026-05-11 08:33
780,1113,5,Trả máy đúng hẹn,2024-12-06 06:10
781,1730,1,,2025-10-28 00:12
782,4309,4,"Ổn, chỉ hơi lâu một chút",2025-03-01 14:15
783,185,4,"Ổn, chỉ hơi lâu một chút",2024-10-27 18:41
784,1057,4,,2024-10-06 20:38
785,183,5,,2025-10-07 15:56
786,7306,4,"Ổn, chỉ hơi lâu một chút",2026-06-19 20:22
787,5498,4,"Tốt, giá hơi cao",2025-10-02 17:44
788,4685,3,,2025-03-03 05:41
789,4861,4,"Tốt, giá hơi cao",2025-09-08 02:51
790,5538,3,Tạm được,2024-11-04 19:43
791,4431,4,Hài lòng nhưng chỗ ngồi chờ hơi chật,2024-11-22 09:27
792,2437,2,Nhân viên trả lời không rõ ràng,2025-02-23 01:00
793,1618,5,,2025-04-09 04:55
794,5881,2,,2026-03-28 09:20
795,4598,5,"Rất hài lòng, máy chạy tốt lại",2025-04-22 22:11
796,3617,4,Sửa được nhưng phải chờ linh kiện,2025-01-10 02:05
797,3895,5,"Rất hài lòng, máy chạy tốt lại",2026-03-22 07:51
798,6547,5,Trả máy đúng hẹn,2025-09-07 18:53
799,1018,5,"Nhân viên nhiệt tình, sửa nhanh",2025-11-16 14:12
800,7213,5,Kỹ thuật viên giải thích rõ ràng,2024-10-12 20:58
801,1586,4,Sửa được nhưng phải chờ linh kiện,2024-12-19 06:43
802,1202,4,Hài lòng nhưng chỗ ngồi chờ hơi chật,2025-07-25 22:15
803,6049,4,Sửa được nhưng phải chờ linh kiện,2024-11-02 10:52
804,2534,5,"Nhân viên nhiệt tình, sửa nhanh",2026-01-09 12:45
805,26,5,Trả máy đúng hẹn,2026-03-31 00:30
806,3291,4,Hài lòng nhưng chỗ ngồi chờ hơi chật,2025-05-03 22:42
807,1827,5,"Rất hài lòng, máy chạy tốt lại",2025-10-11 02:42
808,3026,5,Kỹ thuật viên giải thích rõ ràng,2025-07-04 22:18
809,6403,3,Bình thường,2025-10-17 18:04
810,6421,4,Hài lòng nhưng chỗ ngồi chờ hơi chật,2025-04-14 09:57
811,2368,5,,2025-08-27 20:15
812,1068,3,,2026-05-02 19:29
813,5237,2,Phải quay lại lần 2 mới xong,2025-03-22 14:20
814,696,4,,2025-11-05 10:44
815,3635,4,Sửa được nhưng phải chờ linh kiện,2024-11-29 19:58
816,4187,5,Trả máy đúng hẹn,2026-07-07 17:15
817,817,3,,2024-09-03 18:53
818,5297,4,,2026-05-21 17:32
819,6993,3,Chờ hơi lâu,2025-08-02 00:09
820,4405,5,"Rất hài lòng, máy chạy tốt lại",2025-08-12 01:06
821,7127,3,Máy sửa xong nhưng vẫn hơi nóng,2025-02-10 17:44
822,2891,5,"Rất hài lòng, máy chạy tốt lại",2025-05-01 00:47
823,966,5,,2025-10-27 17:44
824,921,4,Hài lòng nhưng chỗ ngồi chờ hơi chật,2025-02-28 07:06
825,3406,2,Gọi điện không ai nghe máy,2025-03-10 23:02
826,4907,5,Dịch vụ tốt sẽ quay lại,2026-06-12 02:01
827,5285,5,,2026-05-02 02:11
828,3075,5,Kỹ thuật viên giải thích rõ ràng,2024-09-28 21:33
829,3594,3,,2026-02-11 05:34
830,1894,4,Hài lòng nhưng chỗ ngồi chờ hơi chật,2026-08-27 01:47
831,7782,5,Trả máy đúng hẹn,2026-03-11 23:51
832,1372,3,Máy sửa xong nhưng vẫn hơi nóng,2025-11-27 09:16
833,5527,5,"Nhân viên nhiệt tình, sửa nhanh",2026-05-20 04:38
834,361,5,Trả máy đúng hẹn,2024-10-23 23:41
835,110,2,,2025-03-23 11:57
836,2435,5,Dịch vụ tốt sẽ quay lại,2024-12-01 05:51
837,3940,5,Kỹ thuật viên giải thích rõ ràng,2026-05-15 19:10
838,4230,3,,2026-03-09 00:29
839,4708,5,"Nhân viên nhiệt tình, sửa nhanh",2025-12-13 18:24
840,1638,4,"Tốt, giá hơi cao",2025-01-14 03:30
841,3718,3,Máy sửa xong nhưng vẫn hơi nóng,2024-12-20 07:08
842,2343,3,Máy sửa xong nhưng vẫn hơi nóng,2024-12-11 00:13
843,5170,4,Hài lòng nhưng chỗ ngồi chờ hơi chật,2026-02-18 21:08
844,1122,5,"Nhân viên nhiệt tình, sửa nhanh",2025-07-13 18:31
845,5242,4,Hài lòng nhưng chỗ ngồi chờ hơi chật,2026-01-06 00:02
846,2768,4,"Tốt, giá hơi cao",2026-03-23 21:49
847,3503,5,"Rất hài lòng, máy chạy tốt lại",2024-11-11 08:58
848,4232,2,Gọi điện không ai nghe máy,2025-02-02 20:50
849,3994,4,"Tốt, giá hơi cao",2025-03-16 07:08
850,3305,5,"Nhân viên nhiệt tình, sửa nhanh",2025-12-30 07:32
851,2962,3,Bình thường,2025-09-01 02:59
852,1274,5,Kỹ thuật viên giải thích rõ ràng,2025-03-08 05:01
853,4023,3,Tạm được,2026-04-05 10:38
854,4542,5,"Rất hài lòng, máy chạy tốt lại",2024-12-24 20:39
855,1380,4,Sửa được nhưng phải chờ linh kiện,2025-11-24 05:47
856,5625,3,,2025-07-17 18:18
857,1422,4,"Ổn, chỉ hơi lâu một chút",2025-03-29 08:39
858,1399,4,Sửa được nhưng phải chờ linh kiện,2026-08-29 21:28
859,737,4,"Ổn, chỉ hơi lâu một chút",2026-08-12 12:06
860,5743,1,Trễ hẹn cả tuần không ai báo,2024-09-23 12:41
861,4496,3,Chờ hơi lâu,2026-03-10 02:41
862,5643,3,Máy sửa xong nhưng vẫn hơi nóng,2026-03-30 16:15
863,5548,4,Sửa được nhưng phải chờ linh kiện,2026-05-31 14:58
864,2068,5,"Nhân viên nhiệt tình, sửa nhanh",2025-09-07 20:50
865,7256,3,,2024-12-26 07:14
866,3949,2,Trả máy trễ hẹn 3 ngày,2024-10-17 22:16
867,4013,3,Máy sửa xong nhưng vẫn hơi nóng,2024-11-17 01:21
868,670,1,Thái độ nhân viên không tốt,2026-08-02 03:57
869,2154,4,Sửa được nhưng phải chờ linh kiện,2026-08-17 22:25
870,7672,5,Trả máy đúng hẹn,2024-10-11 17:45
871,7644,5,,2024-12-28 10:19
872,470,4,,2025-12-29 14:43
873,5462,5,,2024-10-22 02:22
874,1330,5,,2025-04-18 00:34
875,2385,4,,2024-12-31 00:45
876,940,5,"Rất hài lòng, máy chạy tốt lại",2025-10-27 09:04
877,4611,5,,2025-05-06 04:15
878,4919,2,,2025-01-13 14:32
879,3171,5,Kỹ thuật viên giải thích rõ ràng,2026-01-31 03:23
880,6149,5,Trả máy đúng hẹn,2026-06-14 20:57
881,4758,1,Sửa xong vẫn bị lỗi cũ,2025-08-28 18:58
882,1161,3,Bình thường,2026-05-18 08:22
883,4698,3,Chờ hơi lâu,2024-09-10 13:50
884,3738,3,Máy sửa xong nhưng vẫn hơi nóng,2025-05-29 08:47
885,1402,3,Máy sửa xong nhưng vẫn hơi nóng,2026-07-16 07:27
886,463,5,,2024-12-05 21:21
887,7475,2,Nhân viên trả lời không rõ ràng,2025-03-12 07:08
888,3032,3,Tạm được,2026-05-09 23:41
889,4760,2,Nhân viên trả lời không rõ ràng,2026-02-24 13:57
890,5580,4,Hài lòng nhưng chỗ ngồi chờ hơi chật,2025-01-24 22:18
891,373,5,Trả máy đúng hẹn,2024-12-10 11:14
892,2964,3,Chờ hơi lâu,2024-09-18 11:44
893,6291,5,"Rất hài lòng, máy chạy tốt lại",2025-09-06 03:03
894,1410,3,Máy sửa xong nhưng vẫn hơi nóng,2025-01-07 10:04
895,4098,5,"Rất hài lòng, máy chạy tốt lại",2025-12-07 00:24
896,3818,5,,2025-01-13 19:08
897,7065,5,"Rất hài lòng, máy chạy tốt lại",2025-07-21 05:28
898,316,5,Trả máy đúng hẹn,2026-01-26 12:22
899,4076,5,Dịch vụ tốt sẽ quay lại,2026-07-07 07:25
900,854,5,"Rất hài lòng, máy chạy tốt lại",2024-11-26 13:55
901,5995,4,"Tốt, giá hơi cao",2025-11-24 06:35
902,3975,5,Dịch vụ tốt sẽ quay lại,2024-12-28 09:28
903,6205,1,Thái độ nhân viên không tốt,2024-10-07 08:26
904,3452,2,,2026-07-27 23:52
905,3134,3,,2025-09-15 22:36
906,2252,2,Gọi điện không ai nghe máy,2025-02-10 21:15
907,161,5,,2025-05-13 16:39
908,3929,5,,2025-04-24 08:44
909,6040,5,Dịch vụ tốt sẽ quay lại,2025-06-02 15:11
910,1569,4,,2025-06-30 22:21
911,4286,3,Máy sửa xong nhưng vẫn hơi nóng,2026-07-29 20:06
912,3,4,Sửa được nhưng phải chờ linh kiện,2026-08-30 01:00
913,6368,2,Phải quay lại lần 2 mới xong,2025-04-10 07:14
914,672,5,Kỹ thuật viên giải thích rõ ràng,2025-11-19 03:49
915,7565,5,,2025-10-17 09:06
916,2527,5,,2024-09-23 10:22
917,6840,3,,2025-04-19 02:04
918,6596,5,Kỹ thuật viên giải thích rõ ràng,2025-02-19 03:08
919,3543,5,"Nhân viên nhiệt tình, sửa nhanh",2026-05-14 12:08
920,6817,2,Nhân viên trả lời không rõ ràng,2026-01-10 08:09
921,7588,4,,2025-06-08 04:00
922,3643,5,"Rất hài lòng, máy chạy tốt lại",2024-10-19 13:36
923,4442,2,Nhân viên trả lời không rõ ràng,2025-08-01 10:04
924,7104,5,Kỹ thuật viên giải thích rõ ràng,2025-01-13 07:42
925,2835,4,Sửa được nhưng phải chờ linh kiện,2025-08-15 05:51
926,2350,5,Dịch vụ tốt sẽ quay lại,2025-03-30 04:05
927,4659,4,"Ổn, chỉ hơi lâu một chút",2024-10-17 06:23
928,7174,5,"Rất hài lòng, máy chạy tốt lại",2025-04-16 18:01
929,4506,5,Kỹ thuật viên giải thích rõ ràng,2026-04-07 01:07
930,5596,4,"Tốt, giá hơi cao",2026-07-29 01:59
931,427,4,"Ổn, chỉ hơi lâu một chút",2025-08-02 08:07
932,4705,3,Chờ hơi lâu,2026-02-01 12:29
933,2517,4,Hài lòng nhưng chỗ ngồi chờ hơi chật,2025-10-04 07:16
934,2668,2,,2024-09-20 13:55
935,7120,4,Hài lòng nhưng chỗ ngồi chờ hơi chật,2025-12-16 10:48
936,3866,1,Sửa xong vẫn bị lỗi cũ,2025-06-19 07:24
937,7220,5,"Nhân viên nhiệt tình, sửa nhanh",2026-07-21 00:05
938,3509,2,Nhân viên trả lời không rõ ràng,2026-02-17 18:29
939,3793,3,Chờ hơi lâu,2025-10-21 02:03
940,4303,5,Dịch vụ tốt sẽ quay lại,2025-09-05 04:33
941,6949,3,Máy sửa xong nhưng vẫn hơi nóng,2025-04-10 04:00
942,370,4,"Ổn, chỉ hơi lâu một chút",2026-03-16 18:34
943,5880,5,Trả máy đúng hẹn,2024-10-12 05:06
944,7247,3,Bình thường,2025-04-29 08:06
945,2004,2,,2025-05-09 02:16
946,7170,1,Mất phụ kiện kèm theo máy,2025-07-31 19:31
947,681,5,,2026-04-05 02:24
948,6617,5,Trả máy đúng hẹn,2025-07-05 00:49
949,5435,5,Dịch vụ tốt sẽ quay lại,2025-06-24 17:43
950,1841,5,"Rất hài lòng, máy chạy tốt lại",2026-04-11 12:40
951,5162,5,Kỹ thuật viên giải thích rõ ràng,2024-12-14 15:41
952,2308,4,"Tốt, giá hơi cao",2025-11-09 22:01
953,6535,4,,2025-02-01 05:04
954,1314,4,,2026-08-19 16:49
955,3872,3,Máy sửa xong nhưng vẫn hơi nóng,2026-08-19 23:32
956,569,5,,2026-08-01 16:22
957,4347,2,Nhân viên trả lời không rõ ràng,2025-01-21 09:19
958,855,4,,2025-04-11 05:26
959,234,2,,2025-12-26 12:53
960,2430,5,,2025-07-04 18:18
961,3442,4,Sửa được nhưng phải chờ linh kiện,2026-01-12 08:36
962,165,5,"Nhân viên nhiệt tình, sửa nhanh",2025-09-18 07:59
963,1027,2,Trả máy trễ hẹn 3 ngày,2026-02-14 23:57
964,748,4,,2025-06-13 15:18
965,7142,3,Máy sửa xong nhưng vẫn hơi nóng,2024-10-29 04:31
966,4109,4,Sửa được nhưng phải chờ linh kiện,2024-11-02 20:57
967,3544,5,Trả máy đúng hẹn,2025-10-08 03:57
968,4767,1,Sửa xong vẫn bị lỗi cũ,2026-08-17 05:50
969,1485,5,"Nhân viên nhiệt tình, sửa nhanh",2025-03-17 07:42
970,4549,4,"Tốt, giá hơi cao",2026-03-22 13:59
971,3436,5,Trả máy đúng hẹn,2025-01-15 04:10
972,6736,1,,2026-03-01 16:57
973,5394,5,"Rất hài lòng, máy chạy tốt lại",2026-06-06 05:06
974,1862,1,Sửa xong vẫn bị lỗi cũ,2025-08-28 22:33
975,779,4,"Ổn, chỉ hơi lâu một chút",2026-02-28 08:23
976,1359,5,Trả máy đúng hẹn,2025-07-02 02:42
977,1100,5,"Rất hài lòng, máy chạy tốt lại",2026-02-22 04:04
978,1431,4,"Ổn, chỉ hơi lâu một chút",2025-12-22 00:02
979,132,5,"Nhân viên nhiệt tình, sửa nhanh",2025-02-16 22:35
980,7112,5,,2025-08-16 19:04
981,4277,1,Thái độ nhân viên không tốt,2025-09-15 12:54
982,3638,5,,2025-03-15 05:20
983,5193,3,Tạm được,2024-10-11 09:53
984,5099,4,"Tốt, giá hơi cao",2026-08-04 21:36
985,4222,3,Máy sửa xong nhưng vẫn hơi nóng,2025-05-28 16:27
986,2931,5,"Rất hài lòng, máy chạy tốt lại",2026-09-03 05:04
987,1148,5,Dịch vụ tốt sẽ quay lại,2026-06-10 02:05
988,3646,5,Kỹ thuật viên giải thích rõ ràng,2025-08-15 01:42
989,1988,5,"Nhân viên nhiệt tình, sửa nhanh",2025-10-18 15:44
990,7396,4,"Tốt, giá hơi cao",2026-04-10 18:49
991,1185,4,Hài lòng nhưng chỗ ngồi chờ hơi chật,2026-06-11 23:21
992,4912,3,Máy sửa xong nhưng vẫn hơi nóng,2025-02-28 09:08
993,356,5,Kỹ thuật viên giải thích rõ ràng,2026-08-14 16:17
994,7491,5,Kỹ thuật viên giải thích rõ ràng,2025-07-01 02:12
995,485,3,Tạm được,2026-08-30 16:27
996,5161,4,,2024-12-21 00:31
997,1420,2,,2026-02-13 10:08
998,4943,1,,2026-08-03 10:00
999,924,5,"Rất hài lòng, máy chạy tốt lại",2024-12-03 04:25
1000,6741,4,Sửa được nhưng phải chờ linh kiện,2026-07-13 14:31
1001,3939,5,,2025-03-07 03:04
1002,4186,5,Trả máy đúng hẹn,2025-11-17 20:48
1003,7768,5,"Nhân viên nhiệt tình, sửa nhanh",2025-06-18 08:22
1004,55,2,Nhân viên trả lời không rõ ràng,2026-08-28 06:03
1005,5858,4,"Tốt, giá hơi cao",2026-05-31 22:37
1006,3761,3,Chờ hơi lâu,2025-07-05 03:16
1007,5661,5,,2024-12-28 12:28
1008,4364,2,Gọi điện không ai nghe máy,2026-08-05 13:24
1009,7718,3,,2025-07-06 09:27
1010,1408,4,,2025-07-23 08:54
1011,3745,5,Trả máy đúng hẹn,2025-03-05 11:40
1012,6256,5,Dịch vụ tốt sẽ quay lại,2026-03-08 04:22
1013,2807,4,,2024-12-07 22:45
1014,175,3,,2025-05-14 20:58
1015,5874,3,Chờ hơi lâu,2025-09-18 14:06
1016,2920,5,,2024-09-27 22:28
1017,1532,5,Kỹ thuật viên giải thích rõ ràng,2025-02-04 10:14
1018,2236,3,,2025-11-04 10:07
1019,576,4,,2025-08-12 12:14
1020,6484,5,"Rất hài lòng, máy chạy tốt lại",2026-07-16 21:07
1021,4257,2,,2025-01-01 11:22
1022,5716,4,Sửa được nhưng phải chờ linh kiện,2024-11-25 18:55
1023,5229,5,,2024-11-08 18:36
1024,298,5,Kỹ thuật viên giải thích rõ ràng,2025-10-04 12:50
1025,953,4,,2025-03-13 06:36
1026,1843,4,Hài lòng nhưng chỗ ngồi chờ hơi chật,2026-03-08 07:46
1027,939,2,Phải quay lại lần 2 mới xong,2025-10-10 04:45
1028,6679,3,Bình thường,2025-04-20 11:13
1029,5188,5,Trả máy đúng hẹn,2026-05-07 07:20
1030,5399,4,"Ổn, chỉ hơi lâu một chút",2026-01-05 04:00
1031,3351,2,Nhân viên trả lời không rõ ràng,2025-01-29 08:58
1032,4313,3,Bình thường,2026-04-06 03:19
1033,7753,4,,2026-06-30 04:45
1034,2267,5,"Rất hài lòng, máy chạy tốt lại",2026-08-26 13:52
1035,3208,1,Trễ hẹn cả tuần không ai báo,2025-08-12 18:59
1036,4518,5,,2026-04-25 05:20
1037,3707,5,Dịch vụ tốt sẽ quay lại,2025-08-19 21:04
1038,4126,5,Kỹ thuật viên giải thích rõ ràng,2026-06-03 08:50
1039,6683,3,,2024-09-09 03:34
1040,2311,4,Sửa được nhưng phải chờ linh kiện,2026-07-10 02:00
1041,5946,2,Trả máy trễ hẹn 3 ngày,2025-03-20 04:43
1042,4929,5,,2025-12-24 05:59
1043,172,5,"Rất hài lòng, máy chạy tốt lại",2025-12-02 12:30
1044,222,5,"Rất hài lòng, máy chạy tốt lại",2025-07-21 14:46
1045,120,4,Sửa được nhưng phải chờ linh kiện,2026-05-11 21:35
1046,5268,3,Bình thường,2025-09-17 12:46
1047,1159,1,,2026-06-08 01:58
1048,6750,2,Trả máy trễ hẹn 3 ngày,2026-03-28 00:35
1049,3016,5,,2025-02-18 08:27
1050,32,4,Sửa được nhưng phải chờ linh kiện,2025-11-23 19:01
1051,4026,5,"Nhân viên nhiệt tình, sửa nhanh",2026-07-05 21:19
1052,4295,4,,2025-04-11 01:14
1053,2884,2,Nhân viên trả lời không rõ ràng,2025-12-13 19:50
1054,6029,4,Sửa được nhưng phải chờ linh kiện,2025-07-09 06:21
1055,6769,4,,2025-08-09 04:27
1056,1084,2,,2026-04-16 04:23
1057,6953,1,,2025-11-07 05:43
1058,6512,4,Sửa được nhưng phải chờ linh kiện,2024-10-28 06:54
1059,5358,3,,2026-04-09 07:59
1060,7138,3,Tạm được,2025-11-10 08:02
1061,3576,3,,2026-04-10 06:24
1062,901,3,,2025-01-18 00:35
1063,1011,4,"Tốt, giá hơi cao",2025-01-21 22:41
1064,4551,5,Kỹ thuật viên giải thích rõ ràng,2025-08-23 18:43
1065,4718,5,"Rất hài lòng, máy chạy tốt lại",2026-04-30 01:20
1066,6719,4,Sửa được nhưng phải chờ linh kiện,2026-02-03 08:34
1067,7106,4,,2025-03-12 16:11
1068,2221,5,Kỹ thuật viên giải thích rõ ràng,2026-07-24 15:46
1069,195,1,Mất phụ kiện kèm theo máy,2025-10-05 00:40
1070,5190,5,"Rất hài lòng, máy chạy tốt lại",2026-01-30 08:12
1071,3486,5,"Nhân viên nhiệt tình, sửa nhanh",2026-02-04 01:18
1072,6637,5,Dịch vụ tốt sẽ quay lại,2024-09-18 10:05
1073,6227,1,Mất phụ kiện kèm theo máy,2026-08-16 18:50
1074,5120,5,,2025-01-11 04:47
1075,3682,4,Hài lòng nhưng chỗ ngồi chờ hơi chật,2026-08-05 11:43
1076,394,4,Hài lòng nhưng chỗ ngồi chờ hơi chật,2026-01-21 00:34
1077,5408,2,Gọi điện không ai nghe máy,2026-04-13 21:21
1078,3586,5,,2026-03-21 03:36
1079,2317,2,,2024-12-15 19:05
1080,3263,5,Kỹ thuật viên giải thích rõ ràng,2025-05-03 07:41
1081,7569,2,Phải quay lại lần 2 mới xong,2026-05-06 16:40
1082,3210,4,Hài lòng nhưng chỗ ngồi chờ hơi chật,2026-07-20 02:28
1083,1737,4,"Tốt, giá hơi cao",2025-01-24 06:14
1084,150,3,,2026-08-13 13:25
1085,4276,4,,2025-11-09 01:07
1086,3807,4,,2024-09-12 18:33
1087,7032,4,,2025-01-24 11:30
1088,4977,4,"Tốt, giá hơi cao",2026-03-15 04:39
1089,1799,2,Phải quay lại lần 2 mới xong,2025-12-03 10:27
1090,7467,3,Chờ hơi lâu,2024-12-24 02:08
1091,4132,4,Hài lòng nhưng chỗ ngồi chờ hơi chật,2025-07-12 17:53
1092,3582,4,"Tốt, giá hơi cao",2025-09-28 21:40
1093,3881,3,Máy sửa xong nhưng vẫn hơi nóng,2024-12-22 11:54
1094,98,2,Phải quay lại lần 2 mới xong,2025-03-08 19:31
1095,6099,1,,2025-02-27 08:31
1096,3022,5,,2025-03-15 20:05
1097,118,3,,2025-11-28 17:57
1098,211,3,Bình thường,2025-06-15 16:38
1099,1699,4,Sửa được nhưng phải chờ linh kiện,2025-06-05 12:29
1100,3934,2,,2024-09-26 07:19
1101,6467,4,Hài lòng nhưng chỗ ngồi chờ hơi chật,2026-08-15 12:14
1102,1179,4,"Ổn, chỉ hơi lâu một chút",2026-05-06 01:02
1103,1698,5,,2025-11-19 12:08
1104,1030,3,,2026-01-04 06:04
1105,6017,3,,2024-10-09 22:20
1106,6249,5,,2025-05-25 07:17
1107,2098,5,,2026-03-03 18:20
1108,2015,5,,2025-01-29 02:07
1109,7581,5,"Nhân viên nhiệt tình, sửa nhanh",2024-10-13 15:37
1110,1331,5,Trả máy đúng hẹn,2025-01-21 08:43
1111,2422,4,"Ổn, chỉ hơi lâu một chút",2024-10-16 07:25
1112,2312,3,Tạm được,2026-05-07 23:50
1113,1157,4,Hài lòng nhưng chỗ ngồi chờ hơi chật,2024-12-23 08:04
1114,3413,1,,2024-10-10 01:56
1115,4409,5,Trả máy đúng hẹn,2026-04-25 01:21
1116,6527,5,Dịch vụ tốt sẽ quay lại,2026-04-18 12:15
1117,2839,4,Sửa được nhưng phải chờ linh kiện,2025-01-05 03:06
1118,147,5,Dịch vụ tốt sẽ quay lại,2025-11-05 18:06
1119,7650,5,,2025-03-14 21:52
1120,4430,5,,2025-08-15 11:13
1121,1710,5,,2025-10-28 17:28
1122,4686,3,Chờ hơi lâu,2026-02-20 22:02
1123,4331,5,"Rất hài lòng, máy chạy tốt lại",2025-11-08 07:59
1124,2099,4,Hài lòng nhưng chỗ ngồi chờ hơi chật,2024-12-28 03:37
1125,6681,5,,2026-08-31 04:21
1126,1691,4,"Tốt, giá hơi cao",2025-09-17 09:22
1127,6982,5,Kỹ thuật viên giải thích rõ ràng,2025-02-13 07:43
1128,5469,2,,2025-05-08 11:19
1129,512,1,Sửa xong vẫn bị lỗi cũ,2025-07-27 23:34
1130,926,1,Thái độ nhân viên không tốt,2025-03-21 22:24
1131,1203,5,Trả máy đúng hẹn,2025-09-08 16:13
1132,4847,3,Bình thường,2025-11-21 04:06
1133,3675,4,Hài lòng nhưng chỗ ngồi chờ hơi chật,2026-02-27 10:35
1134,235,5,"Nhân viên nhiệt tình, sửa nhanh",2024-12-13 08:17
1135,2548,5,Kỹ thuật viên giải thích rõ ràng,2025-09-12 12:51
1136,482,5,"Rất hài lòng, máy chạy tốt lại",2025-05-21 11:43
1137,2943,5,Dịch vụ tốt sẽ quay lại,2025-05-03 08:59
1138,1695,5,,2025-06-15 22:54
1139,3197,5,,2025-09-08 05:28
1140,7123,5,Trả máy đúng hẹn,2026-08-03 08:39
1141,4351,4,"Ổn, chỉ hơi lâu một chút",2026-01-11 15:42
1142,3112,3,Bình thường,2026-07-12 12:15
1143,2703,5,"Nhân viên nhiệt tình, sửa nhanh",2025-04-04 10:29
1144,3557,5,,2025-06-16 22:24
1145,1831,5,Dịch vụ tốt sẽ quay lại,2025-01-07 01:22
1146,4024,4,Hài lòng nhưng chỗ ngồi chờ hơi chật,2026-07-25 11:17
1147,1651,4,"Tốt, giá hơi cao",2025-11-17 02:42
1148,1999,5,"Nhân viên nhiệt tình, sửa nhanh",2026-05-30 03:06
1149,4460,4,Sửa được nhưng phải chờ linh kiện,2025-09-29 11:26
1150,2171,3,,2026-03-17 05:01
1151,3688,5,Trả máy đúng hẹn,2025-01-06 12:41
1152,5451,2,Phải quay lại lần 2 mới xong,2025-01-05 01:41
1153,910,5,"Nhân viên nhiệt tình, sửa nhanh",2024-11-21 06:17
1154,3526,5,Trả máy đúng hẹn,2024-12-23 07:35
1155,3466,5,"Rất hài lòng, máy chạy tốt lại",2026-04-06 18:02
1156,7474,4,Hài lòng nhưng chỗ ngồi chờ hơi chật,2025-11-03 13:45
1157,6690,4,"Tốt, giá hơi cao",2025-03-30 04:21
1158,2936,2,Phải quay lại lần 2 mới xong,2024-11-28 03:37
1159,5626,4,"Ổn, chỉ hơi lâu một chút",2025-07-25 12:19
1160,1806,5,,2025-09-09 15:24
1161,4416,5,"Nhân viên nhiệt tình, sửa nhanh",2025-03-26 15:11
1162,592,3,Bình thường,2026-07-28 13:20
1163,5654,3,Máy sửa xong nhưng vẫn hơi nóng,2025-05-31 11:02
1164,5695,4,,2025-10-03 06:20
1165,218,5,Dịch vụ tốt sẽ quay lại,2024-09-18 00:05
1166,2161,5,,2026-04-14 04:52
1167,3859,5,,2026-05-30 02:05
1168,972,3,Bình thường,2026-02-26 08:35
1169,5610,4,"Ổn, chỉ hơi lâu một chút",2025-08-09 21:28
1170,5778,5,Trả máy đúng hẹn,2024-10-15 02:35
1171,201,4,,2026-05-01 03:13
1172,4869,2,Trả máy trễ hẹn 3 ngày,2026-03-29 19:36
1173,3255,5,"Nhân viên nhiệt tình, sửa nhanh",2025-04-15 03:36
1174,7192,5,Trả máy đúng hẹn,2025-11-26 20:11
1175,1573,4,,2025-12-16 21:16
1176,3415,1,Mất phụ kiện kèm theo máy,2026-02-12 19:37
1177,149,3,Máy sửa xong nhưng vẫn hơi nóng,2026-04-23 07:12
1178,2262,3,Máy sửa xong nhưng vẫn hơi nóng,2024-12-23 01:07
1179,7742,4,Hài lòng nhưng chỗ ngồi chờ hơi chật,2025-11-26 10:03
1180,5825,4,"Tốt, giá hơi cao",2025-10-10 06:05
1181,5973,5,Trả máy đúng hẹn,2025-03-09 15:57
1182,735,5,,2024-12-19 04:36
1183,6991,4,"Tốt, giá hơi cao",2025-12-28 07:51
1184,5147,5,"Nhân viên nhiệt tình, sửa nhanh",2025-07-23 00:09
1185,2981,5,"Nhân viên nhiệt tình, sửa nhanh",2026-02-04 00:59
1186,3024,1,Sửa xong vẫn bị lỗi cũ,2025-05-14 06:55
1187,5524,2,Phải quay lại lần 2 mới xong,2026-06-08 02:27
1188,3595,1,Thái độ nhân viên không tốt,2026-03-29 01:39
1189,1973,4,,2026-02-10 09:53
1190,547,4,"Tốt, giá hơi cao",2024-10-29 10:45
1191,2675,4,Sửa được nhưng phải chờ linh kiện,2025-09-17 14:53
1192,3238,4,Sửa được nhưng phải chờ linh kiện,2025-01-07 12:08
1193,5234,4,"Tốt, giá hơi cao",2025-09-14 03:52
1194,2921,4,Sửa được nhưng phải chờ linh kiện,2024-09-22 20:52
1195,2082,5,"Nhân viên nhiệt tình, sửa nhanh",2026-03-12 14:48
1196,1481,2,Nhân viên trả lời không rõ ràng,2026-06-28 16:03
1197,7550,5,"Nhân viên nhiệt tình, sửa nhanh",2025-05-16 19:15
1198,4265,1,Sửa xong vẫn bị lỗi cũ,2025-07-15 19:26
1199,3985,3,Tạm được,2026-06-11 21:47
1200,2609,5,Trả máy đúng hẹn,2025-03-07 06:01
1201,5855,5,,2024-12-10 18:11
1202,4942,5,Trả máy đúng hẹn,2026-06-24 09:36
1203,4563,3,,2025-12-03 14:25
1204,5354,3,Chờ hơi lâu,2025-03-14 20:29
1205,486,3,,2025-07-22 16:41
1206,2547,2,,2026-03-18 04:10
1207,1283,4,"Tốt, giá hơi cao",2025-04-08 02:21
1208,5509,2,Gọi điện không ai nghe máy,2025-10-20 00:21
1209,1343,5,"Nhân viên nhiệt tình, sửa nhanh",2024-12-28 18:53
1210,4380,4,,2025-11-05 06:27
1211,1323,3,,2026-06-17 01:29
1212,1132,2,Phải quay lại lần 2 mới xong,2026-03-07 09:10
1213,420,4,,2026-03-28 13:05
1214,4995,4,"Tốt, giá hơi cao",2025-06-13 06:42
1215,600,5,"Rất hài lòng, máy chạy tốt lại",2026-08-23 17:12
1216,4715,1,Trễ hẹn cả tuần không ai báo,2024-11-21 01:58
1217,347,5,"Rất hài lòng, máy chạy tốt lại",2025-10-28 19:18
1218,402,3,Bình thường,2025-11-27 07:51
1219,3834,3,Máy sửa xong nhưng vẫn hơi nóng,2025-12-24 19:59
1220,2744,5,Kỹ thuật viên giải thích rõ ràng,2026-01-07 04:35
1221,205,5,"Nhân viên nhiệt tình, sửa nhanh",2026-07-23 23:54
1222,2660,2,Nhân viên trả lời không rõ ràng,2025-06-21 20:31
1223,5118,5,"Rất hài lòng, máy chạy tốt lại",2025-02-23 10:00
1224,5065,5,,2026-02-23 06:06
1225,2594,5,"Nhân viên nhiệt tình, sửa nhanh",2026-06-26 22:55
1226,5091,2,Phải quay lại lần 2 mới xong,2026-02-03 00:22
1227,1997,5,,2024-11-11 21:01
1228,7126,2,,2025-03-16 00:22
1229,7297,5,Trả máy đúng hẹn,2025-09-11 20:25
1230,2149,5,Trả máy đúng hẹn,2026-03-02 18:48
1231,4972,4,,2026-02-15 23:07
1232,4343,5,Trả máy đúng hẹn,2026-01-31 19:39
1233,1115,5,Dịch vụ tốt sẽ quay lại,2024-09-09 10:03
1234,2425,5,"Nhân viên nhiệt tình, sửa nhanh",2024-11-01 13:12
1235,4082,4,,2026-04-20 06:38
1236,983,1,Trễ hẹn cả tuần không ai báo,2025-04-23 01:59
1237,4115,5,,2025-08-25 06:26
1238,474,5,Kỹ thuật viên giải thích rõ ràng,2025-06-16 15:30
1239,6377,4,Hài lòng nhưng chỗ ngồi chờ hơi chật,2026-05-20 01:11
1240,3157,4,Hài lòng nhưng chỗ ngồi chờ hơi chật,2025-09-05 06:38
1241,6889,2,Nhân viên trả lời không rõ ràng,2025-06-06 10:04
1242,6310,3,Chờ hơi lâu,2025-09-22 08:14
1243,877,5,Kỹ thuật viên giải thích rõ ràng,2025-04-15 20:01
1244,6532,5,Dịch vụ tốt sẽ quay lại,2025-03-14 02:18
1245,4334,5,"Rất hài lòng, máy chạy tốt lại",2026-04-07 05:51
1246,6534,3,Tạm được,2026-04-10 19:55
1247,6511,4,,2025-08-17 07:46
1248,3710,5,,2025-02-21 13:47
1249,6147,5,Dịch vụ tốt sẽ quay lại,2025-02-16 22:38
1250,3410,5,Dịch vụ tốt sẽ quay lại,2024-10-05 20:34
1251,7783,4,"Ổn, chỉ hơi lâu một chút",2024-09-23 23:17
1252,5186,5,Trả máy đúng hẹn,2025-03-10 06:47
1253,7460,3,Bình thường,2026-05-10 02:25
1254,603,2,Trả máy trễ hẹn 3 ngày,2025-06-16 12:47
1255,7799,4,"Tốt, giá hơi cao",2025-06-21 22:09
1256,7344,4,,2025-04-27 08:49
1257,7250,4,"Tốt, giá hơi cao",2025-10-08 00:00
1258,2983,3,Tạm được,2024-12-01 11:50
1259,2852,2,Phải quay lại lần 2 mới xong,2026-06-18 12:07
1260,1405,5,"Nhân viên nhiệt tình, sửa nhanh",2024-10-09 23:12
1261,761,4,,2025-03-21 17:59
1262,1090,2,Phải quay lại lần 2 mới xong,2025-03-17 09:53
1263,1623,2,,2025-06-15 06:23
1264,4359,4,Hài lòng nhưng chỗ ngồi chờ hơi chật,2026-02-10 07:32
1265,6195,2,,2025-11-27 19:36
1266,3655,3,,2024-11-30 08:51
1267,740,4,"Ổn, chỉ hơi lâu một chút",2025-03-26 19:03
1268,7652,5,,2025-09-28 01:29
1269,2118,5,Trả máy đúng hẹn,2025-01-12 22:20
1270,7258,1,Thái độ nhân viên không tốt,2026-01-24 04:13
1271,124,2,Nhân viên trả lời không rõ ràng,2025-01-27 15:55
1272,2987,5,"Rất hài lòng, máy chạy tốt lại",2025-08-13 22:36
1273,6381,4,,2025-03-21 03:35
1274,7590,4,"Tốt, giá hơi cao",2024-11-07 05:07
1275,1469,3,Bình thường,2025-03-21 19:57
1276,2151,3,Bình thường,2025-06-08 17:56
1277,2165,4,"Tốt, giá hơi cao",2025-04-09 10:41
1278,5125,5,Kỹ thuật viên giải thích rõ ràng,2026-01-01 07:33
1279,465,4,Sửa được nhưng phải chờ linh kiện,2025-04-10 21:57
1280,5549,3,,2026-06-15 19:35
1281,306,4,Sửa được nhưng phải chờ linh kiện,2026-08-16 13:05
1282,1188,5,,2025-02-24 02:17
1283,2859,4,Hài lòng nhưng chỗ ngồi chờ hơi chật,2024-11-13 08:32
1284,1849,1,,2025-10-11 03:06
1285,5122,2,,2025-04-09 01:18
1286,2113,5,,2025-10-16 00:07
1287,4367,4,"Ổn, chỉ hơi lâu một chút",2025-09-27 10:23
1288,405,3,Máy sửa xong nhưng vẫn hơi nóng,2025-10-03 08:45
1289,4444,4,Sửa được nhưng phải chờ linh kiện,2026-04-14 20:22
1290,275,2,Nhân viên trả lời không rõ ràng,2026-06-13 13:08
1291,7684,5,Trả máy đúng hẹn,2024-10-05 13:51
1292,6633,2,,2025-09-02 11:52
1293,3942,5,Kỹ thuật viên giải thích rõ ràng,2025-05-29 00:04
1294,5057,5,"Rất hài lòng, máy chạy tốt lại",2026-04-18 02:33
1295,3092,5,,2025-02-07 22:22
1296,4179,4,"Ổn, chỉ hơi lâu một chút",2025-05-18 20:28
1297,4774,4,,2025-03-07 17:35
1298,3850,5,"Rất hài lòng, máy chạy tốt lại",2026-04-25 14:45
1299,4057,5,Dịch vụ tốt sẽ quay lại,2024-12-14 22:10
1300,4078,2,Trả máy trễ hẹn 3 ngày,2025-12-03 20:44
1301,4224,4,,2025-04-20 06:11
1302,2328,1,,2024-11-05 15:42
1303,7234,1,Thái độ nhân viên không tốt,2026-04-30 22:23
1304,3468,5,Trả máy đúng hẹn,2024-12-12 04:12
1305,2965,3,,2025-07-24 11:31
1306,5931,4,Sửa được nhưng phải chờ linh kiện,2024-12-02 15:49
1307,4726,5,,2025-01-22 13:46
1308,2743,5,Dịch vụ tốt sẽ quay lại,2026-07-05 09:33
1309,945,3,Tạm được,2025-04-15 03:55
1310,7317,5,Kỹ thuật viên giải thích rõ ràng,2025-08-13 13:05
1311,3336,5,,2026-08-01 14:22
1312,3343,3,,2026-08-12 23:26
1313,1876,4,Hài lòng nhưng chỗ ngồi chờ hơi chật,2025-03-12 00:00
1314,1342,3,Bình thường,2025-12-14 03:46
1315,1511,3,Bình thường,2026-06-05 18:43
1316,7720,4,"Ổn, chỉ hơi lâu một chút",2025-05-25 05:03
1317,3588,5,"Nhân viên nhiệt tình, sửa nhanh",2024-11-15 07:51
1318,3804,4,,2025-08-25 17:27
1319,7689,3,,2025-08-21 11:18
1320,2365,4,Sửa được nhưng phải chờ linh kiện,2026-08-25 13:33
1321,5334,5,Dịch vụ tốt sẽ quay lại,2024-11-28 03:13
1322,2553,3,Tạm được,2025-02-03 22:28
1323,6202,4,Hài lòng nhưng chỗ ngồi chờ hơi chật,2024-09-14 09:00
1324,1598,4,,2025-07-28 21:01
1325,4673,2,Trả máy trễ hẹn 3 ngày,2026-08-13 21:02
1326,5195,5,"Nhân viên nhiệt tình, sửa nhanh",2024-12-04 01:13
1327,473,5,"Rất hài lòng, máy chạy tốt lại",2025-02-07 18:38
1328,7553,4,"Ổn, chỉ hơi lâu một chút",2026-04-02 21:34
1329,384,3,,2026-07-06 10:26
1330,4880,4,"Ổn, chỉ hơi lâu một chút",2025-09-02 22:06
1331,1236,5,,2026-07-23 20:09
1332,1846,5,"Rất hài lòng, máy chạy tốt lại",2025-07-16 08:59
1333,1015,5,"Nhân viên nhiệt tình, sửa nhanh",2024-12-21 22:15
1334,1968,4,Hài lòng nhưng chỗ ngồi chờ hơi chật,2026-04-19 03:25
1335,3505,5,"Rất hài lòng, máy chạy tốt lại",2025-02-24 06:36
1336,7071,4,,2025-02-10 21:28
1337,2525,4,"Ổn, chỉ hơi lâu một chút",2025-03-02 14:12
1338,1445,4,Sửa được nhưng phải chờ linh kiện,2026-01-02 06:13
1339,7592,4,,2025-01-28 00:33
1340,1031,3,,2025-03-31 22:00
1341,7676,5,Kỹ thuật viên giải thích rõ ràng,2025-08-19 00:33
1342,4990,5,Trả máy đúng hẹn,2025-01-27 09:31
1343,3156,5,"Nhân viên nhiệt tình, sửa nhanh",2026-04-30 08:14
1344,6912,5,,2025-04-18 05:11
1345,1905,2,Trả máy trễ hẹn 3 ngày,2025-05-24 02:39
1346,3220,5,,2025-03-27 06:03
1347,4306,4,"Ổn, chỉ hơi lâu một chút",2025-12-29 20:02
1348,6162,3,Tạm được,2025-10-10 07:41
1349,7599,5,,2025-05-28 05:27
1350,4724,4,Hài lòng nhưng chỗ ngồi chờ hơi chật,2024-10-09 23:04
1351,5606,3,Bình thường,2025-05-29 10:59
1352,4480,5,Trả máy đúng hẹn,2026-02-28 08:46
1353,6998,5,"Nhân viên nhiệt tình, sửa nhanh",2025-01-09 03:57
1354,767,5,Trả máy đúng hẹn,2025-03-03 14:29
1355,5115,5,,2025-10-05 23:16
1356,5911,1,Sửa xong vẫn bị lỗi cũ,2025-05-13 22:45
1357,1205,5,"Rất hài lòng, máy chạy tốt lại",2024-12-29 11:03
1358,815,4,Hài lòng nhưng chỗ ngồi chờ hơi chật,2025-01-18 07:57
1359,2894,5,,2024-11-17 23:41
1360,1734,2,Phải quay lại lần 2 mới xong,2025-10-11 04:27
1361,4182,4,"Tốt, giá hơi cao",2026-07-08 09:54
1362,5368,3,,2026-06-15 19:21
1363,4695,2,Phải quay lại lần 2 mới xong,2025-11-04 20:49
1364,3283,5,Dịch vụ tốt sẽ quay lại,2025-12-02 10:09
1365,3023,5,,2025-01-28 04:09
1366,83,5,"Nhân viên nhiệt tình, sửa nhanh",2026-03-30 00:09
1367,1810,4,Sửa được nhưng phải chờ linh kiện,2026-08-02 08:24
1368,690,3,,2026-03-09 09:18
1369,782,4,Hài lòng nhưng chỗ ngồi chờ hơi chật,2025-12-24 16:35
1370,6694,3,Chờ hơi lâu,2026-07-04 12:11
1371,543,4,Sửa được nhưng phải chờ linh kiện,2025-07-07 21:59
1372,7715,5,Trả máy đúng hẹn,2025-08-28 13:40
1373,6442,5,,2025-11-03 01:14
1374,519,5,Dịch vụ tốt sẽ quay lại,2026-04-05 21:57
1375,1059,5,"Rất hài lòng, máy chạy tốt lại",2026-08-03 02:19
1376,5133,5,Trả máy đúng hẹn,2025-06-18 11:12
1377,3085,5,Kỹ thuật viên giải thích rõ ràng,2025-06-27 04:31
1378,1053,2,Phải quay lại lần 2 mới xong,2025-03-15 22:20
1379,2044,4,,2024-09-24 02:00
1380,1104,5,"Rất hài lòng, máy chạy tốt lại",2026-04-04 06:11
1381,6712,4,Hài lòng nhưng chỗ ngồi chờ hơi chật,2025-12-13 23:26
1382,354,5,"Rất hài lòng, máy chạy tốt lại",2026-02-01 23:40
1383,6451,5,"Rất hài lòng, máy chạy tốt lại",2025-05-22 06:59
1384,4459,2,Phải quay lại lần 2 mới xong,2026-08-14 12:35
1385,1301,4,Sửa được nhưng phải chờ linh kiện,2024-10-30 10:09
1386,4217,3,,2025-08-01 11:58
1387,4195,3,Máy sửa xong nhưng vẫn hơi nóng,2024-09-10 08:07
1388,4509,2,Trả máy trễ hẹn 3 ngày,2026-04-07 22:14
1389,6120,2,Trả máy trễ hẹn 3 ngày,2025-12-12 20:04
1390,4926,5,,2025-06-05 13:19
1391,4081,5,"Rất hài lòng, máy chạy tốt lại",2026-08-19 21:39
1392,3538,3,Tạm được,2025-10-02 00:28
1393,4463,4,Hài lòng nhưng chỗ ngồi chờ hơi chật,2026-04-17 22:41
1394,2825,4,"Ổn, chỉ hơi lâu một chút",2025-08-20 22:12
1395,4128,3,,2025-01-25 12:21
1396,181,4,Sửa được nhưng phải chờ linh kiện,2025-11-04 03:56
1397,5896,5,"Nhân viên nhiệt tình, sửa nhanh",2026-08-14 14:11
1398,4903,5,Dịch vụ tốt sẽ quay lại,2026-04-09 05:42
1399,184,3,,2025-06-07 01:47
1400,2876,5,"Rất hài lòng, máy chạy tốt lại",2026-04-20 04:29
1401,4753,5,,2025-01-29 03:36
1402,1264,5,"Rất hài lòng, máy chạy tốt lại",2025-07-04 17:37
1403,7618,5,Dịch vụ tốt sẽ quay lại,2025-12-29 19:06
1404,5958,2,Nhân viên trả lời không rõ ràng,2024-12-30 14:31
1405,5862,2,Trả máy trễ hẹn 3 ngày,2026-04-12 00:58
1406,959,5,,2026-08-12 03:26
1407,353,4,,2026-02-01 20:54
1408,5420,4,"Ổn, chỉ hơi lâu một chút",2025-12-02 01:52
1409,6497,3,Tạm được,2026-06-04 03:31
1410,2379,4,Hài lòng nhưng chỗ ngồi chờ hơi chật,2025-01-27 05:43
1411,1029,1,Sửa xong vẫn bị lỗi cũ,2025-01-08 07:43
1412,3196,5,Trả máy đúng hẹn,2026-07-12 17:59
1413,2127,5,"Rất hài lòng, máy chạy tốt lại",2024-09-11 09:38
1414,7737,3,Chờ hơi lâu,2026-02-09 08:13
1415,1797,5,,2026-04-13 17:07
1416,3188,5,"Rất hài lòng, máy chạy tốt lại",2026-08-17 22:43
1417,1428,4,Sửa được nhưng phải chờ linh kiện,2026-04-23 23:04
1418,1982,4,Sửa được nhưng phải chờ linh kiện,2024-11-16 12:26
1419,3984,4,Hài lòng nhưng chỗ ngồi chờ hơi chật,2026-03-01 17:56
1420,4533,4,,2025-12-25 20:48
1421,128,3,,2024-10-14 06:44
1422,7320,5,Dịch vụ tốt sẽ quay lại,2025-11-02 01:14
1423,2651,5,Trả máy đúng hẹn,2025-04-26 09:34
1424,7025,3,,2025-05-29 15:01
1425,3625,3,,2025-12-10 08:50
1426,6426,5,"Nhân viên nhiệt tình, sửa nhanh",2025-09-26 21:22
1427,7489,4,"Ổn, chỉ hơi lâu một chút",2024-09-18 17:15
1428,1929,4,"Tốt, giá hơi cao",2026-01-12 16:50
1429,5633,5,Dịch vụ tốt sẽ quay lại,2025-09-17 02:37
1430,6626,4,,2025-03-20 20:38
1431,5925,4,,2024-11-29 01:24
1432,4360,5,Trả máy đúng hẹn,2026-01-11 00:02
1433,4389,4,Sửa được nhưng phải chờ linh kiện,2024-11-06 03:32
1434,4911,2,Gọi điện không ai nghe máy,2025-03-20 19:30
1435,2831,4,"Tốt, giá hơi cao",2024-11-09 23:26
1436,1458,4,Hài lòng nhưng chỗ ngồi chờ hơi chật,2026-07-26 21:37
1437,4450,5,,2024-12-03 03:34
1438,2010,5,,2025-01-15 18:25
1439,3914,5,Trả máy đúng hẹn,2026-04-20 09:06
1440,5307,4,,2026-03-23 19:54
1441,5801,5,"Nhân viên nhiệt tình, sửa nhanh",2025-07-16 18:27
1442,6115,5,"Nhân viên nhiệt tình, sửa nhanh",2026-02-25 22:46
1443,7268,4,Sửa được nhưng phải chờ linh kiện,2026-06-24 06:55
1444,868,5,,2024-11-02 23:20
1445,2614,1,Mất phụ kiện kèm theo máy,2025-02-25 20:02
1446,4830,4,"Tốt, giá hơi cao",2025-07-05 22:26
1447,6165,5,Dịch vụ tốt sẽ quay lại,2025-04-26 00:45
1448,2524,5,Kỹ thuật viên giải thích rõ ràng,2025-10-17 13:20
1449,1678,3,Chờ hơi lâu,2026-06-14 21:09
1450,3264,5,Dịch vụ tốt sẽ quay lại,2026-08-16 00:20
1451,7212,4,Sửa được nhưng phải chờ linh kiện,2025-11-28 09:45
1452,1564,4,"Ổn, chỉ hơi lâu một chút",2026-08-30 00:56
1453,4362,4,Sửa được nhưng phải chờ linh kiện,2024-09-19 03:21
1454,6891,4,Sửa được nhưng phải chờ linh kiện,2025-12-12 20:19
1455,5980,2,Nhân viên trả lời không rõ ràng,2025-09-29 17:24
1456,4879,2,Phải quay lại lần 2 mới xong,2024-09-02 23:52
1457,4804,1,,2025-06-07 19:32
1458,6886,3,Tạm được,2026-04-20 13:08
1459,2148,5,"Nhân viên nhiệt tình, sửa nhanh",2025-08-28 04:24
1460,6399,3,Bình thường,2026-06-13 23:46
1461,6113,2,Trả máy trễ hẹn 3 ngày,2025-04-16 02:20
1462,7729,5,,2026-04-12 12:10
1463,4895,5,"Nhân viên nhiệt tình, sửa nhanh",2025-11-03 00:22
1464,6296,5,"Nhân viên nhiệt tình, sửa nhanh",2025-02-06 00:42
1465,2638,4,"Tốt, giá hơi cao",2026-01-15 02:51
1466,4501,5,,2025-07-22 04:11
1467,900,5,,2024-11-22 00:29
1468,7311,5,"Nhân viên nhiệt tình, sửa nhanh",2025-08-12 14:20
1469,4243,5,Kỹ thuật viên giải thích rõ ràng,2025-05-23 15:29
1470,6603,3,Máy sửa xong nhưng vẫn hơi nóng,2026-05-28 00:49
1471,6175,5,"Nhân viên nhiệt tình, sửa nhanh",2026-01-27 18:38
1472,3141,4,Hài lòng nhưng chỗ ngồi chờ hơi chật,2026-03-17 22:44
1473,3559,5,"Rất hài lòng, máy chạy tốt lại",2026-02-13 12:11
1474,6346,5,,2025-11-02 20:44
1475,3796,4,Hài lòng nhưng chỗ ngồi chờ hơi chật,2025-01-25 13:08
1476,602,2,Trả máy trễ hẹn 3 ngày,2024-10-16 11:04
1477,2152,4,Sửa được nhưng phải chờ linh kiện,2024-12-29 22:13
1478,6774,1,Trễ hẹn cả tuần không ai báo,2025-07-05 05:49
1479,3799,5,Dịch vụ tốt sẽ quay lại,2026-06-22 10:36
1480,7401,5,Dịch vụ tốt sẽ quay lại,2026-01-20 16:42
1481,6169,5,Trả máy đúng hẹn,2026-01-01 18:18
1482,6404,3,Chờ hơi lâu,2024-12-04 22:34
1483,6020,5,,2025-03-14 08:12
1484,7685,5,,2026-07-18 03:31
1485,27,3,Bình thường,2026-05-06 23:44
1486,3064,4,"Tốt, giá hơi cao",2026-06-19 07:02
1487,7458,5,,2025-02-16 05:28
1488,4951,4,,2026-08-08 18:15
1489,378,5,Trả máy đúng hẹn,2024-09-06 18:55
1490,5505,5,Kỹ thuật viên giải thích rõ ràng,2026-04-24 21:23
1491,2795,5,,2024-10-19 13:00
1492,3758,3,Bình thường,2026-05-13 05:10
1493,1724,5,,2026-05-03 02:45
1494,653,5,Dịch vụ tốt sẽ quay lại,2024-11-14 13:45
1495,5627,2,Nhân viên trả lời không rõ ràng,2026-05-16 15:35
1496,662,5,"Rất hài lòng, máy chạy tốt lại",2025-05-10 05:24
1497,366,5,Kỹ thuật viên giải thích rõ ràng,2025-06-17 22:15
1498,7583,3,Bình thường,2026-04-19 02:05
1499,23,5,Trả máy đúng hẹn,2026-03-31 14:22
1500,4312,4,Hài lòng nhưng chỗ ngồi chờ hơi chật,2026-04-04 22:06
1501,5012,5,,2026-07-12 00:38
1502,3886,5,"Rất hài lòng, máy chạy tốt lại",2024-09-14 22:25
1503,1110,3,Tạm được,2026-06-05 10:12
1504,6595,3,Máy sửa xong nhưng vẫn hơi nóng,2025-08-03 04:35
1505,7659,4,Sửa được nhưng phải chờ linh kiện,2025-03-02 09:33
1506,2107,5,"Rất hài lòng, máy chạy tốt lại",2026-08-04 20:58
1507,2295,3,Chờ hơi lâu,2026-03-06 00:34
1508,6742,5,Kỹ thuật viên giải thích rõ ràng,2025-01-22 09:57
1509,2451,5,Kỹ thuật viên giải thích rõ ràng,2026-06-13 13:19
1510,7194,5,"Nhân viên nhiệt tình, sửa nhanh",2025-11-13 23:40
1511,7003,5,,2025-11-19 10:46
1512,4937,2,Trả máy trễ hẹn 3 ngày,2025-01-28 03:34
1513,5199,5,Kỹ thuật viên giải thích rõ ràng,2024-10-24 03:51
1514,4913,1,Thái độ nhân viên không tốt,2025-05-20 19:43
1515,5407,5,,2026-08-19 07:26
1516,434,4,,2026-06-05 10:55
1517,3152,4,Sửa được nhưng phải chờ linh kiện,2024-12-21 21:31
1518,459,5,Kỹ thuật viên giải thích rõ ràng,2025-09-07 15:13
1519,4067,4,"Ổn, chỉ hơi lâu một chút",2025-08-24 13:27
1520,2875,3,Bình thường,2025-05-05 22:15
1521,5403,4,"Tốt, giá hơi cao",2026-07-11 06:04
1522,146,5,"Nhân viên nhiệt tình, sửa nhanh",2026-01-02 22:57
1523,2624,4,Sửa được nhưng phải chờ linh kiện,2025-01-24 05:31
1524,4933,4,Hài lòng nhưng chỗ ngồi chờ hơi chật,2026-03-22 22:38
1525,6222,3,,2025-11-15 07:10
1526,5677,5,"Nhân viên nhiệt tình, sửa nhanh",2024-10-09 23:22
1527,5246,5,Kỹ thuật viên giải thích rõ ràng,2025-08-04 21:16
1528,2056,5,"Rất hài lòng, máy chạy tốt lại",2026-01-18 07:11
1529,3551,3,Tạm được,2024-09-26 07:11
1530,2298,1,Thái độ nhân viên không tốt,2026-04-11 18:46
1531,3445,2,Gọi điện không ai nghe máy,2025-05-17 04:42
1532,5094,4,Hài lòng nhưng chỗ ngồi chờ hơi chật,2026-03-28 21:43
1533,2829,5,,2026-04-20 01:01
1534,59,4,"Ổn, chỉ hơi lâu một chút",2025-03-06 11:01
1535,5951,4,,2026-06-16 04:19
1536,2248,2,Phải quay lại lần 2 mới xong,2024-10-02 10:33
1537,4683,4,Sửa được nhưng phải chờ linh kiện,2024-11-24 08:40
1538,830,3,Máy sửa xong nhưng vẫn hơi nóng,2025-11-09 22:13
1539,7363,4,Hài lòng nhưng chỗ ngồi chờ hơi chật,2025-08-20 01:29
1540,7091,3,Chờ hơi lâu,2026-06-01 10:07
1541,5645,4,Hài lòng nhưng chỗ ngồi chờ hơi chật,2024-12-02 21:31
1542,2780,1,Trễ hẹn cả tuần không ai báo,2025-03-04 09:17
1543,100,4,"Tốt, giá hơi cao",2025-12-21 22:40
1544,1874,4,"Tốt, giá hơi cao",2024-12-21 23:02
1545,3280,4,"Tốt, giá hơi cao",2026-02-10 17:35
1546,1517,5,Kỹ thuật viên giải thích rõ ràng,2026-05-20 17:27
1547,5043,5,"Rất hài lòng, máy chạy tốt lại",2025-12-02 06:00
1548,1671,5,Trả máy đúng hẹn,2026-06-03 20:56
1549,6771,2,Trả máy trễ hẹn 3 ngày,2025-06-21 00:02
1550,2376,5,Kỹ thuật viên giải thích rõ ràng,2025-06-26 01:57
1551,5597,1,Trễ hẹn cả tuần không ai báo,2025-01-15 07:36
1552,7042,5,,2024-09-24 09:46
1553,125,4,"Tốt, giá hơi cao",2026-06-11 18:04
1554,7678,5,Dịch vụ tốt sẽ quay lại,2026-01-13 07:53
1555,4976,4,"Ổn, chỉ hơi lâu một chút",2026-07-12 01:42
1556,5609,5,,2025-08-04 07:24
1557,3403,2,Phải quay lại lần 2 mới xong,2024-10-13 03:39
1558,6450,4,Sửa được nhưng phải chờ linh kiện,2025-09-21 15:53
1559,4339,4,"Ổn, chỉ hơi lâu một chút",2026-04-15 04:52
1560,6496,5,"Nhân viên nhiệt tình, sửa nhanh",2025-06-08 01:21
1561,3038,5,"Nhân viên nhiệt tình, sửa nhanh",2025-06-19 04:16
1562,5494,5,"Nhân viên nhiệt tình, sửa nhanh",2026-02-27 21:37
1563,4498,5,Trả máy đúng hẹn,2026-07-08 13:24
1564,4763,5,Dịch vụ tốt sẽ quay lại,2024-12-12 22:57
1565,4667,2,Nhân viên trả lời không rõ ràng,2025-08-18 05:04
1566,5742,4,Hài lòng nhưng chỗ ngồi chờ hơi chật,2025-04-28 20:18
1567,5759,5,,2025-02-08 11:34
1568,2474,5,,2026-07-19 23:26
1569,7177,4,"Ổn, chỉ hơi lâu một chút",2025-03-16 23:15
1570,3699,4,"Ổn, chỉ hơi lâu một chút",2025-10-21 02:34
1571,3329,5,Trả máy đúng hẹn,2024-12-13 04:17
1572,2850,4,"Ổn, chỉ hơi lâu một chút",2024-11-20 10:40
1573,6492,2,Nhân viên trả lời không rõ ràng,2025-07-04 13:24
1574,3233,5,"Rất hài lòng, máy chạy tốt lại",2025-05-05 16:02
1575,1613,4,Hài lòng nhưng chỗ ngồi chờ hơi chật,2024-12-24 13:39
1576,7203,3,Chờ hơi lâu,2025-06-25 03:18
1577,2112,4,"Tốt, giá hơi cao",2025-05-07 04:28
1578,6448,5,"Nhân viên nhiệt tình, sửa nhanh",2025-08-20 02:44
1579,1755,5,"Rất hài lòng, máy chạy tốt lại",2025-03-10 23:05
1580,4883,4,"Tốt, giá hơi cao",2025-12-08 04:30
1581,2344,5,"Nhân viên nhiệt tình, sửa nhanh",2025-03-18 19:45
1582,20,4,Hài lòng nhưng chỗ ngồi chờ hơi chật,2026-08-22 03:21
1583,7334,5,Kỹ thuật viên giải thích rõ ràng,2025-01-19 20:59
1584,2495,5,"Nhân viên nhiệt tình, sửa nhanh",2025-01-19 21:06
1585,3313,5,Trả máy đúng hẹn,2026-06-06 18:47
1586,5143,5,"Rất hài lòng, máy chạy tốt lại",2025-07-06 17:46
1587,5726,4,Sửa được nhưng phải chờ linh kiện,2025-02-04 04:56
1588,6825,5,,2025-06-11 22:24
1589,5985,5,"Rất hài lòng, máy chạy tốt lại",2025-05-03 19:45
1590,6139,3,,2024-10-09 14:08
1591,6490,4,Hài lòng nhưng chỗ ngồi chờ hơi chật,2026-07-17 22:20
1592,2440,3,Bình thường,2026-08-14 21:37
1593,3123,5,"Rất hài lòng, máy chạy tốt lại",2026-04-11 14:27
1594,6369,3,Bình thường,2026-04-23 20:08
1595,47,5,"Rất hài lòng, máy chạy tốt lại",2024-12-23 10:54
1596,6122,4,,2024-10-15 23:03
1597,883,5,Kỹ thuật viên giải thích rõ ràng,2025-04-16 01:13
1598,1626,5,"Rất hài lòng, máy chạy tốt lại",2026-04-10 00:41
1599,2019,5,"Rất hài lòng, máy chạy tốt lại",2026-03-22 23:05
1600,5463,2,Gọi điện không ai nghe máy,2024-10-06 22:08
1601,7045,1,,2025-06-24 01:21
1602,4550,5,,2025-02-27 04:29
1603,4440,3,,2024-11-29 13:59
1604,6658,4,"Tốt, giá hơi cao",2025-01-19 20:30
1605,6714,3,Máy sửa xong nhưng vẫn hơi nóng,2024-12-07 12:40
1606,6384,1,Trễ hẹn cả tuần không ai báo,2025-05-04 01:25
1607,6053,5,Kỹ thuật viên giải thích rõ ràng,2025-07-20 04:25
1608,271,3,Chờ hơi lâu,2026-07-15 08:16
1609,1213,4,"Ổn, chỉ hơi lâu một chút",2024-09-07 22:19
1610,2096,3,,2025-12-23 23:03
1611,1367,1,Thái độ nhân viên không tốt,2025-12-01 11:15
1612,7151,3,Bình thường,2025-12-22 06:23
1613,3778,3,,2025-01-17 00:05
1614,5362,5,,2026-07-03 05:23
1615,6265,5,,2025-04-21 12:29
1616,4375,1,,2024-10-02 06:26
1617,2872,5,"Nhân viên nhiệt tình, sửa nhanh",2026-04-19 14:20
1618,2958,3,Bình thường,2025-01-20 04:25
1619,7162,4,"Tốt, giá hơi cao",2026-08-20 15:31
1620,478,5,Trả máy đúng hẹn,2026-04-28 23:27
1621,5572,5,Dịch vụ tốt sẽ quay lại,2024-10-18 23:48
1622,6996,4,"Ổn, chỉ hơi lâu một chút",2025-02-07 22:54
1623,2608,5,,2025-04-22 13:28
1624,1707,4,"Tốt, giá hơi cao",2026-03-12 01:51
1625,3426,2,Nhân viên trả lời không rõ ràng,2026-01-29 08:52
1626,5079,3,Bình thường,2025-10-03 08:59
1627,5533,1,Mất phụ kiện kèm theo máy,2026-05-12 00:50
1628,3044,5,"Rất hài lòng, máy chạy tốt lại",2024-09-02 05:52
1629,2637,5,"Rất hài lòng, máy chạy tốt lại",2025-11-06 15:27
1630,1071,4,"Tốt, giá hơi cao",2025-02-23 01:32
1631,180,3,,2026-02-24 08:47
1632,1602,5,"Rất hài lòng, máy chạy tốt lại",2024-09-24 01:42
1633,7339,2,Phải quay lại lần 2 mới xong,2024-11-29 22:42
1634,3007,5,"Rất hài lòng, máy chạy tốt lại",2025-10-30 05:16
1635,1427,3,,2026-02-03 00:19
1636,4725,4,,2025-05-21 12:19
1637,4983,5,,2026-04-16 04:54
1638,816,5,Dịch vụ tốt sẽ quay lại,2025-02-14 15:33
1639,2399,1,Trễ hẹn cả tuần không ai báo,2026-04-24 13:04
1640,4771,5,"Rất hài lòng, máy chạy tốt lại",2024-12-13 01:07
1641,7338,4,,2024-11-02 08:41
1642,1261,2,Gọi điện không ai nghe máy,2025-10-19 21:43
1643,4039,3,Máy sửa xong nhưng vẫn hơi nóng,2026-02-09 09:41
1644,5910,4,,2025-03-15 23:40
1645,4022,2,Trả máy trễ hẹn 3 ngày,2025-11-24 19:20
1646,7728,4,,2024-12-03 03:57
1647,4590,5,Trả máy đúng hẹn,2026-08-20 10:58
1648,4032,3,Bình thường,2026-07-04 16:22
1649,1761,4,"Ổn, chỉ hơi lâu một chút",2025-08-06 06:52
1650,645,4,Sửa được nhưng phải chờ linh kiện,2025-07-21 01:49
1651,5042,5,Dịch vụ tốt sẽ quay lại,2024-11-20 15:56
1652,6468,5,,2026-07-24 10:00
1653,3800,3,,2025-05-28 18:44
1654,1642,5,Kỹ thuật viên giải thích rõ ràng,2026-01-17 06:40
1655,4050,5,Trả máy đúng hẹn,2025-12-31 13:43
1656,6358,2,Phải quay lại lần 2 mới xong,2025-08-17 06:17
1657,2998,4,Hài lòng nhưng chỗ ngồi chờ hơi chật,2024-10-07 01:44
1658,3120,4,Hài lòng nhưng chỗ ngồi chờ hơi chật,2026-07-13 15:01
1659,6217,5,Dịch vụ tốt sẽ quay lại,2024-10-07 18:57
1660,3133,4,Sửa được nhưng phải chờ linh kiện,2025-07-26 13:09
1661,4446,4,,2026-02-13 06:07
1662,4118,4,Hài lòng nhưng chỗ ngồi chờ hơi chật,2024-09-19 01:45
1663,6000,5,Trả máy đúng hẹn,2025-05-03 09:42
1664,6999,5,Dịch vụ tốt sẽ quay lại,2025-02-08 08:40
1665,7490,3,Tạm được,2026-07-13 17:31
1666,713,3,Bình thường,2025-04-30 11:08
1667,1765,4,Hài lòng nhưng chỗ ngồi chờ hơi chật,2025-01-20 05:03
1668,2442,4,"Tốt, giá hơi cao",2025-06-29 14:01
1669,173,4,"Ổn, chỉ hơi lâu một chút",2024-12-21 18:17
1670,588,5,"Nhân viên nhiệt tình, sửa nhanh",2026-01-13 00:44
1671,3550,4,Hài lòng nhưng chỗ ngồi chờ hơi chật,2024-09-30 04:07
1672,794,5,"Nhân viên nhiệt tình, sửa nhanh",2025-09-12 23:02
1673,6453,2,,2026-02-04 04:50
1674,1856,5,"Rất hài lòng, máy chạy tốt lại",2025-02-28 10:06
1675,5818,5,,2025-07-13 05:14
1676,7434,1,Trễ hẹn cả tuần không ai báo,2025-09-18 05:11
1677,3525,4,Sửa được nhưng phải chờ linh kiện,2025-06-06 16:22
1678,1455,3,Tạm được,2025-12-23 07:30
1679,294,5,Kỹ thuật viên giải thích rõ ràng,2026-08-10 12:15
1680,2255,5,"Rất hài lòng, máy chạy tốt lại",2026-06-02 02:33
1681,5762,3,Tạm được,2025-07-19 05:18
1682,6751,3,Máy sửa xong nhưng vẫn hơi nóng,2026-05-29 23:06
1683,2670,1,Thái độ nhân viên không tốt,2026-03-17 19:58
1684,6089,5,Trả máy đúng hẹn,2026-03-08 04:45
1685,3483,1,Thái độ nhân viên không tốt,2025-04-20 20:03
1686,2123,4,"Tốt, giá hơi cao",2026-02-05 22:15
1687,5932,4,,2026-06-18 20:48
1688,4374,4,"Tốt, giá hơi cao",2024-11-15 03:43
1689,6066,5,Kỹ thuật viên giải thích rõ ràng,2024-12-17 05:34
1690,4614,4,"Tốt, giá hơi cao",2025-10-29 12:38
1691,2796,5,Dịch vụ tốt sẽ quay lại,2025-04-11 22:59
1692,7721,5,,2026-01-23 04:30
1693,7634,1,Trễ hẹn cả tuần không ai báo,2025-06-06 12:37
1694,1848,4,,2024-09-05 21:27
1695,2401,3,Máy sửa xong nhưng vẫn hơi nóng,2025-02-20 18:30
1696,6794,5,"Nhân viên nhiệt tình, sửa nhanh",2026-03-14 02:58
1697,774,5,,2025-03-23 18:27
1698,362,5,Trả máy đúng hẹn,2025-12-03 19:44
1699,2476,1,Trễ hẹn cả tuần không ai báo,2024-11-23 05:36
1700,2209,5,Dịch vụ tốt sẽ quay lại,2026-06-20 13:26
1701,819,4,,2026-08-27 03:53
1702,219,5,,2025-01-20 10:11
1703,1720,1,,2024-12-29 04:25
1704,5582,4,,2025-09-30 06:50
1705,6528,3,Bình thường,2025-12-20 07:23
1706,7078,1,Trễ hẹn cả tuần không ai báo,2026-02-27 18:33
1707,6028,4,,2024-12-02 14:20
1708,1798,5,Kỹ thuật viên giải thích rõ ràng,2025-01-24 18:27
1709,534,5,Dịch vụ tốt sẽ quay lại,2025-03-18 05:14
1710,2951,3,,2025-06-28 23:38
1711,2064,5,Kỹ thuật viên giải thích rõ ràng,2026-07-11 18:31
1712,3729,4,Hài lòng nhưng chỗ ngồi chờ hơi chật,2025-06-13 08:15
1713,1048,4,"Tốt, giá hơi cao",2026-07-31 01:49
1714,7706,1,Sửa xong vẫn bị lỗi cũ,2025-06-30 08:40
1715,5789,3,Chờ hơi lâu,2025-01-09 01:07
1716,2667,3,,2025-11-05 22:57
1717,5936,5,"Nhân viên nhiệt tình, sửa nhanh",2026-05-06 10:43
1718,7270,1,Mất phụ kiện kèm theo máy,2025-11-01 23:17
1719,1432,1,Sửa xong vẫn bị lỗi cũ,2025-11-29 20:40
1720,5206,3,Máy sửa xong nhưng vẫn hơi nóng,2025-03-08 15:46
1721,7788,5,Kỹ thuật viên giải thích rõ ràng,2025-12-14 04:04
1722,5557,5,Trả máy đúng hẹn,2024-11-27 06:19
1723,4971,5,Dịch vụ tốt sẽ quay lại,2026-01-13 13:01
1724,4702,3,Máy sửa xong nhưng vẫn hơi nóng,2025-12-06 00:02
1725,4565,3,,2024-11-02 08:10
1726,805,2,Phải quay lại lần 2 mới xong,2025-02-19 23:14
1727,48,5,"Rất hài lòng, máy chạy tốt lại",2026-08-26 06:09
1728,3661,4,,2025-11-18 11:56
1729,4729,5,,2025-02-21 18:57
1730,6320,1,Trễ hẹn cả tuần không ai báo,2026-01-30 01:57
1731,6208,5,"Nhân viên nhiệt tình, sửa nhanh",2025-05-11 15:57
1732,7537,3,Máy sửa xong nhưng vẫn hơi nóng,2026-01-21 18:53
1733,7224,5,Dịch vụ tốt sẽ quay lại,2025-09-14 19:44
1734,866,2,Trả máy trễ hẹn 3 ngày,2026-02-04 18:55
1735,6819,5,"Nhân viên nhiệt tình, sửa nhanh",2025-05-09 05:29
1736,1369,5,Trả máy đúng hẹn,2024-11-24 21:01
1737,1462,3,,2025-02-22 02:42
1738,6050,4,"Tốt, giá hơi cao",2025-04-06 01:35
1739,6395,3,,2025-10-26 00:00
1740,7006,2,Trả máy trễ hẹn 3 ngày,2026-08-08 01:04
1741,4886,5,Dịch vụ tốt sẽ quay lại,2025-01-20 09:29
1742,7649,3,Máy sửa xong nhưng vẫn hơi nóng,2025-05-06 09:21
1743,4704,5,"Nhân viên nhiệt tình, sửa nhanh",2026-05-31 02:29
1744,5187,5,,2024-11-10 19:33
1745,389,4,Sửa được nhưng phải chờ linh kiện,2025-01-22 04:59
1746,1225,3,Máy sửa xong nhưng vẫn hơi nóng,2025-06-17 03:30
1747,2540,5,"Nhân viên nhiệt tình, sửa nhanh",2026-01-16 22:39
1748,7664,5,"Nhân viên nhiệt tình, sửa nhanh",2025-03-01 03:43
1749,5947,4,Hài lòng nhưng chỗ ngồi chờ hơi chật,2024-09-13 08:14
1750,3530,3,Chờ hơi lâu,2025-06-21 01:51
1751,5050,4,"Ổn, chỉ hơi lâu một chút",2026-07-30 08:41
1752,6254,5,Trả máy đúng hẹn,2025-08-01 00:42
1753,5541,5,Dịch vụ tốt sẽ quay lại,2026-04-21 14:14
1754,5421,1,Mất phụ kiện kèm theo máy,2025-03-07 11:39
1755,641,2,,2025-05-02 03:15
1756,4240,4,,2025-12-11 23:37
1757,1407,4,,2025-04-09 23:40
1758,4104,5,,2025-01-19 00:25
1759,5155,4,Hài lòng nhưng chỗ ngồi chờ hơi chật,2026-03-22 12:06
1760,2080,5,,2026-08-29 21:27
1761,5167,5,Kỹ thuật viên giải thích rõ ràng,2025-01-27 14:58
1762,5583,4,"Tốt, giá hơi cao",2025-09-02 06:40
1763,1058,3,Bình thường,2025-06-28 06:07
1764,4924,3,Tạm được,2025-07-03 10:46
1765,7285,5,Trả máy đúng hẹn,2024-09-06 03:39
1766,6018,5,Trả máy đúng hẹn,2026-05-26 07:23
1767,1557,5,"Nhân viên nhiệt tình, sửa nhanh",2026-08-17 14:07
1768,1436,4,"Tốt, giá hơi cao",2025-04-07 08:01
1769,6480,5,Dịch vụ tốt sẽ quay lại,2026-07-11 17:37
1770,2337,5,Kỹ thuật viên giải thích rõ ràng,2025-10-08 16:55
1771,6646,4,"Tốt, giá hơi cao",2025-11-18 16:37
1772,6861,5,,2025-03-03 01:17
1773,4735,4,,2025-04-23 05:59
1774,3907,4,,2025-01-15 01:21
1775,78,4,,2026-01-12 15:50
1776,6516,3,Tạm được,2025-06-27 14:39
1777,3189,5,Dịch vụ tốt sẽ quay lại,2025-12-18 05:53
1778,5401,4,,2024-12-26 14:25
1779,1357,4,"Ổn, chỉ hơi lâu một chút",2026-01-09 22:07
1780,6524,5,"Rất hài lòng, máy chạy tốt lại",2026-01-02 04:49
1781,5989,5,,2026-07-28 00:29
1782,827,4,"Ổn, chỉ hơi lâu một chút",2024-12-13 23:42
1783,349,2,Gọi điện không ai nghe máy,2026-04-05 07:03
1784,2769,5,Dịch vụ tốt sẽ quay lại,2025-09-03 06:26
1785,759,4,Sửa được nhưng phải chờ linh kiện,2025-02-08 10:44
1786,11,5,"Rất hài lòng, máy chạy tốt lại",2025-10-08 22:49
1787,6913,4,Hài lòng nhưng chỗ ngồi chờ hơi chật,2025-10-15 00:04
1788,1919,5,Kỹ thuật viên giải thích rõ ràng,2025-11-16 03:06
1789,2179,4,"Ổn, chỉ hơi lâu một chút",2026-05-14 11:45
1790,4528,4,Hài lòng nhưng chỗ ngồi chờ hơi chật,2025-05-25 08:09
1791,3066,3,,2025-12-16 01:08
1792,2279,5,Kỹ thuật viên giải thích rõ ràng,2026-03-28 21:27
1793,3560,4,,2024-11-27 03:44
1794,2591,3,Tạm được,2026-09-02 19:31
1795,1241,3,Máy sửa xong nhưng vẫn hơi nóng,2026-05-24 01:52
1796,7064,5,,2026-04-04 04:45
1797,5854,5,,2025-04-03 08:09
1798,2309,5,Dịch vụ tốt sẽ quay lại,2026-01-15 00:24
1799,2017,3,Tạm được,2026-04-16 08:27
1800,1669,5,"Nhân viên nhiệt tình, sửa nhanh",2024-09-13 03:21
1801,1622,5,,2025-04-19 23:43
1802,2653,4,Hài lòng nhưng chỗ ngồi chờ hơi chật,2026-03-01 15:01
1803,2510,2,,2025-02-06 08:05
1804,3703,5,"Nhân viên nhiệt tình, sửa nhanh",2024-10-19 05:53
1805,5808,4,,2024-10-22 04:03
1806,507,4,,2026-07-21 09:17
1807,1731,4,Sửa được nhưng phải chờ linh kiện,2026-06-02 00:22
1808,3357,2,Nhân viên trả lời không rõ ràng,2025-11-18 09:09
1809,5001,5,"Rất hài lòng, máy chạy tốt lại",2025-05-03 05:50
1810,7502,3,,2026-05-15 09:40
1811,156,5,,2026-06-03 22:46
1812,5670,3,Chờ hơi lâu,2026-03-02 17:23
1813,5299,5,Kỹ thuật viên giải thích rõ ràng,2025-01-10 00:12
1814,7135,4,Hài lòng nhưng chỗ ngồi chờ hơi chật,2025-12-24 17:59
1815,3637,4,,2026-04-29 15:56
1816,4575,2,Phải quay lại lần 2 mới xong,2025-02-22 05:43
1817,2093,3,Tạm được,2025-10-21 21:54
1818,6623,4,Hài lòng nhưng chỗ ngồi chờ hơi chật,2026-04-09 16:50
1819,5605,5,"Rất hài lòng, máy chạy tốt lại",2025-08-24 11:05
1820,7048,5,"Rất hài lòng, máy chạy tốt lại",2026-08-16 03:30
1821,6546,5,,2026-02-23 11:34
1822,7533,4,Hài lòng nhưng chỗ ngồi chờ hơi chật,2025-06-04 04:23
1823,3702,4,,2024-09-12 19:32
1824,104,5,Dịch vụ tốt sẽ quay lại,2026-09-05 10:29
1825,1036,3,Chờ hơi lâu,2025-05-09 08:49
1826,1474,1,Mất phụ kiện kèm theo máy,2024-11-30 05:39
1827,1255,4,Sửa được nhưng phải chờ linh kiện,2025-01-22 09:39
1828,802,5,,2026-08-15 13:49
1829,3161,5,Kỹ thuật viên giải thích rõ ràng,2026-08-08 01:08
1830,7047,4,"Ổn, chỉ hơi lâu một chút",2025-10-22 06:40
1831,835,5,"Nhân viên nhiệt tình, sửa nhanh",2024-11-17 22:23
1832,2076,4,"Ổn, chỉ hơi lâu một chút",2025-02-20 03:23
1833,842,3,Bình thường,2026-08-24 21:26
1834,4828,2,,2025-02-16 19:16
1835,4664,4,Sửa được nhưng phải chờ linh kiện,2025-12-16 22:02
1836,1767,5,Kỹ thuật viên giải thích rõ ràng,2026-08-08 14:27
1837,6638,4,"Tốt, giá hơi cao",2026-09-03 01:38
1838,1425,5,,2025-03-21 00:43
1839,7708,5,,2025-01-18 05:18
1840,919,5,"Rất hài lòng, máy chạy tốt lại",2026-04-10 19:59
1841,2226,4,"Ổn, chỉ hơi lâu một chút",2025-04-13 18:37
1842,7707,4,Sửa được nhưng phải chờ linh kiện,2026-08-30 00:20
1843,3135,5,Kỹ thuật viên giải thích rõ ràng,2024-11-24 15:39
1844,1142,5,Trả máy đúng hẹn,2026-03-15 04:38
1845,1351,3,Chờ hơi lâu,2026-04-14 17:26
1846,1991,5,"Rất hài lòng, máy chạy tốt lại",2026-03-24 15:21
1847,3741,2,,2025-11-18 04:43
1848,3578,4,,2026-07-19 09:22
1849,5302,3,Bình thường,2026-03-21 06:52
1850,3381,5,Dịch vụ tốt sẽ quay lại,2025-02-26 11:32
1851,3697,3,Bình thường,2024-10-22 07:01
1852,629,2,,2025-05-13 20:13
1853,5585,3,Chờ hơi lâu,2026-03-20 04:17
1854,5378,4,,2024-10-28 12:32
1855,5301,4,Sửa được nhưng phải chờ linh kiện,2025-07-09 05:22
1856,3877,3,,2026-05-08 04:44
1857,6627,5,Trả máy đúng hẹn,2024-12-28 17:41
1858,3904,2,Trả máy trễ hẹn 3 ngày,2024-12-22 09:02
1859,3998,5,Kỹ thuật viên giải thích rõ ràng,2025-11-03 15:53
1860,5566,3,,2025-05-13 20:34
1861,6570,5,Dịch vụ tốt sẽ quay lại,2025-06-13 23:46
1862,5004,3,Tạm được,2025-05-30 02:24
1863,1774,2,Trả máy trễ hẹn 3 ngày,2026-05-28 00:39
1864,3099,1,,2026-01-11 18:17
1865,4046,2,Gọi điện không ai nghe máy,2025-03-01 21:54
1866,709,5,Trả máy đúng hẹn,2026-03-31 19:57
1867,1744,3,Chờ hơi lâu,2025-06-21 00:02
1868,1939,5,Kỹ thuật viên giải thích rõ ràng,2025-05-06 00:03
1869,7208,5,"Rất hài lòng, máy chạy tốt lại",2025-07-17 16:21
1870,2475,3,Tạm được,2024-11-03 01:09
1871,2602,3,Bình thường,2026-07-23 22:06
1872,7228,5,Trả máy đúng hẹn,2025-11-24 06:14
1873,3421,5,,2025-01-01 22:59
1874,7687,4,,2025-04-30 20:52
1875,2460,4,Sửa được nhưng phải chờ linh kiện,2024-10-14 19:59
1876,7675,4,Hài lòng nhưng chỗ ngồi chờ hơi chật,2025-10-15 01:47
1877,4465,4,Hài lòng nhưng chỗ ngồi chờ hơi chật,2026-08-23 18:59
1878,2925,5,Kỹ thuật viên giải thích rõ ràng,2026-08-19 20:52
1879,792,5,,2025-06-12 01:42
1880,6820,4,,2026-08-04 23:48
1881,3802,4,"Ổn, chỉ hơi lâu một chút",2025-03-30 10:51
1882,3430,4,"Ổn, chỉ hơi lâu một chút",2025-04-18 04:28
1883,1923,5,Trả máy đúng hẹn,2026-04-09 14:56
1884,1363,5,,2026-02-04 13:57
1885,5045,4,Sửa được nhưng phải chờ linh kiện,2026-06-22 19:45
1886,4045,4,,2025-07-17 21:44
1887,5349,5,Dịch vụ tốt sẽ quay lại,2025-04-17 10:58
1888,1752,4,Hài lòng nhưng chỗ ngồi chờ hơi chật,2025-08-05 07:46
1889,2765,5,Dịch vụ tốt sẽ quay lại,2026-04-24 05:32
1890,4397,5,Trả máy đúng hẹn,2026-05-03 19:31
1891,3971,5,"Rất hài lòng, máy chạy tốt lại",2025-05-14 03:39
1892,3615,2,Gọi điện không ai nghe máy,2024-12-31 21:33
1893,1895,5,"Rất hài lòng, máy chạy tốt lại",2024-11-28 13:51
1894,7315,1,Trễ hẹn cả tuần không ai báo,2025-03-20 23:46
1895,7604,4,Hài lòng nhưng chỗ ngồi chờ hơi chật,2026-08-10 20:27
1896,870,4,,2024-12-09 00:50
1897,7722,5,Dịch vụ tốt sẽ quay lại,2026-08-25 06:06
1898,6002,5,,2024-12-06 09:48
1899,6347,1,Mất phụ kiện kèm theo máy,2025-02-20 17:12
1900,1897,1,Mất phụ kiện kèm theo máy,2025-01-13 09:08
1901,4701,5,Trả máy đúng hẹn,2025-11-16 19:22
1902,2809,5,,2026-03-06 02:44
1903,4882,5,Dịch vụ tốt sẽ quay lại,2025-12-13 08:08
1904,6131,5,,2025-03-20 06:41
1905,2844,5,Dịch vụ tốt sẽ quay lại,2025-02-20 01:18
1906,1754,5,"Nhân viên nhiệt tình, sửa nhanh",2026-01-06 20:52
1907,7414,4,Hài lòng nhưng chỗ ngồi chờ hơi chật,2025-01-26 08:44
1908,323,4,Sửa được nhưng phải chờ linh kiện,2026-01-27 22:49
1909,2391,5,"Nhân viên nhiệt tình, sửa nhanh",2026-05-26 23:24
1910,190,4,"Tốt, giá hơi cao",2025-12-01 06:03
1911,5499,4,"Ổn, chỉ hơi lâu một chút",2024-10-18 19:46
1912,4581,5,Trả máy đúng hẹn,2025-07-04 06:48
1913,91,5,,2025-01-14 10:22
1914,7181,2,Nhân viên trả lời không rõ ràng,2026-06-08 21:04
1915,4628,4,Sửa được nhưng phải chờ linh kiện,2026-04-26 19:33
1916,7081,2,Nhân viên trả lời không rõ ràng,2025-09-20 12:42
1917,6927,5,,2025-01-06 08:05
1918,4617,4,Sửa được nhưng phải chờ linh kiện,2026-05-02 04:07
1919,1747,5,,2025-04-19 03:39
1920,2303,5,Dịch vụ tốt sẽ quay lại,2026-01-14 06:32
1921,5652,5,"Nhân viên nhiệt tình, sửa nhanh",2026-08-03 14:06
1922,2095,3,Chờ hơi lâu,2026-05-09 10:06
1923,5823,5,Dịch vụ tốt sẽ quay lại,2025-06-08 09:10
1924,7299,5,"Rất hài lòng, máy chạy tốt lại",2025-12-12 20:52
1925,4985,2,Gọi điện không ai nghe máy,2025-01-19 23:06
1926,4125,2,Phải quay lại lần 2 mới xong,2025-07-30 05:47
1927,6901,4,,2024-11-20 11:42
1928,1080,4,,2024-11-03 02:45
1929,2904,5,Trả máy đúng hẹn,2025-07-21 20:31
1930,364,1,Thái độ nhân viên không tốt,2026-06-22 17:06
1931,6097,3,Chờ hơi lâu,2025-07-05 15:02
1932,624,5,"Nhân viên nhiệt tình, sửa nhanh",2026-02-01 04:39
1933,240,5,Trả máy đúng hẹn,2025-07-27 00:43
1934,5773,4,Hài lòng nhưng chỗ ngồi chờ hơi chật,2024-09-08 17:00
1935,5729,5,,2026-05-06 10:19
1936,1800,1,Mất phụ kiện kèm theo máy,2025-12-25 21:52
1937,451,4,,2026-04-02 01:26
1938,3490,4,,2024-10-02 12:46
1939,6990,5,Dịch vụ tốt sẽ quay lại,2026-08-28 07:38
1940,280,4,,2025-08-01 01:23
1941,7393,4,,2026-07-07 00:08
1942,1539,5,"Rất hài lòng, máy chạy tốt lại",2025-05-07 07:10
1943,5410,3,,2025-09-04 01:37
1944,246,4,Sửa được nhưng phải chờ linh kiện,2025-04-18 09:37
1945,6604,4,"Tốt, giá hơi cao",2026-05-15 00:28
1946,6797,2,Trả máy trễ hẹn 3 ngày,2024-12-17 21:40
1947,2661,5,,2025-06-03 22:38
1948,7459,2,Trả máy trễ hẹn 3 ngày,2026-08-28 09:03
1949,1880,5,Dịch vụ tốt sẽ quay lại,2025-11-09 15:21
1950,4247,4,"Ổn, chỉ hơi lâu một chút",2026-07-04 03:05
1951,1398,4,Hài lòng nhưng chỗ ngồi chờ hơi chật,2025-03-17 02:30
1952,4102,5,,2025-01-29 11:19
1953,1851,3,Chờ hơi lâu,2026-02-28 18:53
1954,2445,4,Sửa được nhưng phải chờ linh kiện,2026-05-01 03:31
1955,4970,2,Gọi điện không ai nghe máy,2026-05-05 03:56
1956,6071,4,"Ổn, chỉ hơi lâu một chút",2025-08-26 08:22
1957,4706,5,"Nhân viên nhiệt tình, sửa nhanh",2024-09-22 20:10
1958,2028,3,,2026-07-20 22:51
1959,2466,5,Kỹ thuật viên giải thích rõ ràng,2025-07-24 23:06
1960,2143,5,,2025-03-09 10:02
1961,4124,4,,2025-05-03 03:01
1962,6538,5,,2025-08-25 09:07
1963,6158,2,Nhân viên trả lời không rõ ràng,2024-12-31 02:59
1964,4317,2,Phải quay lại lần 2 mới xong,2025-02-26 05:16
1965,5507,3,Chờ hơi lâu,2025-09-15 03:05
1966,6385,5,,2026-08-20 05:19
1967,2330,4,"Ổn, chỉ hơi lâu một chút",2025-09-16 19:38
1968,2834,4,Hài lòng nhưng chỗ ngồi chờ hơi chật,2026-08-31 02:30
1969,3295,3,Bình thường,2026-08-15 16:02
1970,7498,5,Kỹ thuật viên giải thích rõ ràng,2025-01-21 19:58
1971,5646,5,Dịch vụ tốt sẽ quay lại,2026-06-28 23:31
1972,4415,5,Kỹ thuật viên giải thích rõ ràng,2025-10-14 00:04
1973,189,5,Trả máy đúng hẹn,2025-06-26 09:42
1974,785,5,Trả máy đúng hẹn,2025-10-16 04:14
1975,5058,5,Dịch vụ tốt sẽ quay lại,2025-11-14 02:58
1976,4400,2,,2025-02-22 07:08
1977,2530,5,"Rất hài lòng, máy chạy tốt lại",2026-03-15 23:08
1978,3423,5,Dịch vụ tốt sẽ quay lại,2024-10-05 02:15
1979,2351,4,Sửa được nhưng phải chờ linh kiện,2026-08-07 08:32
1980,1374,5,Dịch vụ tốt sẽ quay lại,2025-07-10 11:25
1981,2124,5,"Rất hài lòng, máy chạy tốt lại",2025-10-05 01:25
1982,196,4,"Ổn, chỉ hơi lâu một chút",2025-07-07 05:10
1983,1632,2,Gọi điện không ai nghe máy,2024-09-29 03:07
1984,1979,5,,2025-04-09 23:02
1985,6332,5,,2026-01-08 13:40
1986,2315,3,Máy sửa xong nhưng vẫn hơi nóng,2025-09-09 19:34
1987,4595,2,Phải quay lại lần 2 mới xong,2026-03-17 03:55
1988,6954,5,Dịch vụ tốt sẽ quay lại,2025-04-02 06:43
1989,1748,4,Hài lòng nhưng chỗ ngồi chờ hơi chật,2025-01-11 04:20
1990,5641,5,"Nhân viên nhiệt tình, sửa nhanh",2025-01-28 10:38
1991,4630,5,,2024-11-13 02:55
1992,6885,5,Kỹ thuật viên giải thích rõ ràng,2026-09-05 03:17
1993,6106,5,"Nhân viên nhiệt tình, sửa nhanh",2025-12-28 20:46
1994,4696,4,Hài lòng nhưng chỗ ngồi chờ hơi chật,2026-08-17 20:11
1995,6878,3,Bình thường,2024-12-02 18:14
1996,6465,5,Dịch vụ tốt sẽ quay lại,2026-02-15 19:56
1997,6015,5,,2026-03-11 04:20
1998,3572,5,,2024-12-09 16:43
1999,7509,4,"Tốt, giá hơi cao",2025-09-09 00:16
2000,2486,4,Sửa được nhưng phải chờ linh kiện,2025-03-26 07:42
2001,5867,5,Trả máy đúng hẹn,2025-03-03 17:52
2002,5478,1,Mất phụ kiện kèm theo máy,2025-09-19 00:39
2003,7760,5,Trả máy đúng hẹn,2025-11-13 18:43
2004,6624,5,Trả máy đúng hẹn,2026-07-07 11:23
2005,5090,5,,2025-08-21 10:29
2006,1175,4,"Tốt, giá hơi cao",2025-07-20 08:17
2007,5990,4,,2025-06-30 01:00
2008,6904,3,Tạm được,2026-07-17 17:35
2009,2581,3,Máy sửa xong nhưng vẫn hơi nóng,2026-06-30 04:03
2010,3593,1,,2025-02-01 23:14
2011,5444,5,,2026-05-11 13:05
2012,1829,5,"Rất hài lòng, máy chạy tốt lại",2025-10-17 03:12
2013,3323,5,,2024-12-10 02:38
2014,7547,5,Kỹ thuật viên giải thích rõ ràng,2025-01-10 20:29
2015,5886,5,Trả máy đúng hẹn,2025-06-23 09:01
2016,575,4,"Tốt, giá hơi cao",2025-02-23 14:47
2017,6035,5,"Rất hài lòng, máy chạy tốt lại",2025-06-20 09:01
2018,4827,4,,2025-03-19 00:15
2019,5885,4,Hài lòng nhưng chỗ ngồi chờ hơi chật,2025-05-23 01:33
2020,1617,2,Trả máy trễ hẹn 3 ngày,2024-10-19 00:03
2021,3029,5,"Rất hài lòng, máy chạy tốt lại",2025-08-14 07:14
2022,3989,5,,2026-08-18 02:29
2023,3708,1,Mất phụ kiện kèm theo máy,2025-07-22 01:25
2024,2766,5,"Nhân viên nhiệt tình, sửa nhanh",2026-04-01 03:14
2025,4744,4,,2025-06-16 06:43
2026,5920,5,,2025-07-23 12:05
2027,1589,5,,2026-08-02 18:24
2028,679,5,Dịch vụ tốt sẽ quay lại,2024-12-12 12:03
2029,379,5,"Nhân viên nhiệt tình, sửa nhanh",2026-06-27 13:57
2030,2908,4,Hài lòng nhưng chỗ ngồi chờ hơi chật,2025-12-26 18:31
2031,7648,4,"Tốt, giá hơi cao",2026-07-25 01:53
2032,480,5,Trả máy đúng hẹn,2026-03-01 08:18
2033,642,4,Hài lòng nhưng chỗ ngồi chờ hơi chật,2025-09-18 10:24
2034,521,3,Chờ hơi lâu,2026-02-27 15:05
2035,3081,5,,2024-10-19 07:13
2036,390,2,Nhân viên trả lời không rõ ràng,2025-02-02 08:23
2037,6791,4,Hài lòng nhưng chỗ ngồi chờ hơi chật,2025-04-19 05:43
2038,6409,5,Trả máy đúng hẹn,2025-03-07 14:46
2039,1473,5,Dịch vụ tốt sẽ quay lại,2025-12-30 02:05
2040,1989,5,"Rất hài lòng, máy chạy tốt lại",2025-11-19 04:11
2041,3603,3,Chờ hơi lâu,2026-05-13 15:34
2042,2578,5,Kỹ thuật viên giải thích rõ ràng,2026-01-04 07:27
2043,7617,5,,2024-11-14 05:25
2044,142,5,"Nhân viên nhiệt tình, sửa nhanh",2025-12-31 21:15
2045,239,3,Bình thường,2024-11-05 18:05
2046,7643,4,,2024-11-21 02:40
2047,3258,4,Sửa được nhưng phải chờ linh kiện,2026-07-12 03:24
2048,4269,5,"Nhân viên nhiệt tình, sửa nhanh",2026-06-26 13:08
2049,2978,3,Tạm được,2026-08-06 17:53
2050,4738,2,,2025-03-18 04:06
2051,1705,5,"Nhân viên nhiệt tình, sửa nhanh",2025-11-25 00:56
2052,3987,5,Dịch vụ tốt sẽ quay lại,2025-04-22 05:30
2053,5909,5,Kỹ thuật viên giải thích rõ ràng,2025-09-28 07:05
2054,7137,5,"Rất hài lòng, máy chạy tốt lại",2026-02-06 03:57
2055,806,5,"Rất hài lòng, máy chạy tốt lại",2026-02-08 21:27
2056,5346,5,"Rất hài lòng, máy chạy tốt lại",2026-01-05 06:45
2057,3888,4,Sửa được nhưng phải chờ linh kiện,2026-07-16 19:55
2058,4255,2,Nhân viên trả lời không rõ ràng,2025-07-05 21:33
2059,669,5,,2025-06-02 06:47
2060,2874,5,,2025-08-13 16:50
2061,3269,5,,2026-02-14 23:37
2062,7732,5,"Nhân viên nhiệt tình, sửa nhanh",2024-10-03 01:53
2063,5135,2,Trả máy trễ hẹn 3 ngày,2026-02-25 01:10
2064,4690,4,"Tốt, giá hơi cao",2026-05-01 20:07
2065,7280,1,,2026-01-16 16:40
2066,3775,4,,2025-12-22 04:34
2067,2513,3,Tạm được,2026-01-11 08:09
2068,6219,2,Phải quay lại lần 2 mới xong,2025-07-04 23:57
2069,3119,4,"Tốt, giá hơi cao",2024-09-15 21:06
2070,1969,4,,2025-08-29 01:47
2071,5655,4,Sửa được nhưng phải chờ linh kiện,2026-02-09 06:15
2072,2840,4,"Tốt, giá hơi cao",2026-05-08 03:13
2073,7763,5,"Rất hài lòng, máy chạy tốt lại",2025-12-11 03:25
2074,6198,3,Máy sửa xong nhưng vẫn hơi nóng,2025-07-22 10:34
2075,1390,5,Kỹ thuật viên giải thích rõ ràng,2026-06-02 23:38
2076,4443,2,Nhân viên trả lời không rõ ràng,2026-02-13 00:55
2077,3567,4,"Ổn, chỉ hơi lâu một chút",2024-09-04 20:29
2078,4672,5,,2025-11-05 23:09
2079,5578,4,"Ổn, chỉ hơi lâu một chút",2025-05-13 08:21
2080,243,5,"Rất hài lòng, máy chạy tốt lại",2026-05-18 00:36
2081,7515,4,Sửa được nhưng phải chờ linh kiện,2026-08-30 09:03
2082,770,4,,2025-06-30 09:10
2083,3607,4,"Ổn, chỉ hơi lâu một chút",2024-09-16 04:56
2084,5562,1,,2026-02-06 08:02
2085,4036,3,Chờ hơi lâu,2024-12-10 13:05
2086,4676,3,,2025-12-20 07:39
2087,2972,4,Sửa được nhưng phải chờ linh kiện,2025-06-28 16:06
2088,5244,4,Hài lòng nhưng chỗ ngồi chờ hơi chật,2025-04-27 08:01
2089,415,1,Mất phụ kiện kèm theo máy,2025-04-15 21:18
2090,7554,5,"Rất hài lòng, máy chạy tốt lại",2026-01-31 21:30
2091,5860,2,Trả máy trễ hẹn 3 ngày,2025-07-23 03:24
2092,3121,4,,2025-04-01 03:23
2093,6659,5,Kỹ thuật viên giải thích rõ ràng,2026-06-09 11:28
2094,1840,4,,2024-10-02 03:26
2095,2413,5,Trả máy đúng hẹn,2025-05-11 16:44
2096,4320,1,Trễ hẹn cả tuần không ai báo,2026-06-13 22:10
2097,5807,4,,2025-04-29 00:34
2098,4514,4,,2025-05-05 05:15
2099,7084,4,Hài lòng nhưng chỗ ngồi chờ hơi chật,2025-06-03 04:03
2100,6930,3,Tạm được,2025-09-20 04:39
2101,4437,1,Mất phụ kiện kèm theo máy,2025-01-06 16:47
2102,6145,5,Dịch vụ tốt sẽ quay lại,2026-07-13 10:07
2103,5376,3,,2025-03-03 05:12
2104,5919,5,"Rất hài lòng, máy chạy tốt lại",2025-07-22 16:20
2105,7222,4,"Ổn, chỉ hơi lâu một chút",2025-07-19 05:47
2106,5774,1,,2025-03-09 17:50
2107,63,4,"Tốt, giá hơi cao",2026-05-14 12:37
2108,5624,3,Bình thường,2024-10-01 17:08
2109,5963,2,Phải quay lại lần 2 mới xong,2025-04-23 12:48
2110,1456,5,Kỹ thuật viên giải thích rõ ràng,2026-06-02 09:00
2111,2587,5,,2025-11-06 23:13
2112,5146,3,Chờ hơi lâu,2026-01-11 22:36
2113,5703,5,Trả máy đúng hẹn,2026-06-05 18:00
2114,5680,5,"Rất hài lòng, máy chạy tốt lại",2025-04-08 18:00
2115,1156,4,Sửa được nhưng phải chờ linh kiện,2025-03-21 22:10
2116,3935,2,Gọi điện không ai nghe máy,2026-08-24 04:25
2117,3779,1,Sửa xong vẫn bị lỗi cũ,2026-08-21 23:08
2118,2584,1,,2024-11-30 11:53
2119,967,4,,2024-10-08 00:12
2120,5792,5,,2024-12-22 03:27
2121,2104,5,Kỹ thuật viên giải thích rõ ràng,2025-01-15 00:47
2122,7286,5,Dịch vụ tốt sẽ quay lại,2025-07-26 05:39
2123,6826,5,,2025-06-03 13:33
2124,5262,5,Kỹ thuật viên giải thích rõ ràng,2026-04-19 08:32
2125,1302,3,Máy sửa xong nhưng vẫn hơi nóng,2026-04-28 12:54
2126,831,3,,2025-10-03 23:47
2127,305,5,Kỹ thuật viên giải thích rõ ràng,2025-05-01 05:48
2128,1766,5,Trả máy đúng hẹn,2026-05-03 05:35
2129,6811,5,"Rất hài lòng, máy chạy tốt lại",2024-12-19 00:04
2130,4155,5,"Rất hài lòng, máy chạy tốt lại",2025-05-25 12:04
2131,4319,2,,2025-07-09 05:37
2132,1749,2,Gọi điện không ai nghe máy,2025-01-29 20:23
2133,5456,3,Bình thường,2026-03-05 09:25
2134,4296,5,"Nhân viên nhiệt tình, sửa nhanh",2025-09-02 23:57
2135,6068,5,,2026-05-30 19:06
2136,5923,4,,2026-08-27 02:35
2137,2258,4,"Tốt, giá hơi cao",2026-04-01 23:43
2138,1811,5,"Rất hài lòng, máy chạy tốt lại",2025-06-07 13:30
2139,7529,5,,2026-05-08 12:30
2140,4413,4,,2026-03-29 16:13
2141,1976,4,,2024-09-09 16:49
2142,2778,4,Hài lòng nhưng chỗ ngồi chờ hơi chật,2026-04-15 08:50
2143,6760,2,Trả máy trễ hẹn 3 ngày,2025-12-01 02:59
2144,2140,2,Gọi điện không ai nghe máy,2025-08-31 09:54
2145,800,5,Dịch vụ tốt sẽ quay lại,2026-05-15 13:26
2146,935,3,Tạm được,2025-08-20 12:41
2147,6739,5,,2024-12-03 05:27
2148,6376,5,Kỹ thuật viên giải thích rõ ràng,2024-12-28 14:21
2149,1553,1,Sửa xong vẫn bị lỗi cũ,2025-08-12 03:17
2150,42,5,Trả máy đúng hẹn,2024-11-27 23:53
2151,6211,4,"Tốt, giá hơi cao",2026-06-10 01:57
2152,1891,5,,2025-05-09 22:20
2153,7113,2,Gọi điện không ai nghe máy,2025-06-08 00:10
2154,4511,5,Dịch vụ tốt sẽ quay lại,2026-05-05 11:57
2155,7096,3,,2025-02-13 20:15
2156,52,5,Dịch vụ tốt sẽ quay lại,2025-03-19 01:26
2157,3992,5,"Nhân viên nhiệt tình, sửa nhanh",2026-02-24 03:41
2158,86,2,Phải quay lại lần 2 mới xong,2025-03-12 13:33
2159,7350,4,Hài lòng nhưng chỗ ngồi chờ hơi chật,2025-01-09 00:19
2160,2183,1,,2026-01-19 02:59
2161,2956,1,Sửa xong vẫn bị lỗi cũ,2026-05-09 01:09
2162,6181,4,,2025-05-07 20:53
2163,5384,5,"Nhân viên nhiệt tình, sửa nhanh",2024-12-02 00:18
2164,6038,5,"Nhân viên nhiệt tình, sửa nhanh",2026-05-04 12:57
2165,3262,3,Tạm được,2025-12-26 20:02
2166,986,3,Chờ hơi lâu,2025-03-17 20:32
2167,833,5,Kỹ thuật viên giải thích rõ ràng,2025-03-22 07:34
2168,2562,3,,2025-11-05 03:29
2169,5427,5,Trả máy đúng hẹn,2026-06-02 06:41
2170,3755,3,Máy sửa xong nhưng vẫn hơi nóng,2026-07-19 23:40
2171,5813,4,,2026-08-26 09:25
2172,7479,5,"Rất hài lòng, máy chạy tốt lại",2026-05-26 01:33
2173,40,1,Trễ hẹn cả tuần không ai báo,2025-11-03 17:38
2174,1147,5,Kỹ thuật viên giải thích rõ ràng,2025-07-01 10:23
2175,499,4,,2026-04-27 21:13
2176,7121,1,Trễ hẹn cả tuần không ai báo,2025-01-06 08:16
2177,2378,2,Trả máy trễ hẹn 3 ngày,2025-10-15 15:33
2178,3260,5,"Rất hài lòng, máy chạy tốt lại",2026-01-04 03:48
2179,4385,5,Dịch vụ tốt sẽ quay lại,2026-03-12 20:46
2180,2861,5,,2024-12-17 17:07
2181,5950,2,Trả máy trễ hẹn 3 ngày,2024-09-19 02:36
2182,2174,4,,2026-01-24 22:11
2183,2237,5,"Nhân viên nhiệt tình, sửa nhanh",2026-07-26 04:14
2184,2760,5,,2026-06-17 04:34
2185,4898,5,Trả máy đúng hẹn,2024-11-07 19:07
2186,2692,5,"Rất hài lòng, máy chạy tốt lại",2026-08-06 20:16
2187,5598,5,"Rất hài lòng, máy chạy tốt lại",2025-05-14 18:36
2188,71,5,,2025-03-04 11:39
2189,5749,4,Hài lòng nhưng chỗ ngồi chờ hơi chật,2025-03-13 19:42
2190,6005,5,Trả máy đúng hẹn,2025-12-19 06:25
2191,2649,5,"Rất hài lòng, máy chạy tốt lại",2025-04-11 08:03
2192,198,5,Dịch vụ tốt sẽ quay lại,2025-03-22 20:26
2193,7132,5,Trả máy đúng hẹn,2024-11-16 01:44
2194,7072,5,"Rất hài lòng, máy chạy tốt lại",2025-01-19 21:43
2195,1786,3,,2026-02-20 04:53
2196,3765,5,Trả máy đúng hẹn,2025-02-19 19:05
2197,7111,4,Sửa được nhưng phải chờ linh kiện,2024-11-16 13:00
2198,1813,3,,2025-06-17 15:14
2199,5519,1,Trễ hẹn cả tuần không ai báo,2026-04-01 06:24
2200,7168,4,"Ổn, chỉ hơi lâu một chút",2026-04-10 11:41
2201,5796,2,Phải quay lại lần 2 mới xong,2026-06-11 20:49
2202,343,4,"Tốt, giá hơi cao",2024-09-22 02:31
2203,3307,4,,2025-11-11 15:11
2204,4361,5,Dịch vụ tốt sẽ quay lại,2025-04-03 02:17
2205,7465,5,Dịch vụ tốt sẽ quay lại,2024-12-05 21:37
2206,6167,4,Hài lòng nhưng chỗ ngồi chờ hơi chật,2026-04-13 01:17
2207,2499,1,Mất phụ kiện kèm theo máy,2025-08-19 11:28
2208,1728,5,,2025-11-06 08:33
2209,1628,4,"Ổn, chỉ hơi lâu một chút",2024-11-29 08:03
2210,3666,4,"Tốt, giá hơi cao",2025-01-06 02:46
2211,2116,5,"Nhân viên nhiệt tình, sửa nhanh",2026-05-30 23:52
2212,5612,5,,2025-12-03 13:26
2213,1994,5,"Nhân viên nhiệt tình, sửa nhanh",2025-03-26 01:43
2214,2355,4,,2026-08-27 19:38
2215,5917,2,,2025-12-21 22:40
2216,5744,4,,2026-03-08 10:06
2217,2030,5,,2026-02-01 20:58
2218,4661,2,Phải quay lại lần 2 mới xong,2024-11-10 12:47
2219,1858,5,"Nhân viên nhiệt tình, sửa nhanh",2024-10-11 22:14
2220,839,5,,2025-12-06 12:11
2221,3684,5,"Nhân viên nhiệt tình, sửa nhanh",2024-10-08 19:27
2222,6491,4,Hài lòng nhưng chỗ ngồi chờ hơi chật,2024-11-20 03:41
2223,2550,2,Nhân viên trả lời không rõ ràng,2025-10-05 01:56
2224,4248,3,Chờ hơi lâu,2026-01-14 14:43
2225,6672,3,,2025-09-04 05:56
2226,1021,5,"Rất hài lòng, máy chạy tốt lại",2026-03-12 18:40
2227,7405,5,,2025-03-21 18:24
2228,2164,5,"Nhân viên nhiệt tình, sửa nhanh",2025-12-08 20:03
2229,2567,5,Trả máy đúng hẹn,2025-09-13 21:03
2230,7009,5,,2024-12-05 03:49
2231,2117,5,"Rất hài lòng, máy chạy tốt lại",2026-02-01 07:42
2232,3658,3,,2025-03-04 22:16
2233,1735,1,Mất phụ kiện kèm theo máy,2026-01-15 11:24
2234,2734,4,Sửa được nhưng phải chờ linh kiện,2025-10-12 09:53
2235,5535,2,,2026-07-18 18:22
2236,1497,1,Sửa xong vẫn bị lỗi cũ,2024-12-10 00:29
2237,7750,1,Thái độ nhân viên không tốt,2025-12-08 22:08
2238,1886,4,Sửa được nhưng phải chờ linh kiện,2025-02-09 07:08
2239,3060,1,,2026-08-20 02:00
2240,4622,4,,2025-12-10 05:49
2241,5449,5,Trả máy đúng hẹn,2025-04-23 05:06
2242,4968,2,Phải quay lại lần 2 mới xong,2024-10-02 12:05
2243,4902,4,"Ổn, chỉ hơi lâu một chút",2025-03-24 13:10
2244,3875,4,"Tốt, giá hơi cao",2025-12-07 01:35
2245,3113,5,Trả máy đúng hẹn,2024-10-04 18:14
2246,1426,5,"Rất hài lòng, máy chạy tốt lại",2024-10-30 02:49
2247,2619,1,,2026-02-21 01:59
2248,1525,1,Thái độ nhân viên không tốt,2024-09-10 12:01
2249,949,2,,2026-07-17 17:25
2250,4665,4,"Tốt, giá hơi cao",2026-01-26 05:18
2251,834,3,Tạm được,2024-10-27 18:59
2252,4999,5,Trả máy đúng hẹn,2024-10-05 13:10
2253,7493,5,Dịch vụ tốt sẽ quay lại,2026-05-06 00:59
2254,7538,5,Dịch vụ tốt sẽ quay lại,2026-04-12 17:34
2255,7591,3,,2025-09-02 17:05
2256,988,5,Trả máy đúng hẹn,2026-03-21 00:52
2257,620,5,Kỹ thuật viên giải thích rõ ràng,2026-07-21 04:58
2258,1412,1,Thái độ nhân viên không tốt,2025-06-13 12:14
2259,898,5,,2026-06-22 17:16
2260,2773,3,,2024-11-28 20:59
2261,7206,5,"Nhân viên nhiệt tình, sửa nhanh",2026-08-16 02:13
2262,990,4,"Tốt, giá hơi cao",2025-10-17 11:18
2263,50,5,,2025-10-03 22:57
2264,6388,5,Trả máy đúng hẹn,2025-09-24 11:39
2265,5479,5,"Rất hài lòng, máy chạy tốt lại",2025-04-08 21:34
2266,2470,4,"Tốt, giá hơi cao",2025-12-01 19:15
2267,7702,4,Sửa được nhưng phải chờ linh kiện,2025-02-10 18:11
2268,7291,4,,2025-03-21 07:16
2269,1867,2,Nhân viên trả lời không rõ ràng,2024-12-23 01:22
2270,5884,3,Chờ hơi lâu,2025-08-28 00:45
2271,6335,5,"Rất hài lòng, máy chạy tốt lại",2025-02-26 07:52
2272,295,5,"Rất hài lòng, máy chạy tốt lại",2024-11-17 01:56
2273,718,3,,2024-09-06 20:15
2274,6834,3,Chờ hơi lâu,2026-08-24 16:58
2275,4796,3,Tạm được,2024-10-03 19:09
2276,7523,4,"Tốt, giá hơi cao",2024-10-05 16:34
2277,2984,3,Tạm được,2025-10-05 16:56
2278,3304,5,"Nhân viên nhiệt tình, sửa nhanh",2025-05-08 21:29
2279,7420,5,"Rất hài lòng, máy chạy tốt lại",2025-07-28 07:51
2280,675,5,Dịch vụ tốt sẽ quay lại,2025-04-30 23:00
2281,5504,3,,2025-06-25 12:43
2282,1101,5,Trả máy đúng hẹn,2026-07-31 15:57
2283,1102,4,"Tốt, giá hơi cao",2026-05-25 18:27
2284,3787,1,Sửa xong vẫn bị lỗi cũ,2026-04-11 16:04
2285,1563,5,"Nhân viên nhiệt tình, sửa nhanh",2024-10-07 05:18
2286,1005,3,Tạm được,2025-10-09 19:35
2287,548,4,"Tốt, giá hơi cao",2025-06-20 01:47
2288,1706,4,,2024-09-11 16:47
2289,3514,5,Dịch vụ tốt sẽ quay lại,2025-09-27 06:13
2290,3821,5,Kỹ thuật viên giải thích rõ ràng,2026-03-04 19:28
2291,2484,5,"Nhân viên nhiệt tình, sửa nhanh",2026-07-04 11:05
2292,2150,5,"Rất hài lòng, máy chạy tốt lại",2026-02-28 08:06
2293,1554,3,Tạm được,2026-07-22 21:11
2294,1940,5,Dịch vụ tốt sẽ quay lại,2025-05-25 03:32
2295,1382,5,,2026-08-31 09:45
2296,115,5,Dịch vụ tốt sẽ quay lại,2026-07-18 17:03
2297,2880,5,Kỹ thuật viên giải thích rõ ràng,2025-01-27 23:12
2298,6023,4,"Tốt, giá hơi cao",2024-11-24 21:53
2299,7390,2,Phải quay lại lần 2 mới xong,2026-02-17 21:53
2300,3080,5,,2025-11-05 01:38
2301,7074,5,Trả máy đúng hẹn,2025-09-05 13:45
2302,7611,4,"Ổn, chỉ hơi lâu một chút",2026-08-05 10:48
2303,6016,5,"Rất hài lòng, máy chạy tốt lại",2026-01-28 22:50
2304,2210,4,,2024-12-17 12:05
2305,1738,5,,2025-09-30 21:42
2306,1868,5,,2024-09-23 04:36
2307,68,5,Trả máy đúng hẹn,2025-08-19 12:57
2308,5682,5,,2025-02-10 17:57
2309,3383,3,Bình thường,2025-03-05 15:50
2310,2685,3,Máy sửa xong nhưng vẫn hơi nóng,2026-06-01 01:02
2311,7705,4,,2025-02-28 14:18
2312,2731,5,,2025-03-13 05:33
2313,3380,3,Máy sửa xong nhưng vẫn hơi nóng,2025-12-17 13:06
2314,6560,5,"Nhân viên nhiệt tình, sửa nhanh",2026-05-16 09:13
2315,3037,3,,2024-11-19 08:07
2316,6034,5,Trả máy đúng hẹn,2026-06-11 02:47
2317,5211,5,Kỹ thuật viên giải thích rõ ràng,2025-06-08 15:55
2318,7328,5,"Nhân viên nhiệt tình, sửa nhanh",2025-10-05 22:22
2319,711,5,,2026-07-04 23:03
2320,3906,5,"Rất hài lòng, máy chạy tốt lại",2025-03-21 03:49
2321,3857,4,,2026-06-10 22:36
2322,6847,3,Tạm được,2025-10-13 18:47
2323,1300,5,Trả máy đúng hẹn,2026-01-07 08:44
2324,5019,4,Hài lòng nhưng chỗ ngồi chờ hơi chật,2026-07-08 19:02
2325,2905,3,,2024-12-05 22:17
2326,81,2,Gọi điện không ai nghe máy,2025-05-12 02:38
2327,5977,3,,2025-10-15 17:37
2328,894,5,Dịch vụ tốt sẽ quay lại,2026-06-04 23:28
2329,7662,4,"Ổn, chỉ hơi lâu một chút",2025-11-10 00:34
2330,4063,5,,2026-01-03 19:04
2331,2370,5,,2024-11-02 22:05
2332,411,3,Chờ hơi lâu,2026-05-18 15:57
2333,6326,4,,2026-03-23 13:36
2334,961,4,Hài lòng nhưng chỗ ngồi chờ hơi chật,2024-10-08 19:33
2335,5282,1,Thái độ nhân viên không tốt,2026-05-19 08:21
2336,2487,5,"Nhân viên nhiệt tình, sửa nhanh",2025-04-10 02:43
2337,6221,5,Kỹ thuật viên giải thích rõ ràng,2025-05-02 05:03
2338,3154,4,"Ổn, chỉ hơi lâu một chút",2026-05-08 19:47
2339,5811,2,Phải quay lại lần 2 mới xong,2025-08-23 07:59
2340,1299,3,Chờ hơi lâu,2025-03-05 01:25
2341,3552,3,,2025-11-03 23:15
2342,3814,4,"Ổn, chỉ hơi lâu một chút",2025-06-15 03:01
2343,5663,3,,2025-02-11 09:05
2344,7774,5,Kỹ thuật viên giải thích rõ ràng,2026-03-04 04:46
2345,7609,4,Sửa được nhưng phải chờ linh kiện,2026-03-06 20:38
2346,4925,5,,2025-04-15 04:50
2347,4047,4,"Ổn, chỉ hơi lâu một chút",2025-12-03 11:15
2348,7054,1,Mất phụ kiện kèm theo máy,2026-01-19 22:04
2349,3077,4,,2024-10-16 20:11
2350,5571,5,,2025-08-01 00:22
2351,3005,5,,2025-06-13 08:35
2352,2694,1,,2024-11-16 18:45
2353,4960,5,,2024-11-16 05:41
2354,3611,5,,2025-03-16 13:31
2355,2316,4,Hài lòng nhưng chỗ ngồi chờ hơi chật,2025-09-19 20:31
2356,1951,5,Dịch vụ tốt sẽ quay lại,2025-12-05 10:22
2357,3632,5,,2025-05-10 22:57
2358,5053,3,,2026-08-19 15:53
2359,2444,2,Trả máy trễ hẹn 3 ngày,2026-03-18 07:05
2360,3439,5,Kỹ thuật viên giải thích rõ ràng,2025-12-14 04:15
2361,2966,4,"Ổn, chỉ hơi lâu một chút",2024-11-27 06:00
2362,179,3,Máy sửa xong nhưng vẫn hơi nóng,2024-12-20 16:19
2363,635,5,"Rất hài lòng, máy chạy tốt lại",2025-07-12 00:26
2364,4071,5,"Nhân viên nhiệt tình, sửa nhanh",2026-07-12 05:40
2365,6350,3,Máy sửa xong nhưng vẫn hơi nóng,2025-03-12 11:54
2366,3879,5,Kỹ thuật viên giải thích rõ ràng,2026-08-18 15:33
2367,6455,3,Máy sửa xong nhưng vẫn hơi nóng,2025-04-12 04:48
2368,4680,5,Trả máy đúng hẹn,2026-05-27 11:23
2369,7333,5,,2026-06-14 08:25
2370,7148,2,,2025-08-20 06:00
2371,4261,5,Dịch vụ tốt sẽ quay lại,2024-11-24 08:55
2372,3433,4,"Ổn, chỉ hơi lâu một chút",2025-08-11 18:06
2373,860,5,Trả máy đúng hẹn,2025-12-01 17:36
2374,5269,4,,2024-12-21 02:16
2375,5477,2,Phải quay lại lần 2 mới xong,2025-02-26 23:33
2376,1535,5,Kỹ thuật viên giải thích rõ ràng,2026-04-24 19:50
2377,7004,5,"Nhân viên nhiệt tình, sửa nhanh",2025-01-06 10:19
2378,1163,1,,2025-12-26 07:55
2379,1825,4,,2025-07-10 10:22
2380,1223,4,Sửa được nhưng phải chờ linh kiện,2026-06-29 21:56
2381,852,5,Kỹ thuật viên giải thích rõ ràng,2026-02-22 05:21
2382,3908,5,"Nhân viên nhiệt tình, sửa nhanh",2025-10-24 22:26
2383,7769,5,"Rất hài lòng, máy chạy tốt lại",2024-10-23 05:55
2384,350,5,Trả máy đúng hẹn,2024-12-11 00:09
2385,5730,3,Bình thường,2026-03-27 09:57
2386,7243,4,"Tốt, giá hơi cao",2026-06-24 19:42
2387,6201,4,"Tốt, giá hơi cao",2024-10-11 05:10
2388,1006,3,Máy sửa xong nhưng vẫn hơi nóng,2025-02-09 23:19
2389,7487,4,,2024-10-23 19:07
2390,3116,4,"Tốt, giá hơi cao",2026-09-02 04:20
2391,2501,5,Trả máy đúng hẹn,2025-05-06 01:15
2392,4788,5,Kỹ thuật viên giải thích rõ ràng,2026-07-16 08:38
2393,7624,5,"Rất hài lòng, máy chạy tốt lại",2025-09-22 02:36
2394,5341,1,,2026-03-10 00:58
2395,1646,5,Trả máy đúng hẹn,2025-02-13 22:38
2396,652,3,Bình thường,2025-06-03 19:25
2397,2110,4,,2026-08-26 16:27
2398,7519,3,Bình thường,2026-04-13 00:11
2399,2568,4,Sửa được nhưng phải chờ linh kiện,2025-06-03 23:57
2400,631,3,,2025-01-28 23:35
2401,388,2,Phải quay lại lần 2 mới xong,2024-12-28 22:16
2402,6230,5,,2025-03-16 17:42
2403,6396,5,,2024-10-21 00:13
2404,5355,5,"Nhân viên nhiệt tình, sửa nhanh",2026-08-02 18:23
2405,4560,4,Sửa được nhưng phải chờ linh kiện,2025-06-23 18:33
2406,5736,5,,2025-04-07 23:57
2407,5351,5,,2025-12-05 05:44
2408,338,4,,2024-12-21 21:44
2409,4891,5,"Nhân viên nhiệt tình, sửa nhanh",2026-05-29 10:51
2410,820,4,"Ổn, chỉ hơi lâu một chút",2025-05-17 13:17
2411,7691,5,,2026-09-06 13:32
2412,4632,4,,2025-05-17 06:08
2413,322,2,Gọi điện không ai nghe máy,2026-08-31 18:07
2414,7368,4,"Ổn, chỉ hơi lâu một chút",2025-09-16 04:56
2415,2496,5,Trả máy đúng hẹn,2026-01-25 22:59
2416,4677,1,Thái độ nhân viên không tốt,2025-07-13 06:44
2417,7469,5,,2025-06-18 02:29
2418,2411,3,Máy sửa xong nhưng vẫn hơi nóng,2026-05-08 16:08
2419,1913,5,Dịch vụ tốt sẽ quay lại,2025-02-16 14:19
2420,3606,5,Trả máy đúng hẹn,2026-05-22 20:10
2421,1615,5,"Rất hài lòng, máy chạy tốt lại",2025-06-12 14:15
2422,4092,5,,2025-05-12 02:18
2423,6199,5,Dịch vụ tốt sẽ quay lại,2025-10-16 07:51
2424,6327,4,"Tốt, giá hơi cao",2025-08-04 02:06
2425,3474,4,Sửa được nhưng phải chờ linh kiện,2025-06-30 08:30
2426,2575,5,"Nhân viên nhiệt tình, sửa nhanh",2025-11-06 06:44
2427,1664,4,,2025-11-15 23:00
2428,7595,5,Kỹ thuật viên giải thích rõ ràng,2025-05-10 13:34
2429,3974,3,Máy sửa xong nhưng vẫn hơi nóng,2024-12-18 05:55
2430,2419,5,"Nhân viên nhiệt tình, sửa nhanh",2025-11-11 04:21
2431,2120,4,Sửa được nhưng phải chờ linh kiện,2025-04-01 06:42
2432,3842,4,,2026-04-12 23:38
2433,3496,4,,2026-07-09 02:33
2434,6152,1,Thái độ nhân viên không tốt,2025-03-22 00:23
2435,2135,5,,2025-10-24 07:49
2436,526,5,,2025-06-01 19:18
2437,6942,3,Bình thường,2025-04-26 01:45
2438,7024,5,Dịch vụ tốt sẽ quay lại,2024-09-29 23:32
2439,2552,1,Thái độ nhân viên không tốt,2025-01-26 10:23
2440,6012,5,,2024-10-16 20:25
2441,5051,4,Hài lòng nhưng chỗ ngồi chờ hơi chật,2024-12-25 02:49
2442,404,4,Hài lòng nhưng chỗ ngồi chờ hơi chật,2025-07-14 11:20
2443,1967,5,,2026-01-02 00:25
2444,6552,4,Hài lòng nhưng chỗ ngồi chờ hơi chật,2025-05-19 02:22
2445,1778,2,Nhân viên trả lời không rõ ràng,2025-02-04 16:04
2446,617,5,Dịch vụ tốt sẽ quay lại,2026-07-15 10:04
2447,3870,4,Sửa được nhưng phải chờ linh kiện,2025-08-24 08:45
2448,186,4,,2025-11-18 01:50
2449,7418,4,"Ổn, chỉ hơi lâu một chút",2026-01-27 23:10
2450,4782,3,Máy sửa xong nhưng vẫn hơi nóng,2024-09-06 03:41
2451,4015,2,Nhân viên trả lời không rõ ràng,2026-05-01 01:45
2452,4017,5,Dịch vụ tốt sẽ quay lại,2024-11-14 03:50
2453,1609,5,Kỹ thuật viên giải thích rõ ràng,2025-08-30 05:41
2454,1109,5,"Rất hài lòng, máy chạy tốt lại",2026-08-02 07:06
2455,2826,2,Gọi điện không ai nghe máy,2025-08-01 04:57
2456,4201,5,Dịch vụ tốt sẽ quay lại,2025-03-12 10:46
2457,76,5,Trả máy đúng hẹn,2025-10-23 10:11
2458,1293,4,Hài lòng nhưng chỗ ngồi chờ hơi chật,2024-09-12 20:57
2459,3302,4,,2024-11-01 03:12
2460,2085,5,"Nhân viên nhiệt tình, sửa nhanh",2025-06-05 03:03
2461,3950,5,"Nhân viên nhiệt tình, sửa nhanh",2025-10-25 07:09
2462,1784,5,Trả máy đúng hẹn,2026-03-26 13:41
2463,553,5,Kỹ thuật viên giải thích rõ ràng,2025-04-20 17:19
2464,996,5,Dịch vụ tốt sẽ quay lại,2025-03-15 07:16
2465,5372,5,"Rất hài lòng, máy chạy tốt lại",2026-04-09 16:58
2466,6218,4,Sửa được nhưng phải chờ linh kiện,2025-09-16 11:18
2467,5768,5,"Rất hài lòng, máy chạy tốt lại",2025-05-24 04:38
2468,1597,3,,2026-06-03 23:42
2469,6458,2,,2025-05-19 14:23
2470,2023,3,Máy sửa xong nhưng vẫn hơi nóng,2026-02-13 19:10
2471,4840,5,"Rất hài lòng, máy chạy tốt lại",2025-06-24 08:48
2472,537,5,Kỹ thuật viên giải thích rõ ràng,2026-03-13 01:44
2473,6004,5,,2026-08-17 17:40
2474,509,5,,2025-02-07 01:27
2475,5775,5,Kỹ thuật viên giải thích rõ ràng,2025-09-14 02:56
2476,3300,3,,2025-01-26 05:54
2477,6054,5,,2026-06-12 18:14
2478,2623,5,Trả máy đúng hẹn,2024-12-14 08:26
2479,4874,3,,2025-03-11 23:59
2480,1430,4,"Tốt, giá hơi cao",2026-04-02 01:08
2481,1859,5,Kỹ thuật viên giải thích rõ ràng,2024-10-30 01:59
2482,5846,4,"Ổn, chỉ hơi lâu một chút",2026-01-17 02:43
2483,2417,2,Trả máy trễ hẹn 3 ngày,2025-09-15 21:23
2484,7198,4,Hài lòng nhưng chỗ ngồi chờ hơi chật,2026-01-26 17:17
2485,2841,3,,2025-10-18 20:21
2486,824,5,"Nhân viên nhiệt tình, sửa nhanh",2026-04-05 00:10
2487,1493,5,"Rất hài lòng, máy chạy tốt lại",2025-04-03 06:17
2488,3693,5,Trả máy đúng hẹn,2025-10-25 22:47
2489,4095,4,"Tốt, giá hơi cao",2026-02-28 13:59
2490,6697,4,,2026-06-05 19:50
2491,1959,2,,2026-01-27 15:36
2492,2605,5,"Rất hài lòng, máy chạy tốt lại",2025-06-01 18:46
2493,3871,2,,2026-08-07 17:17
2494,6063,5,,2025-12-23 13:17
2495,2471,2,Trả máy trễ hẹn 3 ngày,2025-02-18 01:14
2496,2572,5,"Nhân viên nhiệt tình, sửa nhanh",2026-05-16 14:47
2497,3884,5,"Rất hài lòng, máy chạy tốt lại",2026-06-02 14:55
2498,595,3,Bình thường,2026-05-09 22:12
2499,5662,4,"Tốt, giá hơi cao",2026-07-24 22:15
2500,7149,5,"Nhân viên nhiệt tình, sửa nhanh",2025-01-02 09:17
2501,687,5,Kỹ thuật viên giải thích rõ ràng,2025-02-14 18:10
2502,3098,4,Sửa được nhưng phải chờ linh kiện,2024-12-22 23:21
2503,2610,3,Tạm được,2026-07-24 22:14
2504,5490,4,"Tốt, giá hơi cao",2025-01-14 07:21
2505,648,5,Dịch vụ tốt sẽ quay lại,2026-01-15 14:26
2506,2059,4,"Tốt, giá hơi cao",2025-10-21 13:26
2507,6567,2,Nhân viên trả lời không rõ ràng,2026-06-16 16:44
2508,2521,5,,2026-06-09 21:31
2509,4392,5,,2026-03-15 22:29
2510,7710,5,,2025-12-21 13:44
2511,1355,4,"Tốt, giá hơi cao",2026-04-03 23:13
2512,6708,1,Thái độ nhân viên không tốt,2025-01-24 11:12
2513,3272,3,Chờ hơi lâu,2026-05-02 00:41
2514,4105,5,Kỹ thuật viên giải thích rõ ràng,2025-12-08 19:42
2515,1154,5,"Rất hài lòng, máy chạy tốt lại",2026-07-27 02:20
2516,1385,5,Kỹ thuật viên giải thích rõ ràng,2025-10-03 06:39
2517,4860,4,,2024-10-08 11:03
2518,5871,4,Hài lòng nhưng chỗ ngồi chờ hơi chật,2024-11-10 22:13
2519,6244,4,Sửa được nhưng phải chờ linh kiện,2025-07-20 09:39
2520,2626,5,"Nhân viên nhiệt tình, sửa nhanh",2026-07-08 20:50
2521,7085,3,Bình thường,2026-06-07 16:45
2522,6859,5,,2026-07-22 20:47
2523,4596,4,"Ổn, chỉ hơi lâu một chút",2024-11-01 19:09
2524,4819,5,,2025-03-09 01:26
2525,2047,1,,2025-06-29 07:46
2526,2286,5,Dịch vụ tốt sẽ quay lại,2024-12-21 18:24
2527,6007,1,,2026-08-01 13:11
2528,6686,5,"Nhân viên nhiệt tình, sửa nhanh",2025-10-23 17:49
2529,5176,5,"Rất hài lòng, máy chạy tốt lại",2025-01-06 06:42
2530,2380,5,,2025-05-20 03:33
2531,674,2,,2026-08-19 21:33
2532,1007,4,Hài lòng nhưng chỗ ngồi chờ hơi chật,2025-08-13 20:26
2533,5423,4,,2024-11-15 08:35
2534,6940,5,Trả máy đúng hẹn,2026-01-28 07:34
2535,5040,5,"Nhân viên nhiệt tình, sửa nhanh",2024-11-12 22:26
2536,3954,5,,2025-04-02 03:27
2537,2687,5,Kỹ thuật viên giải thích rõ ràng,2025-10-26 16:04
2538,291,5,Trả máy đúng hẹn,2026-03-29 08:09
2539,79,5,"Nhân viên nhiệt tình, sửa nhanh",2025-01-01 23:36
2540,1972,5,Trả máy đúng hẹn,2026-02-06 03:58
2541,743,5,Trả máy đúng hẹn,2026-06-29 17:50
2542,1486,5,,2025-11-13 20:20
2543,2189,4,Sửa được nhưng phải chờ linh kiện,2025-12-31 14:52
2544,6759,5,,2025-12-09 22:44
2545,1527,5,Kỹ thuật viên giải thích rõ ràng,2025-01-21 22:44
2546,1379,5,"Rất hài lòng, máy chạy tốt lại",2024-11-06 17:33
2547,151,5,Trả máy đúng hẹn,2026-04-10 09:37
2548,6827,4,Hài lòng nhưng chỗ ngồi chờ hơi chật,2026-04-27 14:31
2549,5852,5,Kỹ thuật viên giải thích rõ ràng,2024-12-29 00:06
2550,2382,2,Gọi điện không ai nghe máy,2025-05-10 13:54
2551,2268,5,Kỹ thuật viên giải thích rõ ràng,2025-05-07 09:59
2552,555,5,Dịch vụ tốt sẽ quay lại,2025-06-30 18:57
2553,5865,3,Bình thường,2026-09-04 12:31
2554,3232,5,Trả máy đúng hẹn,2026-04-22 02:23
2555,745,5,"Nhân viên nhiệt tình, sửa nhanh",2026-07-21 05:40
2556,1795,5,Dịch vụ tốt sẽ quay lại,2025-04-11 08:51
2557,360,4,,2024-10-18 07:52
2558,10,4,,2024-12-27 05:23
2559,395,1,Thái độ nhân viên không tốt,2025-10-24 22:24
2560,5208,4,Hài lòng nhưng chỗ ngồi chờ hơi chật,2026-08-16 21:06
2561,1789,5,,2025-07-10 13:21
2562,6615,1,Thái độ nhân viên không tốt,2025-12-25 23:51
2563,5658,1,Sửa xong vẫn bị lỗi cũ,2025-10-30 09:00
2564,7549,4,,2026-08-22 10:46
2565,6846,3,Máy sửa xong nhưng vẫn hơi nóng,2026-08-23 12:35
2566,3902,1,,2026-06-25 13:00
2567,1700,5,"Rất hài lòng, máy chạy tốt lại",2026-03-12 07:00
2568,5222,3,Bình thường,2026-01-22 01:27
2569,1547,2,Phải quay lại lần 2 mới xong,2024-11-12 03:31
2570,6324,3,Tạm được,2026-04-17 18:38
2571,2441,4,"Tốt, giá hơi cao",2025-05-13 12:24
2572,5270,5,Trả máy đúng hẹn,2025-10-03 04:02
2573,35,2,Trả máy trễ hẹn 3 ngày,2026-08-01 17:00
2574,4618,3,,2025-10-02 07:33
2575,6011,5,,2025-08-23 07:20
2576,1271,3,,2025-09-01 08:47
2577,3714,5,Dịch vụ tốt sẽ quay lại,2025-12-29 04:55
2578,799,4,"Tốt, giá hơi cao",2025-12-30 15:28
2579,3827,3,,2025-07-09 08:13
2580,546,5,Dịch vụ tốt sẽ quay lại,2024-12-11 05:47
2581,1023,5,Dịch vụ tốt sẽ quay lại,2024-11-06 08:10
2582,4370,5,,2025-02-03 00:28
2583,7284,4,Sửa được nhưng phải chờ linh kiện,2025-03-28 18:59
2584,282,3,Tạm được,2024-09-23 23:12
2585,2597,5,,2026-04-29 21:49
2586,6631,5,Trả máy đúng hẹn,2026-04-13 14:51
2587,4711,5,Dịch vụ tốt sẽ quay lại,2025-08-31 14:36
2588,4982,3,Máy sửa xong nhưng vẫn hơi nóng,2026-02-13 01:59
2589,3946,4,Sửa được nhưng phải chờ linh kiện,2025-08-14 16:52
2590,4340,3,Chờ hơi lâu,2026-04-10 09:09
2591,6284,5,,2025-11-08 16:06
2592,2157,3,Bình thường,2024-09-18 20:21
2593,1040,2,,2025-11-20 04:11
2594,3371,5,,2026-05-23 00:38
2595,3267,5,,2025-05-19 22:10
2596,886,2,,2026-01-11 03:57
2597,1247,5,,2026-06-11 04:13
2598,3104,3,Chờ hơi lâu,2026-08-18 15:57
2599,3365,3,,2025-12-24 18:13
2600,2256,1,Trễ hẹn cả tuần không ai báo,2026-02-25 18:51
